ID,Category,Language,Genre,Genre2,Pubdate,Author_Last,Author_First,Author_First_Reviewed,Author_Last_Reviewed,Work_Title,Translation,PubHouse,Prize,WinnerShortlist,Author_Gender,Author_Nationality,token_count,total_characters,protagonist_concentration,avg_sentence_length,avg_word_length,tuldava_score,event_count,speed_avg,circuitousness,speed_min,volume,goodreads_avg,total_ratings,goodreads_URL,Probability1P
[Heist Society 2] Uncommon Criminals - Ally Carter.txt,FIC,English,YA,,2011,Carter,Ally,Ally,Carter,UncommonCriminals,,,,,F,,80392,34,0.3429017161,14.10633444,4.129570587,3.310711758,4796,-2.4068,0.17579,-2.5826,-3.0142,4.13,42102,https://www.goodreads.com/search?q=Ally+Carter+Uncommon+Criminals,0
"2001_2011_Wilson,RobertCharles_TheChronoliths_SF.txt",FIC,English,SF,,2001,Wilson,RobertCharles,Robert Charles,Wilson,TheChronoliths,,,,,M,US/Canada,103230,34,0.1503325942,15.35018587,4.309160527,3.704009131,4039,-2.2599,0.23048,-2.4904,-2.9521,3.67,5136,https://www.goodreads.com/search?q=+The+Chronoliths,1
"2001_Martel,Yann_LifeofPi_BS.txt",FIC,English,BS,,2001,Yann,Martel,Martel,Yann,LifeofPi,,,,,M,Spain/Canada,124445,27,0.2757201646,13.90291588,4.17421682,3.460663516,5129,-2.1545,0.15124,-2.3057,-2.83,3.93,1480498,https://www.goodreads.com/search?q=+Lifeof+Pi,1
"2002_2011_Anderson,MT_Feed_SF.txt",FIC,English,SF,YA,2002,Anderson,MT,MT,Anderson,Feed,,,,,M,US,67075,14,0.2830985915,12.1490672,3.889661036,2.90921221,3479,-2.3438,0.13506,-2.4788,-2.8989,3.56,61346,https://www.goodreads.com/search?q=MT+Anderson+Feed,1
"2002_Baker,Jo_Offcomer_CT.txt",FIC,English,NYT,,2002,Baker,Jo,Jo,Baker,Offcomer,,,,,F,UK,88042,24,0.4313583815,12.63700301,4.226161148,3.183173149,6314,-2.1152,0.26496,-2.3801,-2.8866,2.58,145,https://www.goodreads.com/search?q=Jo+Baker+Offcomer,0
"2002_Kidd,SueMonk_TheSecretLifeofBees_BS.txt",FIC,English,BS,,2002,SueMonk,Kidd,Sue Monk,Kidd,TheSecretLifeofBees,,,,,F,US,114053,45,0.1642512077,15.93364068,3.975255078,3.398069579,7204,-2.3821,0.19713,-2.5792,-3.0648,4.07,1203836,https://www.goodreads.com/search?q=+The+Secret+Lifeof+Bees,1
"2002_Sebold,Alice_LovelyBones_BS.txt",FIC,English,BS,,2002,Alice,Sebold,Alice,Sebold,LovelyBones,,,,,F,US,118470,48,0.1983935743,16.34745412,4.102430815,3.570598412,6884,-2.3458,0.20992,-2.5557,-3.0493,3.83,2185111,https://www.goodreads.com/search?q=Sebold+Alice+Lovely+Bones,1
"2003_Hosseini,Khaled_TheKiteRunner_BS.txt",FIC,English,BS,,2003,Khaled,Hosseini,Khaled,Hosseini,TheKiteRunner,,,,,M,Afghanistan/US,133511,65,0.2069510269,13.91174325,4.071338675,3.286319258,8770,-2.2408,0.20092,-2.4417,-2.9666,4.32,2765961,https://www.goodreads.com/search?q=Hosseini+Khaled+The+Kite+Runner,1
"2003_Landay,William_MissionFlats_MY.txt",FIC,English,MY,,2003,Landay,William,William,Landay,MissionFlats,,,,,M,US,150447,66,0.1104218362,12.47280716,4.098436836,3.141344759,6061,-2.1397,0.26245,-2.4021,-2.9433,3.56,4517,https://www.goodreads.com/search?q=William+Landay+Mission+Flats,1
"2003_Low,Gennita_IntoDanger_ROM.txt",FIC,English,ROM,,2003,Low,Gennita,Gennita,Low,IntoDanger,,,,,F,US,152074,34,0.2742374728,12.94797786,4.189074732,3.329391064,9268,-2.3083,0.2437,-2.552,-3.0897,4.02,602,https://www.goodreads.com/search?q=Gennita+Low+Into+Danger,0
"2004_Mitchell,David_CloudAtlas_BS.txt",FIC,English,BS,,2004,David,Mitchell,David,Mitchell,CloudAtlas,,,,,M,UK,205995,171,0.0819710969,15.53155395,4.349094073,3.657667112,9072,-2.2454,0.17764,-2.4231,-2.9738,4,234149,https://www.goodreads.com/search?q=Mitchell+David+Cloud+Atlas,1
"2004_Picoult,Jodi_MySistersKeeper_BS.txt",FIC,English,BS,,2004,Jodi,Picoult,Jodi,Picoult,MySistersKeeper,,,,,F,US,162966,44,0.2913030394,14.92909491,3.961208577,3.286374299,7393,-2.3783,0.20985,-2.5881,-3.1141,4.09,1134505,https://www.goodreads.com/search?q=Picoult+Jodi+My+Sisters+Keeper,1
"2004_Weatherford,Jack_GenghisKhanandtheMakingoftheModernWorld_HIST.txt",NON,English,HIST,,2004,Weatherford,Jack,Jack,Weatherford,GenghisKhanandtheMakingoftheModernWorld,,,,,M,US,129875,70,0.3096306524,29.12648576,4.793154391,5.377591086,2223,-2.2094,0.12911,-2.3385,-2.8735,4.01,65199,https://www.goodreads.com/search?q=+Genghis+Khanandthe+Makingofthe+Modern+World,0
"2005_Banville,John_TheSea_PW.txt",FIC,English,PW,,2005,Banville,John,John,Banville,TheSea,,Picador,TheManBookerPrize,Winner,M,Ireland,71985,22,0.1774891775,25.23133544,4.215528953,4.399526537,3199,-2.3649,0.16614,-2.5311,-2.9601,3.53,29397,https://www.goodreads.com/search?q=John+Banville+The+Sea,1
"2005_Barfoot,Joan_Luck_PW.txt",FIC,English,PW,,2005,Barfoot,Joan,Joan,Barfoot,Luck,,AlfredA.Knopf,ScotiabankGillerPrize,Shortlist,F,Canada,110692,16,0.2715105163,17.52287478,4.306930909,3.871714273,2435,-2.3332,0.21618,-2.5494,-3.0285,3.17,426,https://www.goodreads.com/search?q=Joan+Barfoot+Luck,0
"2005_Barnes,Julian_ArthurGeorge_PW.txt",FIC,English,PW,,2005,Barnes,Julian,Julian,Barnes,ArthurGeorge,,Cape,TheManBookerPrize,Shortlist,M,UK,189235,104,0.2062238737,16.81042907,4.388370415,3.939593202,4921,-2.2639,0.21028,-2.4742,-3.0739,3.72,17242,https://www.goodreads.com/search?q=Julian+Barnes+Arthur+George,0
"2005_Barry,Sebastian_LongLongWay_PW.txt",FIC,English,PW,,2005,Barry,Sebastian,Sebastian,Barry,LongLongWay,,Faber&Faber,TheManBookerPrize,Shortlist,M,Ireland,111327,49,0.3937238494,18.63525276,4.144570181,3.803965459,4445,-2.2828,0.26358,-2.5464,-3.055,4.11,7083,https://www.goodreads.com/search?q=Sebastian+Barry+Long+Long+Way,0
"2005_Bergen,David_TheTimeinBetween_PW.txt",FIC,English,PW,,2005,Bergen,David,David,Bergen,TheTimeinBetween,,McClelland&Stewart,ScotiabankGillerPrize,Winner,M,Canada,93948,40,0.2259446825,14.05775849,4.03058464,3.322901527,8065,-2.3158,0.19174,-2.5075,-2.982,4.15,36289,https://www.goodreads.com/search?q=+The+Timein+Between,0
"2005_Boyden,Joseph_ThreeDayRoad_PW.txt",FIC,English,PW,,2005,Boyden,Joseph,Joseph,Boyden,ThreeDayRoad,,Viking,GovernorGeneralLiteraryAwardforfiction,Shortlist,M,Canada,161776,38,0.4962913014,15.53447283,3.972856597,3.440158567,10967,-2.259,0.23701,-2.496,-3.0935,4.29,22954,https://www.goodreads.com/search?q=Joseph+Boyden+Three+Day+Road,1
"2005_Coffey,Wayne_TheBoysofWinter_NF.txt",NON,English,MIX,,2005,Coffey,Wayne,Wayne,Coffey,TheBoysofWinter,,,,,M,,89806,104,0.1378653113,21.38238095,4.376386464,4.224335435,2940,-2.3016,0.20239,-2.504,-2.9457,4.22,3408,https://www.goodreads.com/search?q=+The+Boysof+Winter,0
"2005_Connelly,Michael_TheLincolnLawyer_BS.txt",FIC,English,BS,,2005,Michael,Connelly,Connelly,Michael,TheLincolnLawyer,,,,,M,US,167147,74,0.0998080614,13.14462095,3.986345039,3.20573683,8168,-2.1984,0.32957,-2.5279,-3.1064,4.18,212114,https://www.goodreads.com/search?q=Connelly+Michael+The+Lincoln+Lawyer,1
"2005_Danticat,Edwidge_DewBreaker_PW.txt",FIC,English,PW,,2005,Danticat,Edwidge,Edwidge,Danticat,DewBreaker,,AlfredA.Knopf,PEN/FaulknerAwardforFiction,Shortlist,F,Haiti/US,75925,43,0.0769230769,20.23048228,4.205782756,4.018538116,3612,-2.3327,0.091801,-2.4245,-2.8527,3.82,7264,https://www.goodreads.com/search?q=Edwidge+Danticat+Dew+Breaker,1
"2005_Dicker,John_UnitedStatesofWal-Mart_NF.txt",NON,English,MIX,,2005,Dicker,John,John,Dicker,UnitedStatesofWalMart,,,,,M,,70260,22,0.343373494,25.88798821,4.633748005,4.853959881,391,-2.319,0.080537,-2.3995,-2.7854,3,53,https://www.goodreads.com/search?q=+United+Statesof+Wal+Mart,0
"2005_Doctorow,EL_TheMarch_PW.txt",FIC,English,PW,,2005,Doctorow,EL,EL,Doctorow,TheMarch,,RandomHouse,TheNationalBookAwards,Shortlist,M,US,123588,74,0.070610687,17.46086465,4.239456368,3.881550993,6941,-2.2755,0.2411,-2.5166,-3.0369,3.73,13752,https://www.goodreads.com/search?q=EL+Doctorow+The+March,1
"2005_Fried,Golda_Nellcott_PW.txt",FIC,English,PW,,2005,Fried,Golda,Golda,Fried,Nellcott,,CoachHouseBooks,GovernorGeneralLiteraryAwardforfiction,Shortlist,F,Canada,47208,17,0.4127795527,12.53864542,4.091319821,3.19574779,2583,-2.4282,0.16585,-2.5941,-2.9543,3.66,110,https://www.goodreads.com/search?q=Golda+Fried+Nellcott,0
"2005_Gaitskill,Mary_Veronica_PW.txt",FIC,English,PW,,2005,Gaitskill,Mary,Mary,Gaitskill,Veronica,,Pantheon,TheNationalBookAwards,Shortlist,F,US,95256,46,0.2391713748,14.7,4.053175353,3.397491994,5825,-2.4164,0.14338,-2.5598,-3.0127,3.4,5576,https://www.goodreads.com/search?q=Mary+Gaitskill+Veronica,1
"2005_Gardner,Lisa_Alone_BS.txt",FIC,English,BS,,2005,Lisa,Gardner,Gardner,Lisa,Alone,,,,,F,US,133233,50,0.2276989017,12.23218876,4.217592334,3.207247617,6911,-2.1546,0.28657,-2.4412,-2.9514,3.97,60106,https://www.goodreads.com/search?q=Gardner+Lisa+Alone,0
"2005_Gibb,Camilla_SweetnessintheBelly_PW.txt",FIC,English,PW,,2005,Gibb,Camilla,Camilla,Gibb,SweetnessintheBelly,,Doubleday,ScotiabankGillerPrize,Shortlist,F,Canada,107408,52,0.1140018921,16.37816407,4.271869933,3.779460915,5285,-2.2324,0.2283,-2.4608,-2.9421,3.91,8912,https://www.goodreads.com/search?q=+Sweetnessinthe+Belly,1
"2005_Giffin,Emily_SomethingBorrowed_BS.txt",FIC,English,BS,,2005,Emily,Giffin,Giffin,Emily,SomethingBorrowed,,,,,F,US,141991,49,0.20938872,12.47285664,3.984808167,3.061578797,6906,-2.3377,0.20341,-2.5411,-3.0494,3.87,541409,https://www.goodreads.com/search?q=Giffin+Emily+Something+Borrowed,1
"2005_Gill,Charlotte_Ladykiller_PW.txt",FIC,English,PW,,2005,Gill,Charlotte,Charlotte,Gill,Ladykiller,,ThomasAllen,GovernorGeneralLiteraryAwardforfiction,Shortlist,F,Canada,73143,23,0.1157446809,11.7574345,4.198251629,3.165135211,4445,-2.3803,0.11784,-2.4981,-2.8874,3.49,81,https://www.goodreads.com/search?q=Charlotte+Gill+Ladykiller,0
"2005_Gladwell,Malcom_Blink_NF.txt",NON,English,MIX,,2005,Gladwell,Malcom,Malcom,Gladwell,Blink,,,,,M,,100048,77,0.0450516987,19.51775263,4.421567952,4.259432477,1863,-2.1877,0.10836,-2.2961,-2.7195,4.15,339,https://www.goodreads.com/search?q=Malcom+Gladwell+Blink,0.08
"2005_Ishiguro,Kazuo_NeverLetMeGo_PW.txt",FIC,English,PW,,2005,Ishiguro,Kazuo,Kazuo,Ishiguro,NeverLetMeGo,,Faber&Faber,TheManBookerPrize,Shortlist,M,UK,117523,28,0.288372093,19.56108522,3.968101457,3.732401777,4784,-2.3666,0.24997,-2.6166,-3.1221,3.84,570026,https://www.goodreads.com/search?q=Kazuo+Ishiguro+Never+Let+Me+Go,1
"2005_Jin,Ha_WarTrash_PW.txt",FIC,English,PW,,2005,Jin,Ha,Ha,Jin,WarTrash,,Pantheon,PEN/FaulknerAwardforFiction,Winner,M,US,154627,70,0.1115384615,17.82649297,4.304909735,3.962909401,7120,-2.2225,0.22027,-2.4428,-3.0301,3.79,3592,https://www.goodreads.com/search?q=Ha+Jin+War+Trash,1
"2005_Johnson,Craig_TheColdDish_MY.txt",FIC,English,MY,,2005,Johnson,Craig,Craig,Johnson,TheColdDish,,,,,M,US,163863,56,0.1558715113,15.38764203,4.054270273,3.449418892,9455,-2.3674,0.20693,-2.5744,-3.1191,4.11,35737,https://www.goodreads.com/search?q=Craig+Johnson+The+Cold+Dish,1
"2005_Kramer,PeterD_AgainstDepression_NF.txt",NON,English,MIX,,2005,Kramer,PeterD,PeterD,Kramer,AgainstDepression,,,,,M,,113086,52,0.1212704524,19.14116452,4.991084056,4.896072422,538,-2.2009,0.15788,-2.3588,-2.8206,4.03,1242,https://www.goodreads.com/search?q=+Against+Depression,1
"2005_Larsson,Stieg_TheGirlWithTheDragonTattoo_BS.txt",FIC,English,BS,,2005,Stieg,Larsson,Larsson,Stieg,TheGirlWithTheDragonTattoo,Swedish,,,,M,Sweden,198905,82,0.2295428352,15.10059217,4.320398931,3.72554679,8463,-2.1332,0.29562,-2.4288,-3.091,4.15,2902254,https://www.goodreads.com/search?q=Larsson+Stieg+The+Girl+With+The+Dragon+Tattoo,0
"2005_Moore,Lisa_Alligator_PW.txt",FIC,English,PW,,2005,Moore,Lisa,Lisa,Moore,Alligator,,HouseofAnansiPress,ScotiabankGillerPrize,Shortlist,F,Canada,96001,39,0.1880165289,17.59871677,4.177462176,3.826002856,6339,-2.3069,0.16469,-2.4716,-2.9335,3.3,1623,https://www.goodreads.com/search?q=Lisa+Moore+Alligator,0
"2005_Pate,Kathy_Alphabet_PW.txt",FIC,English,PW,,2005,Page,Kathy,Kathy,Page,Alphabet,,McArthur&Co.,GovernorGeneralLiteraryAwardforfiction,Shortlist,F,UK/Canada,121227,56,0.3214462605,16.36212714,3.992679783,3.45224717,5054,-2.3754,0.25787,-2.6332,-3.1089,3.58,236,https://www.goodreads.com/search?q=Kathy+Page+Alphabet,0
"2005_Perl,Jed_NewArtCity_NF.txt",NON,English,MIX,,2005,Perl,Jed,Jed,Perl,NewArtCity,,,,,M,,244294,255,0.0427203886,31.01358385,4.698218589,5.238059292,2185,-2.3916,0.12635,-2.518,-3.1475,3.94,157,https://www.goodreads.com/search?q=Jed+Perl+New+Art+City,0
"2005_Ravel,Edeet_WallofLight_PW.txt",FIC,English,PW,,2005,Ravel,Edeet,Edeet,Ravel,WallofLight,,RandomHouse,ScotiabankGillerPrize,Shortlist,F,Canada,89479,35,0.0922946655,16.68761656,4.05365086,3.643531127,3271,-2.2254,0.29478,-2.5202,-3.0079,3.5,286,https://www.goodreads.com/search?q=+Wallof+Light,1
"2005_SafranFoer,Jonathan_ExtremelyLoudandIncrediblyClose_BS.txt",FIC,English,BS,,2005,Jonathan,SafranFoer,SafranFoer,Jonathan,ExtremelyLoudandIncrediblyClose,,,,,M,US,118077,26,0.191283293,14.21757977,3.792181818,2.964665919,5284,-1.8478,0.13699,-1.9848,-2.8924,3.97,403132,https://www.goodreads.com/search?q=+Extremely+Loudand+Incredibly+Close,1
"2005_Savan,Leslie_SlamDunks_NF.txt",NON,English,MIX,,2005,Savan,Leslie,Leslie,Savan,SlamDunks,,,,,F,,121883,64,0.0935023772,24.43034676,4.523586514,4.575480649,943,-2.2442,0.090013,-2.3342,-2.7629,3.18,39,https://www.goodreads.com/search?q=Leslie+Savan+Slam+Dunks,0.08
"2005_Sorrentino,Christopher_Trance_PW.txt",FIC,English,PW,,2005,Sorrentino,Christopher,Christopher,Sorrentino,Trance,,Douglas&McIntyre,TheNationalBookAwards,Shortlist,M,US,224238,92,0.1667030329,16.21153846,4.360652006,3.801349233,8669,-2.1921,0.25226,-2.4443,-3.0761,3.49,176,https://www.goodreads.com/search?q=Christopher+Sorrentino+Trance,0
"2005_Steinke,Rene_HolySkirts_PW.txt",FIC,English,PW,,2005,Steinke,Rene,Rene,Steinke,HolySkirts,,WilliamMorrow,TheNationalBookAwards,Shortlist,F,US,154608,54,0.3103448276,17.20160214,4.204594858,3.738372436,8395,-2.405,0.20689,-2.6119,-3.1399,3.63,421,https://www.goodreads.com/search?q=Rene+Steinke+Holy+Skirts,0
"2005_Tripp,CA_IntimateWorldofAbraham_NF.txt",NON,English,MIX,,2005,Trip,CA,CA,Trip,IntimateWorldofAbraham,,,,,M,,136633,108,0.2126360499,29.15148282,4.552858314,5.043282389,2622,-2.2786,0.13718,-2.4158,-2.9447,3.3,116,https://www.goodreads.com/search?q=+Intimate+Worldof+Abraham,0.8
"2005_Vollmann,WilliamT_EuropeCentral_PW.txt",FIC,English,PW,,2005,Vollmann,WilliamT,William T,Vollmann,EuropeCentral,,Viking,TheNationalBookAwards,Winner,M,US,416807,284,0.0539577501,19.96871557,4.515838557,4.220468602,12551,-2.3415,0.19809,-2.5396,-3.4032,3.93,2619,https://www.goodreads.com/search?q=+Europe+Central,1
"2005_Walls,Jeannette_GlassCastle_NF.txt",NON,English,MIX,,2005,Walls,Jeanette,Jeanette,Walls,GlassCastle,,,,,F,,119794,46,0.3101285669,17.61935579,4.039120138,3.61892231,6048,-2.2552,0.18115,-2.4363,-2.9268,5,1,https://www.goodreads.com/search?q=Jeanette+Walls+Glass+Castle,1
"2005_Warren,LouisS_BuffaloBillsAmerica_NF.txt",NON,English,MIX,,2005,Warren,LouisS,LouisS,Warren,BuffaloBillsAmerica,,,,,M,,286813,176,0.3062741175,28.36362737,4.795476629,5.210998699,3640,-2.2254,0.14158,-2.3669,-3.0955,3.75,758,https://www.goodreads.com/search?q=+Buffalo+Bills+America,0
"2005_Yarbrough,Steve_PrisonersofWar_PW.txt",FIC,English,PW,,2005,Yarbrough,Steve,Steve,Yarbrough,PrisonersofWar,,AlfredA.Knopf,PEN/FaulknerAwardforFiction,Shortlist,M,US,90987,43,0.1827441582,17.98873072,4.077434184,3.628314961,4098,-2.3328,0.23439,-2.5672,-3.0067,4.03,3328,https://www.goodreads.com/search?q=+Prisonersof+War,0
"2006_Behrens,Peter_LawofDreams_PW.txt",FIC,English,PW,,2006,Behrens,Peter,Peter,Behrens,LawofDreams,,HouseofAnansiPress,GovernorGeneralLiteraryAwardforfiction,Winner,M,Canada,140456,51,0.3271687962,12.62979948,4.184527629,3.131489056,9751,-2.2222,0.21039,-2.4326,-2.9389,3,83,https://www.goodreads.com/search?q=+Lawof+Dreams,0
"2006_Brooks,Max_WorldWarZ_BS.txt",FIC,English,BS,,2006,Max,Brooks,Brooks,Max,WorldWarZ,,,,,M,US,141370,34,0.1441860465,16.67492333,4.305675629,3.840824313,3749,-2.2774,0.17333,-2.4507,-2.9543,4.01,483051,https://www.goodreads.com/search?q=Brooks+Max+World+War+Z,1
"2006_Campbell,Jack_TheLostFleet_SF.txt",FIC,English,SF,,2006,Campbell,Jack,Jack,Campbell,TheLostFleet,,,,,M,US,115415,31,0.4639575972,15.20619236,4.419698178,3.814513288,4717,-2.3351,0.1903,-2.5254,-3.002,3.96,29406,https://www.goodreads.com/search?q=Jack+Campbell+The+Lost+Fleet,0
"2006_Cole,Trevor_TheFearsomeParticles_PW.txt",FIC,English,PW,,2006,Cole,Trevor,Trevor,Cole,TheFearsomeParticles,,McClelland&Stewart,GovernorGeneralLiteraryAwardforfiction,Shortlist,M,Canada,111577,41,0.2309782609,17.3552652,4.161885932,3.704992117,5829,-2.2719,0.18959,-2.4614,-2.941,3.45,112,https://www.goodreads.com/search?q=Trevor+Cole+The+Fearsome+Particles,1
"2006_Dawkins,Richard_TheGodDelusion_NF.txt",NON,English,MIX,,2006,Dawkins,Richard,Richard,Dawkins,TheGodDelusion,,,,,M,,149731,90,0.266,24.43390992,4.70418297,5.014119398,1096,-2.1945,0.1175,-2.312,-2.7859,3.9,253145,https://www.goodreads.com/search?q=Richard+Dawkins+The+God+Delusion,1
"2006_Dennett,DanielC_BreakingtheSpell_NF.txt",NON,English,MIX,,2006,Dennett,DanielC,DanielC,Dennett,BreakingtheSpell,,,,,M,,130776,32,0.4012251149,30.25121443,4.76620336,5.464401221,287,-2.2885,0.12659,-2.4151,-2.8925,3.89,12047,https://www.goodreads.com/search?q=+Breakingthe+Spell,0.87
"2006_Ehrenreich,Barbara_DancingInTheStreets_NF.txt",NON,English,MIX,,2006,Ehrenreich,Barbara,Barbara,Ehrenreich,DancingintheStreets,,,,,F,,94942,37,0.1153846154,33.11545169,5.015550239,5.817523596,408,-2.3302,0.042989,-2.3732,-2.793,3.82,1122,https://www.goodreads.com/search?q=+Dancinginthe+Streets,0
"2006_Fisher,Karen_ASuddenCountry_PW.txt",FIC,English,PW,,2006,Fisher,Karen,Karen,Fisher,ASuddenCountry,,RandomHouse,PEN/FaulknerAwardforFiction,Shortlist,F,US,148406,62,0.1298514614,13.67923311,4.167077882,3.25499448,12278,-2.3454,0.21917,-2.5646,-3.1056,3.65,1220,https://www.goodreads.com/search?q=Karen+Fisher+A+Sudden+Country,0
"2006_Golden,Daniel_PriceofAdmission_NF.txt",NON,English,MIX,,2006,Golden,Daniel,Daniel,Golden,PriceofAdmission,,,,,M,,121547,131,0.064516129,24.68460601,4.894767086,5.071506827,1813,-2.261,0.11375,-2.3748,-2.876,3.63,841,https://www.goodreads.com/search?q=+Priceof+Admission,0
"2006_Grandin,Greg_EmpiresWorkshop_HIST.txt",NON,English,HIST,,2006,Grandin,Greg,Greg,Grandin,EmpiresWorkshop,,,,,M,US,84357,49,0.1599587203,37.01491882,5.250529468,6.306861254,529,-2.314,0.085751,-2.3998,-2.8471,4.04,1071,https://www.goodreads.com/search?q=Greg+Grandin+Empires+Workshop,0
"2006_Grenville,Kate_SecretRiver_PW.txt",FIC,English,PW,,2006,Grenville,Kate,Kate,Grenville,SecretRiver,French,CormorantBooks,ScotiabankGillerPrize,Shortlist,F,Canada,128212,45,0.2569569931,18.94385343,4.082570508,3.802261573,7855,-2.4515,0.14056,-2.592,-3.111,3.81,20074,https://www.goodreads.com/search?q=Kate+Grenville+Secret+River,0
"2006_Gruen,Sara_WaterforElephants_BS.txt",FIC,English,BS,,2006,Sara,Gruen,Gruen,Sara,WaterforElephants,,,,,F,Canada/US,131563,48,0.16580926,12.17612217,4.007008376,2.960292885,9796,-2.2311,0.28179,-2.5129,-3.0214,4.1,1499377,https://www.goodreads.com/search?q=+Waterfor+Elephants,1
"2006_Hage,Rawi_DeNirosGame_PW.txt",FIC,English,PW,,2006,Hage,Rawi,Rawi,Hage,DeNirosGame,,HouseofAnansiPress,ScotiabankGillerPrize,Shortlist,M,Canada,80431,35,0.2641025641,13.61621805,4.062520114,3.280844928,7130,-2.2299,0.22335,-2.4533,-2.9218,3.77,3580,https://www.goodreads.com/search?q=Rawi+Hage+De+Niros+Game,1
"2006_Jacobs,Kate_FridayNightKnitting_BS.txt",FIC,English,BS,,2006,Kate,Jacobs,Jacobs,Kate,FridayNightKnitting,,,,,F,US,148016,41,0.271517493,15.67800021,4.159751173,3.526447224,6544,-2.367,0.206,-2.573,-3.0918,3.43,73782,https://www.goodreads.com/search?q=Jacobs+Kate+Friday+Night+Knitting,0
"2006_Kalfus,Ken_DisorderPeculiar_PW.txt",FIC,English,PW,,2006,Kalfus,Ken,Ken,Kalfus,DisorderPeculiar,,HarperCollins,TheNationalBookAwards,Shortlist,M,US,88293,39,0.2888337469,15.91725257,4.475392726,3.888689136,4866,-2.2554,0.19704,-2.4525,-2.8952,3.05,1284,https://www.goodreads.com/search?q=Ken+Kalfus+Disorder+Peculiar,0
"2006_Kean,ThomasH_Hamilton,LeeH_WithoutPrecedent-TheInsideStory_NF.txt",NON,English,MIX,,2006,Kean,ThomasH,ThomasH,Kean,WithoutPrecendent,,,,,M,,161903,101,0.0504334121,26.05455423,4.877687686,5.221809551,3346,-2.2743,0.12666,-2.401,-2.9696,4.36,2018,https://www.goodreads.com/search?q=+Without+Precendent,0
"2006_Kuczynski,Alex_BeautyJunkies_NF.txt",NON,English,MIX,,2006,Kuczynski,Alex,Alex,Kuczynski,BeautyJunkies,,,,,F,,109813,48,0.1024464832,22.59061921,4.611981994,4.713869969,1799,-2.1226,0.16395,-2.2865,-2.7853,3.58,245,https://www.goodreads.com/search?q=Alex+Kuczynski+Beauty+Junkies,1
"2006_Lam,Vincent_BloodlettingandMiraculousCures_PW.txt",FIC,English,PW,,2006,Lam,Vincent,Vincent,Lam,BloodlettingandMiraculousCures,,Doubleday,ScotiabankGillerPrize,Winner,M,Canada,101841,50,0.146179402,13.79772389,4.257021715,3.404446455,5283,-2.1149,0.17446,-2.2894,-2.759,3.51,9143,https://www.goodreads.com/search?q=+Bloodlettingand+Miraculous+Cures,1
"2006_Larsson,Stieg_TheGirlWhoPlayedWithFire_BS.txt",FIC,English,BS,,2006,Stieg,Larsson,Larsson,Stieg,TheGirlWhoPlayedWithFire,Swedish,,,,M,Sweden,220859,95,0.1432917067,14.02902877,4.311592487,3.608245016,11143,-2.2075,0.25983,-2.4673,-3.1548,4.24,867220,https://www.goodreads.com/search?q=Larsson+Stieg+The+Girl+Who+Played+With+Fire,0
"2006_Lemov,Rebecca_WorldasLaboratory_NF.txt",NON,English,MIX,,2006,Lemov,Rebecca,Rebecca,Lemov,WorldasLaboratory,,,,,F,,97121,45,0.0995215311,31.90571616,5.004372535,5.757165812,641,-2.3388,0.097057,-2.4359,-2.8695,3.86,42,https://www.goodreads.com/search?q=+Worldas+Laboratory,0
"2006_Mansfield,HarveyC_Manliness_NF.txt",NON,English,MIX,,2006,Mansfield,HarveyC,HarveyC,Mansfield,Manliness,,,,,M,,121566,72,0.0777496839,25.79376194,4.633741332,5.155138225,245,-2.3721,0.082019,-2.4541,-2.9307,4.2,5516,https://www.goodreads.com/search?q=+Manliness,0
"2006_Matar,Hisham_CountryofMen_PW.txt",FIC,English,PW,,2006,Matar,Hisham,Hisham,Matar,CountryofMen,,Viking,TheManBookerPrize,Shortlist,M,US,84268,30,0.235942029,15.67776744,4.073363801,3.514238761,5718,-2.337,0.17027,-2.5072,-2.9729,3.71,6080,https://www.goodreads.com/search?q=+Countryof+Men,1
"2006_Michaels,WalterBenn_TheTroublewithDiversity_NF.txt",NON,English,MIX,,2006,Michaels,WalterBenn,WalterBenn,Michaels,TheTroublewithDiversity,,,,,M,,66749,43,0.0657370518,32.2770793,4.575022125,5.333989432,207,-2.2196,0.090981,-2.3106,-2.7149,3.61,478,https://www.goodreads.com/search?q=+The+Troublewith+Diversity,0
"2006_Obama,Barack_AudacityofHope_NF.txt",NON,English,MIX,,2006,Obama,Barack,Barack,Obama,AudacityofHope,,,,,M,,136360,51,0.121657754,30.91362503,4.722017149,5.376264824,1700,-2.1731,0.14194,-2.315,-2.8552,5,2,https://www.goodreads.com/search?q=+Audacityof+Hope,1
"2006_Perle,Liz_MoneyMemoir_NF.txt",NON,English,MIX,,2006,Perle,Liz,Liz,Perle,MoneyMemoir,,,,,F,,77677,36,0.0859728507,20.20733611,4.312661422,4.236853669,1280,-2.2445,0.25918,-2.5037,-2.9431,3.25,358,https://www.goodreads.com/search?q=Liz+Perle+Money+Memoir,1
"2006_Powers,Richard_EchoMaker_PW.txt",FIC,English,PW,,2006,Powers,Richard,Richard,Powers,EchoMaker,,"Farrar,Straus&Giroux",TheNationalBookAwards,Winner,M,US,208771,47,0.2859828142,11.77036703,4.331130286,3.260704884,9323,-2.2391,0.27088,-2.51,-3.1276,3.43,10029,https://www.goodreads.com/search?q=Richard+Powers+Echo+Maker,0
"2006_Quiviger,Pascale_PerfectCircle_PW.txt",FIC,English,PW,,2006,Quiviger,Pascale,Pascale,Quiviger,PerfectCircle,French,CormorantBooks,ScotiabankGillerPrize,Shortlist,F,Canada,58738,13,0.3954918033,21.00786838,4.236153354,4.14859441,1418,-2.2378,0.17666,-2.4145,-2.8217,3.23,69,https://www.goodreads.com/search?q=Pascale+Quiviger+Perfect+Circle,0.05
"2006_Salter,James_LastNight_PW.txt",FIC,English,PW,,2006,Salter,James,James,Salter,LastNight,,AlfredA.Knopf,PEN/FaulknerAwardforFiction,Shortlist,M,US,40342,34,0.0732142857,11.25613839,4.04546559,3.004414603,2011,-2.2212,0.30079,-2.5219,-2.8823,3.86,2496,https://www.goodreads.com/search?q=James+Salter+Last+Night,0.46
"2006_Soucy,Gaetan_ImmaculateConception_PW.txt",FIC,English,PW,,2006,Soucy,Gaetan,Gaetan,Soucy,ImmaculateConception,French,HouseofAnansiPress,ScotiabankGillerPrize,Shortlist,M,Canada,105547,31,0.2854330709,15.21946647,4.333637172,3.708434259,6420,-2.3075,0.20067,-2.5081,-2.994,3.74,148,https://www.goodreads.com/search?q=Gaetan+Soucy+Immaculate+Conception,0
"2006_Sparks,Nicholas_DearJohn_BS.txt",FIC,English,BS,,2006,Nicholas,Sparks,Sparks,Nicholas,DearJohn,,,,,M,US,108355,14,0.4729907773,15.24409116,3.932633217,3.294136781,6093,-2.328,0.22976,-2.5577,-3.0567,4.04,572170,https://www.goodreads.com/search?q=Sparks+Nicholas+Dear+John,1
"2006_Spiotta,Dana_EattheDocument_PW.txt",FIC,English,PW,,2006,Spiotta,Dana,Dana,Spiotta,EattheDocument,,Scribner,TheNationalBookAwards,Shortlist,F,US,95005,33,0.1818757921,13.54119156,4.306794966,3.527474198,3679,-2.154,0.19055,-2.3445,-2.8326,3.64,2642,https://www.goodreads.com/search?q=+Eatthe+Document,0
"2006_Wagner,Bruce_TheChrysanthemumPalace_PW.txt",FIC,English,PW,,2006,Wagner,Bruce,Bruce,Wagner,TheChrysanthemumPalace,,Simon&Schuster,PEN/FaulknerAwardforFiction,Shortlist,M,US,87006,42,0.4109589041,16.60103034,4.368783143,3.823953514,3400,-2.3176,0.22162,-2.5392,-2.9737,3.33,153,https://www.goodreads.com/search?q=Bruce+Wagner+The+Chrysanthemum+Palace,1
"2006_Walter,Jess_TheZero_PW.txt",FIC,English,PW,,2006,Walter,Jess,Jess,Walter,TheZero,,HarperCollins,TheNationalBookAwards,Shortlist,M,US,132456,45,0.2693865741,13.73312597,4.141936388,3.316275458,7602,-2.1652,0.27815,-2.4434,-2.9435,3.51,2618,https://www.goodreads.com/search?q=Jess+Walter+The+Zero,0
"2006_Waters,Sarah_NightWatch_PW.txt",FIC,English,PW,,2006,Waters,Sarah,Sarah,Waters,NightWatch,,Virago,TheManBookerPrize,Shortlist,F,Wales,208443,51,0.1633973289,14.35063683,3.997619966,3.201072485,14233,-2.2552,0.26208,-2.5173,-3.1661,3.69,30250,https://www.goodreads.com/search?q=Sarah+Waters+Night+Watch,0
"2006_Windley,Carol_HomeSchooling_PW.txt",FIC,English,PW,,2006,Windley,Carol,Carol,Windley,HomeSchooling,,CormorantBooks,ScotiabankGillerPrize,Shortlist,F,Canada,92521,66,0.08509064,15.93541164,4.17663012,3.622986741,4511,-2.3725,0.12742,-2.5,-2.9502,3.36,81,https://www.goodreads.com/search?q=Carol+Windley+Home+Schooling,0
"2007_Beah,Ishmael_ALongWayGone_NF.txt",NON,English,MIX,,2007,Beah,Ishmael,Ishmael,Beah,AlongWayGone,,,,,M,,92756,27,0.1525851198,17.13261914,4.086795699,3.735685555,6759,-2.2864,0.1883,-2.4747,-2.9339,4.14,178721,https://www.goodreads.com/search?q=+Along+Way+Gone,1
"2007_Berlinski,Mischa_Fieldwork_PW.txt",FIC,English,PW,,2007,Berlinski,Mischa,Mischa,Berlinski,Fieldwork,,Picador,TheNationalBookAwards,Shortlist,F,US,136952,85,0.190966123,21.61831097,4.314852025,4.237587678,5129,-2.211,0.15906,-2.3701,-2.8995,3.63,4129,https://www.goodreads.com/search?q=Mischa+Berlinski+Fieldwork,1
"2007_Chariandy,David_Soucouyant_PW.txt",FIC,English,PW,,2007,Chariandy,David,David,Chariandy,Soucouyant,,ArsenalPulpPress,GovernorGeneralLiteraryAwardforfiction,Shortlist,M,Canada,64368,11,0.4644478064,13.99000217,4.291325425,3.513191383,3373,-2.2001,0.19826,-2.3983,-2.811,3.79,1179,https://www.goodreads.com/search?q=David+Chariandy+Soucouyant,1
"2007_DAmbrosio,Charles_TheDeadFishMuseum_PW.txt",FIC,English,PW,,2007,DAmbrosio,Charles,Charles,D'Ambrosio,TheDeadFishMuseum,,AlfredA.Knopf,PEN/FaulknerAwardforFiction,Shortlist,M,US,87761,39,0.0976008724,15.95654545,4.141644511,3.540934426,5997,-2.2896,0.16325,-2.4528,-2.8691,3.94,1655,https://www.goodreads.com/search?q=Charles+DAmbrosio+The+Dead+Fish+Museum,1
"2007_Davis,Lydia_VarietiesofDistrubanceStories_PW.txt",FIC,English,PW,,2007,Davis,Lydia,Lydia,Davis,VarietiesofDistrubanceStories,,"Farrar,Straus&Giroux",TheNationalBookAwards,Shortlist,F,US,67540,30,0.2460202605,23.78169014,4.247854223,4.348469003,1170,-2.0674,0.12896,-2.1963,-2.6198,3.83,2162,https://www.goodreads.com/search?q=+Varietiesof+Distrubance+Stories,1
"2007_Dean,JohnW_BrokenGovernment_NF.txt",NON,English,MIX,,2007,Dean,JohnW,JohnW,Dean,BrokenGovernment,,,,,M,,93743,91,0.0761658031,33.32492001,5.085382672,5.946046414,904,-2.1858,0.12666,-2.3124,-2.7735,4.05,317,https://www.goodreads.com/search?q=+Broken+Government,0
"2007_Denfeld,Rene_AllGodsChildren_NF.txt",NON,English,MIX,,2007,Denfeld,Rene,Rene,Denfeld,AllGodsChildren,,,,,F,,107326,70,0.1514984878,17.1529487,4.495088815,4.050207232,4186,-2.2294,0.14066,-2.3701,-2.8488,3.7,334,https://www.goodreads.com/search?q=Rene+Denfeld+All+Gods+Children,0
"2007_deRosnay,Tatiana_SarahsKey_BS.txt",FIC,English,BS,,2007,Tatiana,deRosnay,deRosnay,Tatiana,SarahsKey,,,,,F,France,111389,55,0.1099638616,11.4715757,4.148849842,3.049625551,6597,-2.2515,0.2476,-2.4991,-2.993,4.17,450796,https://www.goodreads.com/search?q=+Sarahs+Key,1
"2007_Diaz,Junot_TheBriefWondrousLifeofOscarWao_BS.txt",FIC,English,BS,,2007,Junot,Diaz,Diaz,Junot,TheBriefWondrousLifeofOscarWao,,,,,M,DominicanRepublic,111847,68,0.1775304716,18.1894617,4.197189802,3.877046972,3620,-2.3437,0.16394,-2.5077,-3.0028,3.89,247629,https://www.goodreads.com/search?q=+The+Brief+Wondrous+Lifeof+Oscar+Wao,1
"2007_Eisenberg,Deborah_TwilightoftheSuperheroes_PW.txt",FIC,English,PW,,2007,Eisenberg,Deborah,Deborah,Eisenberg,TwilightoftheSuperheroes,,Picador,PEN/FaulknerAwardforFiction,Shortlist,F,US,76486,63,0.0815165877,15.35555109,4.265268058,3.604924024,3219,-2.2717,0.16053,-2.4322,-2.8644,3.62,1300,https://www.goodreads.com/search?q=+Twilightofthe+Superheroes,0.91
"2007_Epstein,Helen_InvisibleCure_NF.txt",NON,English,MIX,,2007,Epstein,Helen,Helen,Epstein,InvisibleCure,,,,,F,,111779,64,0.0482673267,25.59629036,4.765208089,4.991515335,1855,-2.1883,0.13288,-2.3212,-2.8404,4.11,989,https://www.goodreads.com/search?q=Helen+Epstein+Invisible+Cure,1
"2007_Ferris,Joshua_ThenWeCame_PW.txt",FIC,English,PW,,2007,Ferris,Joshua,Joshua,Ferris,ThenWeCame,,"Little,Brown",TheNationalBookAwards,Shortlist,M,US,161684,52,0.2162838299,15.98299723,4.134176439,3.574025689,7238,-2.1652,0.25309,-2.4183,-2.9838,3.46,35002,https://www.goodreads.com/search?q=Joshua+Ferris+Then+We+Came,0
"2007_Follett,Ken_WorldWithoutEnd_BS.txt",FIC,English,BS,,2007,Ken,Follett,Follett,Ken,WorldWithoutEnd,,,,,M,Wales,524610,209,0.1221631013,14.19168966,4.240108992,3.475253722,28366,-2.2162,0.27763,-2.4938,-3.5764,4.28,225647,https://www.goodreads.com/search?q=Follett+Ken+World+Without+End,0
"2007_Gdula,Steven_WarmestRoomintheHouse_NF.txt",NON,English,MIX,,2007,Gdula,Steven,Steven,Gdula,WarmestRoomintheHouse,,,,,M,,104644,49,0.2646616541,27.57417655,4.818828131,5.249211813,365,-2.1564,0.16132,-2.3177,-2.7713,3.15,52,https://www.goodreads.com/search?q=+Warmest+Roominthe+House,0
"2007_Gowdy,Barbara_Helpless_PW.txt",FIC,English,PW,,2007,Gowdy,Barbara,Barbara,Gowdy,Helpless,,HarperCollins,GovernorGeneralLiteraryAwardforfiction,Shortlist,F,Canada,104890,32,0.234375,13.03629132,4.097398462,3.160390975,5964,-2.2554,0.2771,-2.5325,-3.0016,3.38,1190,https://www.goodreads.com/search?q=Barbara+Gowdy+Helpless,0
"2007_Grimm,Sarah_AfterMidnight_ROM.txt",FIC,English,ROM,,2007,Grimm,Sarah,Sarah,Grimm,AfterMidnight,,,,,F,US,99609,26,0.2910019145,12.32479584,4.083211913,3.10075203,7530,-2.3143,0.30469,-2.619,-3.0786,3.75,1171,https://www.goodreads.com/search?q=Sarah+Grimm+After+Midnight,0
"2007_Hamid,Mohsin_ReluctantFund_PW.txt",FIC,English,PW,,2007,Hamid,Mohsin,Mohsin,Hamid,ReluctantFund,,HamishHamilton,TheManBookerPrize,Shortlist,M,Pakistan/UK,50083,7,0.5038461538,22.04357394,4.246525187,4.305729594,2003,-2.3663,0.25705,-2.6233,-3.0064,3.72,71696,https://www.goodreads.com/search?q=+Reluctant+Fund,1
"2007_Hay,Elizabeth_LateNights_PW.txt",FIC,English,PW,,2007,Hay,Elizabeth,Elizabeth,Hay,LateNights,,McClelland&Stewart,ScotiabankGillerPrize,Winner,F,Canada,118225,27,0.208260413,16.95711417,4.244958274,3.777253119,6649,-2.3329,0.21903,-2.5519,-3.0433,3.57,11624,https://www.goodreads.com/search?q=Elizabeth+Hay+Late+Nights,0
"2007_Hempel,Amy_TheCollectedStoriesofAmyHempel_PW.txt",FIC,English,PW,,2007,Hempel,Amy,Amy,Hempel,TheCollectedStoriesofAmyHempel,,Scribner,PEN/FaulknerAwardforFiction,Shortlist,F,US,123850,67,0.1079710145,17.02873642,4.01026177,3.572999878,5356,-2.2692,0.14541,-2.4146,-2.9245,4.26,6820,https://www.goodreads.com/search?q=+The+Collected+Storiesof+Amy+Hempel,1
"2007_Higashida,Naoki_TheReasonIJump_ME.txt",NON,English,MEM,,2007,Higashida,Naoki,Naoki,Higashida,TheReasonIJump,,,,,M,,22676,6,0.7149321267,17.02402402,3.96863006,3.578033671,419,-2.3638,0.064771,-2.4285,-2.762,3.83,50073,https://www.goodreads.com/search?q=Naoki+Higashida+The+Reason+I+Jump,0.03
"2007_Hosseini,Khaled_AThousandSplendid_BS.txt",FIC,English,BS,,2007,Khaled,Hosseini,Hosseini,Khaled,AThousandSplendid,,,,,M,Afghanistan/US,129547,51,0.2352162401,13.81098081,4.231479397,3.380192295,7801,-2.2521,0.19506,-2.4472,-2.9638,4.4,1327599,https://www.goodreads.com/search?q=Hosseini+Khaled+A+Thousand+Splendid,0
"2007_Johnson,Denis_TreeofSmoke_PW.txt",FIC,English,PW,,2007,Johnson,Denis,Denis,Johnson,TreeofSmoke,,"Farrar,Straus&Giroux",TheNationalBookAwards,Winner,M,US,270849,133,0.1465626318,13.34823321,4.164929861,3.269708162,12311,-2.1114,0.31883,-2.4302,-3.1144,3.58,13721,https://www.goodreads.com/search?q=+Treeof+Smoke,0
"2007_Jones,EdwardP_AuntHagar_PW.txt",FIC,English,PW,,2007,Jones,EdwardP,Edward P,Jones,AuntHagar,,Amistad,PEN/FaulknerAwardforFiction,Shortlist,M,US,173550,130,0.0427745665,19.12818252,4.065063215,3.789965595,8763,-2.3996,0.14199,-2.5415,-3.1011,3.81,2011,https://www.goodreads.com/search?q=+Aunt+Hagar,0.31
"2007_Jones,Lloyd_MisterPip_PW.txt",FIC,English,PW,,2007,Jones,Lloyd,Lloyd,Jones,MisterPip,,JohnMurray,TheManBookerPrize,Shortlist,M,NewZealand,75760,33,0.3765100671,13.98560089,3.992371958,3.289753148,3843,-2.3485,0.16187,-2.5104,-2.9577,3.66,22299,https://www.goodreads.com/search?q=Lloyd+Jones+Mister+Pip,1
"2007_Larsson,Stieg_TheGirlWhoKickedThe_Hornet'sNest_BS.txt",FIC,English,BS,,2007,Stieg,Larsson,Larsson,Stieg,TheGirlWhoKickedTheHornet'sNest,Swedish,,,,M,Sweden,253428,135,0.108956229,13.70770229,4.346969739,3.581353991,11048,-2.1344,0.30656,-2.441,-3.1698,4.23,692795,https://www.goodreads.com/search?q=Larsson+Stieg+The+Girl+Who+Kicked+The+Hornet's+Nest,0
"2007_LeBor,Adam_CityofOranges_NF.txt",NON,English,MIX,,2007,LeBor,Adam,Adam,LeBor,CityofOranges,,,,,M,,131050,128,0.0508784773,19.2578986,4.614980243,4.414084397,3323,-2.1737,0.20088,-2.3746,-2.9037,3.87,284,https://www.goodreads.com/search?q=+Cityof+Oranges,0
"2007_Mcewan,Ian_ChesilBeach_PW.txt",FIC,English,PW,,2007,Mcewan,Ian,Ian,McEwan,ChesilBeach,,Cape,TheManBookerPrize,Shortlist,M,UK,43037,7,0.4812834225,23.76421866,4.427401936,4.537953205,1456,-2.3168,0.17819,-2.495,-2.9083,3.59,85812,https://www.goodreads.com/search?q=Ian+Mcewan+Chesil+Beach,0
"2007_Millner,Caille_GoldenRoad_NF.txt",NON,English,MIX,,2007,Millner,Caille,Caille,Millner,GoldenRoad,,,,,F,,84504,41,0.1495215311,21.78499613,4.31107733,4.336226071,2928,-2.3031,0.14366,-2.4468,-2.9062,2.88,120,https://www.goodreads.com/search?q=Caille+Millner+Golden+Road,1
"2007_Montross,Christine_BodyofWork_NF.txt",NON,English,MIX,,2007,Montross,Christine,Christine,Montross,BodyofWork,,,,,F,,89858,29,0.1669658887,24.37818774,4.498983804,4.770057177,1835,-2.0477,0.23433,-2.282,-2.7651,3.95,1883,https://www.goodreads.com/search?q=+Bodyof+Work,1
"2007_Ondaatje,Michael_Divisadero_PW.txt",FIC,English,PW,,2007,Ondaatje,Michael,Michael,Ondaatje,Divisadero,,McClelland&Stewart,ScotiabankGillerPrize,Shortlist,M,Canada,89281,32,0.1464723926,18.34792437,4.214553648,3.975290067,4130,-2.355,0.15945,-2.5144,-2.9721,3.51,11075,https://www.goodreads.com/search?q=Michael+Ondaatje+Divisadero,0
"2007_ONeill,Heather_LullabiesforLittle_PW.txt",FIC,English,PW,,2007,ONeill,Heather,Heather,O'Neill,LullabiesforLittle,,HarperCollins,GovernorGeneralLiteraryAwardforfiction,Shortlist,F,Canada,130440,35,0.2680288462,14.27289638,3.907518646,3.284495138,5968,-2.4678,0.17716,-2.6449,-3.1443,4.01,22687,https://www.goodreads.com/search?q=+Lullabiesfor+Little,1
"2007_Ross,Alex_TheRestisNoise_NF.txt",NON,English,MIX,,2007,Ross,Alex,Alex,Ross,TheRestisNoise,,,,,M,,248747,261,0.0457425437,26.3503178,4.866535796,5.172392412,3910,-2.362,0.1449,-2.507,-3.1342,4.09,14243,https://www.goodreads.com/search?q=+The+Restis+Noise,0
"2007_Roth,Philip_Everyman_PW.txt",FIC,English,PW,,2007,Roth,Philip,Philip,Roth,Everyman,,HoughtonMifflinandCo.,PEN/FaulknerAwardforFiction,Winner,M,US,46139,15,0.1981424149,22.66159136,4.20924761,4.305500671,1400,-2.2382,0.15762,-2.3958,-2.8106,3.61,18105,https://www.goodreads.com/search?q=Philip+Roth+Everyman,0
"2007_Shepard,Jim_LikeYoudUnderstand_PW.txt",FIC,English,PW,,2007,Shepard,Jim,Jim,Shepard,LikeYoudUnderstand,,AlfredA.Knopf,TheNationalBookAwards,Shortlist,M,US,81456,34,0.0774526678,15.36325915,4.254385469,3.697071616,3875,-2.2815,0.12543,-2.407,-2.8533,3.86,1819,https://www.goodreads.com/search?q=Jim+Shepard+Like+Youd+Understand,1
"2007_Steinberg,Manny_Outcry_ME.txt",NON,English,MEM,,2007,Steinberg,Manny,Manny,Steinberg,Outcry,,,,,M,,67612,21,0.2658959538,17.31421255,4.094619266,3.810673238,2778,-2.3858,0.16215,-2.5479,-2.9847,4.5,3347,https://www.goodreads.com/search?q=Manny+Steinberg+Outcry,1
"2007_Stewart,Amy_FlowerConfidential_NF.txt",NON,English,MIX,,2007,Stewart,Amy,Amy,Stewart,FlowerConfidential,,,,,F,,105102,37,0.1421647819,24.03979872,4.481328433,4.642026336,1197,-2.1998,0.11707,-2.3169,-2.8047,3.97,1328,https://www.goodreads.com/search?q=Amy+Stewart+Flower+Confidential,0.95
"2007_Thomas,Dana_Deluxe-HowLuxuryLost_NF.txt",NON,English,MIX,,2007,Thomas,Dana,Dana,Thomas,DeluxeHowLuxuryLost,,,,,F,,131774,121,0.0779220779,22.9931949,4.624560433,4.618184488,2324,-2.1788,0.10249,-2.2813,-2.785,3.88,3143,https://www.goodreads.com/search?q=Dana+Thomas+Deluxe+How+Luxury+Lost,0
"2007_Ulrich,LaurelThatcher_WellbehavedWomenSeldom_NF.txt",NON,English,MIX,,2007,Ulrich,LaurelThatcher,LaurelThatcher,Ulrich,WellbehavedWomenSeldom,,,,,F,,89551,65,0.1154192967,24.23572395,4.722761721,4.920026063,1549,-2.3181,0.059848,-2.378,-2.8078,3.8,1533,https://www.goodreads.com/search?q=+Wellbehaved+Women+Seldom,0
"2007_Vassanji,MG_AssassinsSong_PW.txt",FIC,English,PW,,2007,Vassanji,MG,MG,Vassanji,AssassinsSong,,Doubleday,ScotiabankGillerPrize,Shortlist,M,Canada,134360,81,0.0897226754,18.71569857,4.221949481,3.996089418,5734,-2.2329,0.22369,-2.4565,-3.011,3.7,731,https://www.goodreads.com/search?q=MG+Vassanji+Assassins+Song,1
"2007_York,Alissa_Effigy_PW.txt",FIC,English,PW,,2007,York,Alissa,Alissa,York,Effigy,,RandomHouse,ScotiabankGillerPrize,Shortlist,F,Canada,147577,52,0.1069455406,15.15942476,4.202795149,3.504313232,8004,-2.26,0.27875,-2.5388,-3.0872,3.37,417,https://www.goodreads.com/search?q=Alissa+York+Effigy,0
"2007_Young,WilliamP._TheShack_BS.txt",FIC,English,BS,,2007,WilliamP.,Young,Young,WilliamP.,TheShack,,,,,M,Canada,95373,26,0.49543379,16.58084145,4.196662976,3.745533675,5117,-2.2445,0.18923,-2.4337,-2.9151,3.8,592793,https://www.goodreads.com/search?q=+The+Shack,0
"2008_Adiga,Aravind_TheWhiteTiger_PW.txt",FIC,English,PW,,2008,Adiga,Aravind,Aravind,Adiga,TheWhiteTiger,,Atlantic,TheManBookerPrize,Winner,M,India/Australia,105381,35,0.199807877,15.45175953,4.005501467,3.384549904,5087,-2.288,0.19633,-2.4843,-2.9387,3.76,179154,https://www.goodreads.com/search?q=Aravind+Adiga+The+White+Tiger,1
"2008_Akpan,Uwem_SayYoureOne_BS.txt",FIC,English,BS,,2008,Uwem,Akpan,Akpan,Uwem,SayYoureOne,,,,,M,Nigeria,120318,68,0.1276943174,14.44047048,4.149336765,3.448872646,7938,-2.2245,0.19571,-2.4202,-2.9124,3.54,15256,https://www.goodreads.com/search?q=Akpan+Uwem+Say+Youre+One,1
"2008_Baker,Stephen_TheNumerati_NF.txt",NON,English,MIX,,2008,Baker,Stephen,Stephen,Baker,TheNumerati,,,,,M,,79109,39,0.0731319555,17.35607723,4.540418093,4.160033659,733,-2.3461,0.070856,-2.417,-2.815,3.44,1488,https://www.goodreads.com/search?q=Stephen+Baker+The+Numerati,0.15
"2008_Barry,Sebastian_SecretScripture_PW.txt",FIC,English,PW,,2008,Barry,Sebastian,Sebastian,Barry,SecretScripture,,Faber&Faber,TheManBookerPrize,Shortlist,M,Ireland,117310,30,0.1590909091,18.46529199,4.020244859,3.760415577,4025,-2.3141,0.24609,-2.5602,-3.0781,3.81,19227,https://www.goodreads.com/search?q=Sebastian+Barry+Secret+Scripture,1
"2008_Beck,Glenn_ChristmasSweater_BS.txt",FIC,English,BS,,2008,Glenn,Beck,Beck,Glenn,ChristmasSweater,,,,,M,US,55584,17,0.2148070907,15.06749797,3.977215564,3.343643271,2431,-2.3142,0.16637,-2.4806,-2.8856,3.81,15563,https://www.goodreads.com/search?q=Beck+Glenn+Christmas+Sweater,1
"2008_Benioff,David_CityofThieves_BS.txt",FIC,English,BS,,2008,David,Benioff,Benioff,David,CityofThieves,,,,,M,US,103261,35,0.4166666667,15.63612962,4.168926449,3.541730404,5434,-2.2595,0.21752,-2.477,-2.9617,4.27,134620,https://www.goodreads.com/search?q=+Cityof+Thieves,1
"2008_Blount,Roy_AlphabetJuice_NF.txt",NON,English,MIX,,2008,Blount,Roy,Roy,Blount,AlphabetJuice,,,,,M,,148997,64,0.0729927007,20.23316133,4.349428018,4.102854837,1339,-2.2615,0.18238,-2.4439,-2.905,3.62,854,https://www.goodreads.com/search?q=Roy+Blount+Alphabet+Juice,1
"2008_Boyden,Joseph_ThroughBlackSpruce_PW.txt",FIC,English,PW,,2008,Boyden,Joseph,Joseph,Boyden,ThroughBlackSpruce,,Viking,ScotiabankGillerPrize,Winner,M,Canada,160590,39,0.1200733272,12.96649172,3.85331835,3.02945915,10535,-2.2222,0.30708,-2.5293,-3.0789,4.12,14422,https://www.goodreads.com/search?q=Joseph+Boyden+Through+Black+Spruce,1
"2008_Breslin,Jimmy_TheGoodRat_NF.txt",NON,English,MIX,,2008,Breslin,Jimmy,Jimmy,Breslin,TheGoodRat,,,,,M,,74045,77,0.1053521127,15.52957215,4.084176524,3.565206889,3016,-2.143,0.24763,-2.3907,-2.8147,3.51,1041,https://www.goodreads.com/search?q=Jimmy+Breslin+The+Good+Rat,1
"2008_Christensen,Kate_GreatMan_PW.txt",FIC,English,PW,,2008,Christensen,Kate,Kate,Christensen,GreatMan,,Doubleday,PEN/FaulknerAwardforFiction,Winner,F,US,108856,48,0.1649683283,16.29580838,4.225833513,3.675812689,4887,-2.1639,0.26691,-2.4308,-2.9217,3.5,2497,https://www.goodreads.com/search?q=Kate+Christensen+Great+Man,0
"2008_Cleave,Chris_LittleBee_BS.txt",FIC,English,BS,,2008,Chris,Cleave,Cleave,Chris,LittleBee,,,,,M,UK,111848,21,0.1976998905,13.25684485,3.953084655,3.147446818,6350,-2.1888,0.21701,-2.4058,-2.9242,3.72,234159,https://www.goodreads.com/search?q=Cleave+Chris+Little+Bee,1
"2008_Cornwell,Patricia_Scarpetta_BS.txt",FIC,English,BS,,2008,Patricia,Cornwell,Cornwell,Patricia,Scarpetta,,,,,F,US,180242,44,0.1581255771,14.95287871,4.171453831,3.527802024,6408,-2.1976,0.27689,-2.4745,-3.0705,4.02,227456,https://www.goodreads.com/search?q=Cornwell+Patricia+Scarpetta,0
"2008_DeSa,Anthony_BarnacleLove_PW.txt",FIC,English,PW,,2008,DeSa,Anthony,Anthony,De Sa,BarnacleLove,,Doubleday,ScotiabankGillerPrize,Shortlist,M,Canada,65858,32,0.4817578773,15.97719554,4.211416491,3.632877503,4761,-2.3185,0.12803,-2.4465,-2.8756,4,555,https://www.goodreads.com/search?q=+Barnacle+Love,1
"2008_Dillard,Annie_TheMaytrees_PW.txt",FIC,English,PW,,2008,Dillard,Annie,Annie,Dillard,TheMaytrees,,Harper,PEN/FaulknerAwardforFiction,Shortlist,F,US,56928,17,0.4612299465,13.45497518,4.33964597,3.510119726,2121,-2.2929,0.19379,-2.4867,-2.8662,3.59,6068,https://www.goodreads.com/search?q=Annie+Dillard+The+Maytrees,0
"2008_Endicott,Marina_GoodtoaFault_PW.txt",FIC,English,PW,,2008,Endicott,Marina,Marina,Endicott,GoodtoaFault,,FreehandBooks,ScotiabankGillerPrize,Shortlist,F,Canada,154427,45,0.1515551367,14.73118382,4.128351144,3.402421504,9171,-2.3726,0.21119,-2.5838,-3.1109,3.57,3700,https://www.goodreads.com/search?q=+Goodtoa+Fault,0
"2008_Ghosh,Amitav_SeaOfPoppies_PW.txt",FIC,English,PW,,2008,Ghosh,Amitav,Amitav,Ghosh,SeaOfPoppies,,JohnMurray,TheManBookerPrize,Shortlist,M,India/US,241518,79,0.1267548321,22.53176602,4.263665043,4.266977013,10047,-2.2296,0.23579,-2.4654,-3.1421,3.97,25052,https://www.goodreads.com/search?q=Amitav+Ghosh+Sea+Of+Poppies,0
"2008_Gilmour,David_TheFilmClub_NF.txt",NON,English,MIX,,2008,Gilmour,David,David,Gilmour,TheFilmClub,,,,,M,,68802,32,0.3711911357,15.74776837,4.066621224,3.439203519,3158,-2.3331,0.31893,-2.652,-3.0319,3.19,5649,https://www.goodreads.com/search?q=David+Gilmour+The+Film+Club,1
"2008_Grant,Linda_ClothesOn_PW.txt",FIC,English,PW,,2008,Grant,Linda,Linda,Grant,ClothesOn,,Virago,TheManBookerPrize,Shortlist,F,UK,110516,18,0.199318569,17.19023176,4.025999001,3.58733144,4136,-2.3201,0.23628,-2.5564,-3.0419,3.32,2553,https://www.goodreads.com/search?q=Linda+Grant+Clothes+On,1
"2008_Grisham,John_TheAppeal_BS.txt",FIC,English,BS,,2008,John,Grisham,Grisham,John,TheAppeal,,,,,M,US,134532,87,0.1129546905,15.56903136,4.388569371,3.802188996,5295,-2.2873,0.17236,-2.4597,-2.9597,3.61,52155,https://www.goodreads.com/search?q=Grisham+John+The+Appeal,0
"2008_Hage,Rawi_Cockroach_PW.txt",FIC,English,PW,,2008,Hage,Rawi,Rawi,Hage,Cockroach,,HouseofAnansiPress,GovernorGeneralLiteraryAwardforfiction,Shortlist,M,Canada,95322,20,0.2272727273,14.04686118,4.069803529,3.374067589,6679,-2.1827,0.28523,-2.4679,-2.9543,3.41,3280,https://www.goodreads.com/search?q=Rawi+Hage+Cockroach,1
"2008_Hannah,Kristin_FireflyLane_BS.txt",FIC,English,BS,,2008,Kristin,Hannah,Hannah,Kristin,FireflyLane,,,,,F,US,190300,51,0.3183317168,13.19786393,4.104074693,3.202654045,10785,-2.4014,0.22996,-2.6314,-3.1977,4.13,304579,https://www.goodreads.com/search?q=Hannah+Kristin+Firefly+Lane,0
"2008_Hawking,Jane_TravellingtoInfinity_ME.txt",NON,English,MEM,,2008,Hawking,Jane,Jane,Hawking,TravellingtoInfinity,,,,,F,,199425,81,0.4020550215,30.0701146,4.643181627,5.277021951,5586,-2.3357,0.19391,-2.5297,-3.1135,3.66,5226,https://www.goodreads.com/search?q=+Travellingto+Infinity,1
"2008_Hemming,John_StoryoftheAmazon_NF.txt",NON,English,MIX,,2008,Hemming,John,John,Hemming,StoryoftheAmazon,,,,,M,,166359,123,0.0492994292,23.83708268,4.871819732,5.013292423,3169,-2.1836,0.13135,-2.315,-2.8817,4.19,143,https://www.goodreads.com/search?q=+Storyofthe+Amazon,0
"2008_Hemon,Aleksandar_TheLazarusProject_PW.txt",FIC,English,PW,,2008,Hemon,Aleksandar,Aleksandar,Hemon,TheLazarusProject,,RiverheadBooks,TheNationalBookAwards,Shortlist,M,US,97869,59,0.1846938776,18.99631211,4.328211791,4.087625688,4731,-2.175,0.24092,-2.4159,-2.9003,3.56,6219,https://www.goodreads.com/search?q=Aleksandar+Hemon+The+Lazarus+Project,1
"2008_Hensher,Philip_NorthernClemency_PW.txt",FIC,English,PW,,2008,Hensher,Philip,Philip,Hensher,NorthernClemency,,FourthEstate,TheManBookerPrize,Shortlist,M,UK,327341,110,0.2439994514,19.92094693,4.150253295,3.863858419,14402,-2.2462,0.25305,-2.4993,-3.2493,3.48,2332,https://www.goodreads.com/search?q=Philip+Hensher+Northern+Clemency,0
"2008_Hilderbrand,Elin_Barefoot_BS.txt",FIC,English,BS,,2008,Elin,Hilderbrand,Hilderbrand,Elin,Barefoot,,,,,F,US,180453,69,0.3006646526,13.60882353,4.207575965,3.345741875,8903,-2.2909,0.2053,-2.4962,-3.0698,3.79,59756,https://www.goodreads.com/search?q=Hilderbrand+Elin+Barefoot,0
"2008_Kimmel,Michael_Guyland_NF.txt",NON,English,MIX,,2008,Kimmel,Michael,Michael,Kimmel,Guyland,,,,,M,,124883,28,0.09375,22.7266606,4.547379437,4.637800372,1017,-2.1605,0.1584,-2.3189,-2.8247,3.69,1615,https://www.goodreads.com/search?q=Michael+Kimmel+Guyland,0.84
"2008_Kushner,Rachel_TelexfromCuba_PW.txt",FIC,English,PW,,2008,Kushner,Rachel,Rachel,Kushner,TelexfromCuba,,Scribner,TheNationalBookAwards,Shortlist,F,US,136218,98,0.0963329453,16.91728763,4.318500365,3.879015979,5453,-2.294,0.16896,-2.463,-2.9594,3.54,5308,https://www.goodreads.com/search?q=+Telexfrom+Cuba,0.93
"2008_Leavitt,David_TheIndianClerk_PW.txt",FIC,English,PW,,2008,Leavitt,David,David,Leavitt,TheIndianClerk,,Bloomsbury,PEN/FaulknerAwardforFiction,Shortlist,M,US,203873,103,0.166271722,16.43209479,4.272463716,3.734257123,6703,-2.2286,0.23401,-2.4626,-3.0675,3.57,1573,https://www.goodreads.com/search?q=David+Leavitt+The+Indian+Clerk,1
"2008_Lowenstein,Roger_WhileAmericaAged_NF.txt",NON,English,MIX,,2008,Lowenstein,Roger,Roger,Lowenstein,WhileAmericaAged,,,,,M,,91815,72,0.115451895,22.86799502,4.773473218,4.821211806,1329,-2.386,0.1034,-2.4894,-2.911,3.84,418,https://www.goodreads.com/search?q=Roger+Lowenstein+While+America+Aged,0
"2008_Matthiessen,Peter_ShadowCountry_PW.txt",FIC,English,PW,,2008,Matthiessen,Peter,Peter,Matthiessen,ShadowCountry,,ModernLibrary,TheNationalBookAwards,Winner,M,US,430044,327,0.0501022495,19.81221782,4.197846002,3.920857047,22022,-2.2818,0.20904,-2.4908,-3.4234,4.06,4910,https://www.goodreads.com/search?q=Peter+Matthiessen+Shadow+Country,1
"2008_Meyer,Stephanie_TheHost_BS.txt",FIC,English,BS,,2008,Stephanie,Meyer,Meyer,Stephanie,TheHost,,,,,F,US,266441,53,0.1481768813,11.88672764,3.993746442,3.006672938,16488,-2.2807,0.24472,-2.5254,-3.2386,3.85,955590,https://www.goodreads.com/search?q=+The+Host,1
"2008_Patterson,James_CrossCountry_BS.txt",FIC,English,BS,,2008,James,Patterson,Patterson,James,CrossCountry,,,,,M,US,88585,45,0.1247372109,11.99363661,4.043538574,3.066533206,4982,-2.3087,0.22036,-2.5291,-2.9763,3.87,37529,https://www.goodreads.com/search?q=Patterson+James+Cross+Country,1
"2008_Patterson,James_SundaysatTiffanys_BS.txt",FIC,English,BS,,2008,James,Patterson,Patterson,James,SundaysatTiffanys,,,,,M,US,74337,38,0.3200455581,12.56329221,4.058381985,3.101269337,3737,-2.2188,0.25412,-2.4729,-2.907,3.77,67414,https://www.goodreads.com/search?q=+Sundaysat+Tiffanys,1
"2008_Paul,Pamela_ParentingInc_NF.txt",NON,English,MIX,,2008,Paul,Pamela,Pamela,Paul,ParentingInc,,,,,F,,109720,58,0.047277937,24.28508189,4.725731912,4.808509244,1042,-2.1677,0.13727,-2.305,-2.8052,3.46,403,https://www.goodreads.com/search?q=Pamela+Paul+Parenting+Inc,0
"2008_Rash,Ron_ChemistryandOtherStories_PW.txt",FIC,English,PW,,2008,Rash,Ron,Ron,Rash,ChemistryandOtherStories,,Picador,PEN/FaulknerAwardforFiction,Shortlist,M,US,70313,55,0.1346733668,16.24607209,4.157593556,3.575494684,4436,-2.227,0.090204,-2.3172,-2.7454,4.21,666,https://www.goodreads.com/search?q=+Chemistryand+Other+Stories,1
"2008_Reed,Julia_HouseonFirstStreet_NF.txt",NON,English,MIX,,2008,Reed,Julia,Julia,Reed,HouseonFirstStreet,,,,,F,,78938,52,0.1113381001,35.03683977,4.320301121,5.022032148,2240,-2.3625,0.19168,-2.5542,-2.9676,3.44,1270,https://www.goodreads.com/search?q=+Houseon+First+Street,1
"2008_Ricci,Nino_OriginofSpecies_PW.txt",FIC,English,PW,,2008,Ricci,Nino,Nino,Ricci,OriginofSpecies,,Doubleday,GovernorGeneralLiteraryAwardforfiction,Winner,M,Canada,218423,70,0.2059452108,17.28166785,4.156813106,3.716668364,8273,-2.3941,0.20458,-2.5987,-3.1885,3.99,107601,https://www.goodreads.com/search?q=+Originof+Species,0
"2008_Richards,DavidAdam_TheLostHighway_PW.txt",FIC,English,PW,,2008,Richards,DavidAdam,David Adam,Richards,TheLostHighway,,Doubleday,GovernorGeneralLiteraryAwardforfiction,Shortlist,M,Canada,168657,53,0.2872218399,18.74174908,4.038234373,3.743162346,7441,-2.3842,0.23658,-2.6208,-3.2002,3.71,432,https://www.goodreads.com/search?q=+The+Lost+Highway,0
"2008_Scibona,Salvatore_TheEnd_PW.txt",FIC,English,PW,,2008,Scibona,Salvatore,Salvatore,Scibona,TheEnd,,RiverheadBooks,TheNationalBookAwards,Shortlist,M,US,119473,32,0.1528239203,17.73912398,4.185980702,3.828432619,5183,-2.296,0.20036,-2.4964,-2.9881,3.36,617,https://www.goodreads.com/search?q=Salvatore+Scibona+The+End,0
"2008_Shaffer,MaryAnn_TheGuernseyLiteraryandPotatoPeelPie_BS.txt",FIC,English,BS,,2008,MaryAnn,Shaffer,Shaffer,MaryAnn,TheGuernseyLiteraryandPotatoPeelPie,,,,,F,US,88428,77,0.0955284553,18.03916769,4.05635262,3.6688909,3084,-2.3414,0.18016,-2.5216,-2.9622,4.18,685571,https://www.goodreads.com/search?q=+The+Guernsey+Literaryand+Potato+Peel+Pie,1
"2008_Shea,Ammon_ReadingtheOED_NF.txt",NON,English,MIX,,2008,Shea,Ammon,Ammon,Shea,ReadingtheOED,,,,,M,,55916,10,0.1505376344,21.99685287,4.40220504,4.475320789,517,-2.3285,0.262,-2.5905,-2.977,3.72,1659,https://www.goodreads.com/search?q=+Readingthe+O+E+D,1
"2008_Sittenfeld,Curtis_AmericanWife_BS.txt",FIC,English,BS,,2008,Curtis,Sittenfeld,Sittenfeld,Curtis,AmericanWife,,,,,F,US,267271,118,0.2490292976,21.4796271,4.13060528,3.956353025,10512,-2.29,0.26423,-2.5543,-3.2419,3.76,55297,https://www.goodreads.com/search?q=Sittenfeld+Curtis+American+Wife,1
"2008_Sparks,Nicholas_TheLuckyOne_BS.txt",FIC,English,BS,,2008,Nicholas,Sparks,Sparks,Nicholas,TheLuckyOne,,,,,M,US,139482,35,0.1642016299,13.79916898,4.089063346,3.277890569,6850,-2.1832,0.24025,-2.4234,-3.0073,4.12,343981,https://www.goodreads.com/search?q=Sparks+Nicholas+The+Lucky+One,0
"2008_Stein,Garth_TheArtofRacingintheRain_BS.txt",FIC,English,BS,,2008,Garth,Stein,Stein,Garth,TheArtofRacingintheRain,,,,,M,US,91847,24,0.4003813155,14.51896933,4.089916296,3.415788131,4846,-2.1808,0.21201,-2.3928,-2.8571,4.22,483169,https://www.goodreads.com/search?q=+The+Artof+Racinginthe+Rain,1
"2008_Stenson,Fred_GreatKaroo_PW.txt",FIC,English,PW,,2008,Stenson,Fred,Fred,Stenson,GreatKaroo,,Doubleday,GovernorGeneralLiteraryAwardforfiction,Shortlist,M,Canada,218763,142,0.2632534907,14.83239542,4.247710502,3.562741739,13098,-2.3121,0.21647,-2.5285,-3.1432,3.5,116,https://www.goodreads.com/search?q=Fred+Stenson+Great+Karoo,0
"2008_Strout,Elizabeth_OliveKItteridge_BS.txt",FIC,English,BS,,2008,Elizabeth,Strout,Strout,Elizabeth,OliveKItteridge,,,,,F,US,130202,79,0.2093082401,15.5557945,4.113656588,3.443352205,7204,-2.3549,0.15913,-2.514,-3.0002,3.84,207658,https://www.goodreads.com/search?q=+Olive+K+Itteridge,0
"2008_Swan,Mary_BoysintheTrees_PW.txt",FIC,English,PW,,2008,Swan,Mary,Mary,Swan,BoysintheTrees,,HenryHolt,ScotiabankGillerPrize,Shortlist,F,Canada,75683,46,0.0981452859,25.11881845,4.055724781,4.137088743,3878,-2.4796,0.12165,-2.6012,-3.0123,3.14,924,https://www.goodreads.com/search?q=+Boysinthe+Trees,1
"2008_Toltz,Steve_AFractionoftheWhole_PW.txt",FIC,English,PW,,2008,Toltz,Steve,Steve,Toltz,AFractionoftheWhole,,HamishHamilton,TheManBookerPrize,Shortlist,M,Australia,268305,45,0.2097163549,14.51081666,4.106071725,3.445585739,11117,-2.3113,0.19529,-2.5066,-3.1847,4.14,19481,https://www.goodreads.com/search?q=+A+Fractionofthe+Whole,1
"2008_Wroblewski,David_TheStoryofEdgarSawtelle_BS.txt",FIC,English,BS,,2008,David,Wroblewski,Wroblewski,David,TheStoryofEdgarSawtelle,,,,,M,US,229982,46,0.3332687839,15.25585406,4.204306402,3.529949477,16445,-2.1831,0.27047,-2.4536,-3.1394,3.63,96481,https://www.goodreads.com/search?q=+The+Storyof+Edgar+Sawtelle,0
"2009_Anderson,Chris_Free-TheFuture_NF.txt",NON,English,MIX,,2009,Anderson,Chris,Chris,Anderson,FreeTheFuture,,,,,M,,93397,30,0.2549019608,22.74646858,4.598162733,4.681023828,263,-2.1671,0.11167,-2.2788,-2.7141,3.84,16148,https://www.goodreads.com/search?q=Chris+Anderson+Free+The+Future,0
"2009_Anthony,Lawrence_ElephantWhisperer_ME.txt",NON,English,MEM,,2009,Anthony,Lawrence,Lawrence,Anthony,ElephantWhisperer,,,,,M,,127644,44,0.1287528868,17.31940299,4.333431963,4.000603134,6996,-2.305,0.19351,-2.4985,-3.0028,4.49,22239,https://www.goodreads.com/search?q=Lawrence+Anthony+Elephant+Whisperer,1
"2009_Bamford,James_ShadowFactory_NF.txt",NON,English,MIX,,2009,Bamford,James,James,Bamford,ShadowFactory,,,,,M,,165775,110,0.0864745011,26.75516462,4.812836315,5.042565451,3377,-2.166,0.15136,-2.3173,-2.8733,3.86,1575,https://www.goodreads.com/search?q=James+Bamford+Shadow+Factory,0
"2009_Blake,Sarah_Postmistress_BS.txt",FIC,English,BS,,2009,Sarah,Blake,Blake,Sarah,Postmistress,,,,,F,US,120850,40,0.2799145299,14.62366893,4.160172556,3.403694179,9047,-2.3102,0.24113,-2.5513,-3.0357,3.35,43289,https://www.goodreads.com/search?q=Blake+Sarah+Postmistress,0
"2009_Brown,Dan_TheLostSymbol_BS.txt",FIC,English,BS,,2009,Dan,Brown,Brown,Dan,TheLostSymbol,,,,,M,US,200484,41,0.27758127,13.49424514,4.571313349,3.697701187,11295,-2.097,0.28064,-2.3776,-2.9798,3.73,568682,https://www.goodreads.com/search?q=Brown+Dan+The+Lost+Symbol,0
"2009_Byatt,AS_TheChildrensBook_PW.txt",FIC,English,PW,,2009,Byatt,AS,AS,Byatt,TheChildrensBook,,Chatto&Windus,TheManBookerPrize,Shortlist,F,UK,320898,152,0.1363336992,17.11273464,4.347754403,3.868859469,13774,-2.1398,0.27785,-2.4176,-3.215,3.65,18155,https://www.goodreads.com/search?q=AS+Byatt+The+Childrens+Book,0
"2009_Bynum,SarahShun-lien_MsHempel_PW.txt",FIC,English,PW,,2009,Bynum,SarahShun-lien,Sarah Shun-lien,Bynum,MsHempel,,Harcourt,PEN/FaulknerAwardforFiction,Shortlist,F,US,67411,32,0.2729591837,14.97689402,4.439649894,3.678064658,2996,-2.3918,0.089322,-2.4811,-2.8953,3.38,1814,https://www.goodreads.com/search?q=+Ms+Hempel,0
"2009_Campbell,BonnieJo_AmericanSalvage_PW.txt",FIC,English,PW,,2009,Campbell,BonnieJo,Bonnie Jo,Campbell,AmericanSalvage,,WayneStateUniversity,TheNationalBookAwards,Shortlist,F,US,69397,42,0.091995221,19.53194484,4.155508972,3.885001494,3397,-2.292,0.086231,-2.3782,-2.7959,3.98,2540,https://www.goodreads.com/search?q=+American+Salvage,0
"2009_Choi,Susan_APersonofInterest_PW.txt",FIC,English,PW,,2009,Choi,Susan,Susan,Choi,APersonofInterest,,Penguin,PEN/FaulknerAwardforFiction,Shortlist,F,US,173065,41,0.341161122,21.61421256,4.32961534,4.224834662,7322,-2.2624,0.25952,-2.522,-3.0802,3.48,1256,https://www.goodreads.com/search?q=+A+Personof+Interest,0
"2009_Choldenko,Gennifer_AlCaponeShinesMyShoes_MG.txt",FIC,English,MID,,2009,Choldenko,Gennifer,Gennifer,Choldenko,AlCaponeShinesMyShoes,,,,,F,,83234,35,0.1121328982,10.97929033,3.873716058,2.715444577,4676,-2.2786,0.1684,-2.447,-2.8923,4.01,7903,https://www.goodreads.com/search?q=Gennifer+Choldenko+Al+Capone+Shines+My+Shoes,1
"2009_Coetzee,JM_Summertime_PW.txt",FIC,English,PW,,2009,Coetzee,JM,JM,Coetzee,Summertime,,HarvillSecker,TheManBookerPrize,Shortlist,M,SouthAfrica/Australia,87660,32,0.2748603352,15.36546889,4.065757592,3.542281817,2118,-2.3267,0.13744,-2.4641,-2.9007,3.77,5962,https://www.goodreads.com/search?q=JM+Coetzee+Summertime,1
"2009_Conroy,Pat_SouthofBroad_BS.txt",FIC,English,BS,,2009,Pat,Conroy,Conroy,Pat,SouthofBroad,,,,,M,US,237620,90,0.1023378232,15.47609743,4.103520647,3.495608895,11856,-2.2557,0.20241,-2.4581,-3.115,3.82,45501,https://www.goodreads.com/search?q=+Southof+Broad,1
"2009_Coughlin,Con_KhomeinisGhost_NF.txt",NON,English,MIX,,2009,Coughlin,Con,Con,Coughlin,KhomeinisGhost,,,,,M,,135407,92,0.3233674272,34.04752326,4.988390823,5.886817357,2741,-2.2406,0.1844,-2.425,-2.9579,3.71,139,https://www.goodreads.com/search?q=Con+Coughlin+Khomeinis+Ghost,0
"2009_Crummey,Michael_Galore_PW.txt",FIC,English,PW,,2009,Crummey,Michael,Michael,Crummey,Galore,,Doubleday,GovernorGeneralLiteraryAwardforfiction,Shortlist,M,Canada,131123,81,0.0747200689,21.10461935,4.309190433,4.242810641,7651,-2.4196,0.15098,-2.5705,-3.0647,3.74,5180,https://www.goodreads.com/search?q=Michael+Crummey+Galore,0
"2009_DiCamillo,Kate_TheMagiciansElephant_MG.txt",FIC,English,MID,,2009,DiCamillo,Kate,Kate,DiCamillo,TheMagiciansElephant,,,,,F,,29416,14,0.2995529061,13.80384796,4.164661558,3.373826167,1902,-2.3344,0.11252,-2.4469,-2.8208,3.85,23477,https://www.goodreads.com/search?q=Kate+DiCamillo+The+Magicians+Elephant,0
"2009_Echlin,Kim_Disappeared_PW.txt",FIC,English,PW,,2009,Echlin,Kim,Kim,Echlin,Disappeared,,HamishHamilton,ScotiabankGillerPrize,Shortlist,F,Canada,56249,20,0.2280334728,13.79666421,4.064439333,3.350524757,3955,-2.2912,0.19579,-2.487,-2.896,3.73,3462,https://www.goodreads.com/search?q=Kim+Echlin+Disappeared,1
"2009_Edsel,RobertM_TheMonumentsMen_HIST.txt",NON,English,HIST,,2009,Edsel,RobertM,RobertM,Edsel,TheMonumentsMen,,,,,M,US,152821,81,0.1088534107,20.80612662,4.622853289,4.482217597,4317,-2.2607,0.17372,-2.4344,-2.9861,3.78,48659,https://www.goodreads.com/search?q=+The+Monuments+Men,0
"2009_Ellis,Richard_OnThinIce_NF.txt",NON,English,MIX,,2009,Ellis,Richard,Richard,Ellis,OnThinIce,,,,,M,,144322,65,0.0600522193,31.31987847,4.628494542,5.174620958,2463,-2.1919,0.13809,-2.33,-2.8525,3.88,64,https://www.goodreads.com/search?q=Richard+Ellis+On+Thin+Ice,0
"2009_Flynn,Gillian_DarkPlaces_MY.txt",FIC,English,MY,,2009,Flynn,Gillian,Gillian,Flynn,DarkPlaces,,,,,F,US,151111,45,0.3285755067,16.76217415,4.060829994,3.517483046,7869,-2.225,0.2873,-2.5123,-3.0535,3.94,659467,https://www.goodreads.com/search?q=Gillian+Flynn+Dark+Places,1
"2009_Foulds,Adam_TheQuickeningMaze_PW.txt",FIC,English,PW,,2009,Foulds,Adam,Adam,Foulds,TheQuickeningMaze,,Cape,TheManBookerPrize,Shortlist,M,UK,75335,37,0.1330049261,13.16815242,4.296387427,3.367945916,5085,-2.2717,0.23801,-2.5097,-2.946,3.14,2456,https://www.goodreads.com/search?q=Adam+Foulds+The+Quickening+Maze,0
"2009_Goolrick,Robert_AReliableWife_BS.txt",FIC,English,BS,,2009,Robert,Goolrick,Goolrick,Robert,AReliableWife,,,,,M,US,96268,16,0.2690106296,14.6817142,4.12108636,3.459360144,3636,-2.2059,0.2281,-2.434,-2.9539,3.27,77540,https://www.goodreads.com/search?q=Goolrick+Robert+A+Reliable+Wife,0
"2009_Grahame-Smith,Seth_PrideandPrejudiceandZombies_BS.txt",FIC,English,BS,,2009,Seth,Grahame-Smith,Grahame-Smith,Seth,PrideandPrejudiceandZombies,,,,,M,US,121757,44,0.2575093867,23.06877605,4.401700196,4.462117519,5371,-2.3654,0.26073,-2.6261,-3.1598,3.31,135138,https://www.goodreads.com/search?q=+Prideand+Prejudiceand+Zombies,0
"2009_Griffiths,Elly_TheCrossingPlaces_MY.txt",FIC,English,MY,,2009,Griffiths,Elly,Elly,Griffiths,TheCrossingPlaces,,,,,F,UK,91659,39,0.3258563201,12.81227285,4.209016174,3.247097924,4524,-2.3057,0.17067,-2.4764,-2.9362,3.91,40430,https://www.goodreads.com/search?q=Elly+Griffiths+The+Crossing+Places,0
"2009_Grisham,John_TheAssociate_BS.txt",FIC,English,BS,,2009,John,Grisham,Grisham,John,TheAssociate,,,,,M,US,133288,54,0.2256891851,14.24169249,4.214101101,3.481492088,5378,-2.2212,0.27716,-2.4984,-2.984,3.68,65173,https://www.goodreads.com/search?q=Grisham+John+The+Associate,0
"2009_Hiaasen,Carl_Scat_MG.txt",FIC,English,MID,,2009,Hiaasen,Carl,Carl,Hiaasen,Scat,,,,,M,,103063,50,0.2342342342,13.92178846,4.215289951,3.316086535,6115,-2.2249,0.2316,-2.4565,-2.9388,3.95,19158,https://www.goodreads.com/search?q=Carl+Hiaasen+Scat,0
"2009_Jones,Michael_TheRetreat_HIST.txt",NON,English,HIST,,2009,Jones,Michael,Michael,Jones,TheRetreat,,,,,M,UK,126258,87,0.0835453774,19.98701915,4.752969055,4.555767809,6211,-2.4432,0.16592,-2.6091,-3.093,4.09,293,https://www.goodreads.com/search?q=Michael+Jones+The+Retreat,0
"2009_Kelly,Jacqueline_TheEvolutionofCalpurniaTate_MG.txt",FIC,English,MID,,2009,Kelly,Jacqueline,Jacqueline,Kelly,TheEvolutionofCalpurniaTate,,,,,F,,101216,46,0.1327612317,14.10872595,4.101815738,3.338693609,5406,-2.2485,0.2454,-2.4939,-2.9498,3.98,33233,https://www.goodreads.com/search?q=+The+Evolutionof+Calpurnia+Tate,1
"2009_King,Stephen_UndertheDome_BS.txt",FIC,English,BS,,2009,Stephen,King,King,Stephen,UndertheDome,,,,,M,US,434044,200,0.0885383358,13.54017969,4.137160796,3.258702504,21694,-2.287,0.24712,-2.5342,-3.3979,3.91,278746,https://www.goodreads.com/search?q=+Underthe+Dome,0
"2009_Kinney,Jeff_DogDays_MG.txt",FIC,English,MID,,2009,Kinney,Jeff,Jeff,Kinney,DogDays,,,,,M,,23483,16,0.236133122,18.80144115,3.845964264,3.561307662,848,-2.4105,0.037425,-2.448,-2.8275,4.17,135915,https://www.goodreads.com/search?q=Jeff+Kinney+Dog+Days,1
"2009_Korda,Michael_WithWingsLikeEagles_HIST.txt",NON,English,HIST,,2009,Korda,Michael,Michael,Korda,WithWingsLikeEagles,,,,,M,UK,103721,37,0.192926045,44.86202422,4.664022669,5.763344824,1162,-2.3346,0.15519,-2.4898,-2.9768,4.12,1779,https://www.goodreads.com/search?q=Michael+Korda+With+Wings+Like+Eagles,0
"2009_Kot,Greg_HowtheWiredGeneration_NF.txt",NON,English,MIX,,2009,Kot,Greg,Greg,Kot,HowtheWiredGeneration,,,,,M,,96854,77,0.0742767787,23.40599323,4.506453118,4.568977155,1449,-2.355,0.095913,-2.4509,-2.8754,3.75,740,https://www.goodreads.com/search?q=+Howthe+Wired+Generation,0
"2009_LaFleur,Suzanne_Love,Aubrey_MGtxt.txt",FIC,English,MID,,2009,LaFleur,Suzanna,Suzanna,LaFleur,LoveAubrey,,,,,F,,68167,27,0.3346891342,11.45278898,3.84928788,2.771932737,4790,-2.3786,0.14041,-2.519,-2.9205,4.21,10609,https://www.goodreads.com/search?q=+Love+Aubrey,1
"2009_Lin,Grace_WheretheMountainMeetstheMoon_MG.txt",FIC,English,MID,,2009,Lin,Grace,Grace,Lin,WheretheMountainMeetstheMoon,,,,,F,,52851,13,0.4803266518,14.98044218,4.095643154,3.399174483,3960,-2.2013,0.13135,-2.3326,-2.7243,4.29,43870,https://www.goodreads.com/search?q=+Wherethe+Mountain+Meetsthe+Moon,0
"2009_Lyon,Annabel_TheGoldenMean_PW.txt",FIC,English,PW,,2009,Lyon,Annabel,Annabel,Lyon,TheGoldenMean,,RandomHouse,GovernorGeneralLiteraryAwardforfiction,Shortlist,F,Canada,103804,44,0.1423197492,13.29967969,4.070746155,3.195811955,5155,-2.2855,0.1902,-2.4757,-2.9472,3.49,3169,https://www.goodreads.com/search?q=Annabel+Lyon+The+Golden+Mean,1
"2009_Macintyre,Linden_BishopsMan_PW.txt",FIC,English,PW,,2009,Macintyre,Linden,Linden,MacIntyre,BishopsMan,,RandomHouse,ScotiabankGillerPrize,Winner,M,Canada,133762,52,0.0785413745,10.42165952,4.102819206,2.862466109,7534,-2.4016,0.23731,-2.6389,-3.1325,3.73,7832,https://www.goodreads.com/search?q=Linden+Macintyre+Bishops+Man,1
"2009_Mantel,Hilary_WolfHall_PW.txt",FIC,English,PW,,2009,Mantel,Hilary,Hilary,Mantel,WolfHall,,FourthEstate,TheManBookerPrize,Winner,F,UK,272490,175,0.0582952042,14.9686882,4.064626436,3.376315918,10260,-2.347,0.25666,-2.6037,-3.2839,3.89,191088,https://www.goodreads.com/search?q=Hilary+Mantel+Wolf+Hall,0
"2009_Mawer,Simon_GlassRoom_PW.txt",FIC,English,PW,,2009,Mawer,Simon,Simon,Mawer,GlassRoom,,"Little,Brown",TheManBookerPrize,Shortlist,M,UK,165830,59,0.1677947987,13.89093651,4.280674311,3.500409962,6936,-2.2602,0.235,-2.4952,-3.0562,3.91,11164,https://www.goodreads.com/search?q=Simon+Mawer+Glass+Room,0
"2009_McAdam,Colin_Fall_PW.txt",FIC,English,PW,,2009,McAdam,Colin,Colin,McAdam,Fall,,HamishHamilton,ScotiabankGillerPrize,Shortlist,M,Canada,103432,26,0.2897684839,10.21147201,3.861157456,2.690464196,5000,-2.0638,0.35768,-2.4215,-2.9256,3.14,629,https://www.goodreads.com/search?q=Colin+McAdam+Fall,1
"2009_McCann,Colum_LetTheGreatWorldSpin_PW.txt",FIC,English,PW,,2009,McCann,Colum,Colum,McCann,LetTheGreatWorldSpin,,RandomHouse,TheNationalBookAwards,Winner,M,Ireland,162208,47,0.1080729167,12.99223068,4.036595367,3.169685728,8005,-2.2368,0.19108,-2.4279,-3.0015,3.94,101830,https://www.goodreads.com/search?q=Colum+McCann+Let+The+Great+World+Spin,1
"2009_McDougall,Christopher_BorntoRun_ME.txt",NON,English,MEM,,2009,McDougall,Christopher,Christopher,McDougall,BorntoRun,,,,,M,,124272,81,0.1112311015,19.94735152,4.352079999,4.133224936,4324,-2.3078,0.13071,-2.4386,-2.9118,4.3,189518,https://www.goodreads.com/search?q=+Bornto+Run,1
"2009_McManus,James_CowboysFull_NF.txt",NON,English,MIX,,2009,McManus,James,James,McManus,CowboysFull,,,,,M,,222234,269,0.0467508181,25.25099421,4.617536367,4.66057835,3118,-2.231,0.11485,-2.3459,-2.9495,3.66,416,https://www.goodreads.com/search?q=James+McManus+Cowboys+Full,0
"2009_Michaels,Anne_TheWinterVault_PW.txt",FIC,English,PW,,2009,Michaels,Anne,Anne,Michaels,TheWinterVault,,McClelland&Stewart,ScotiabankGillerPrize,Shortlist,F,Canada,105241,31,0.3510158014,21.01877372,4.327943652,4.1996285,3878,-2.2749,0.15722,-2.4321,-2.9132,3.55,2078,https://www.goodreads.com/search?q=Anne+Michaels+The+Winter+Vault,1
"2009_Mueenuddin,Daniyal_InOtherRoomsOtherWonders_PW.txt",FIC,English,PW,,2009,Mueenuddin,Daniyal,Daniyal,Mueenuddin,InOtherRoomsOtherWonders,,W.W.Norton&Co.,TheNationalBookAwards,Shortlist,M,US,92290,42,0.1099123399,19.10766046,4.262508223,3.958688786,5207,-2.264,0.23091,-2.4949,-2.9511,3.76,6426,https://www.goodreads.com/search?q=Daniyal+Mueenuddin+In+Other+Rooms+Other+Wonders,0
"2009_Munro,Alice_TooMuchHappiness_PW.txt",FIC,English,PW,,2009,Munro,Alice,Alice,Munro,TooMuchHappiness,,McClelland&Stewart,GovernorGeneralLiteraryAwardforfiction,Shortlist,F,Canada,119782,63,0.0669056153,15.89253018,4.091530481,3.585676186,3962,-2.2064,0.20459,-2.411,-2.9377,3.83,20926,https://www.goodreads.com/search?q=Alice+Munro+Too+Much+Happiness,1
"2009_Nicholls,David_OneDay_BS.txt",FIC,English,BS,,2009,David,Nicholls,Nicholls,David,OneDay,,,,,M,UK,170569,56,0.2748514851,15.17787863,4.137127902,3.401772666,7347,-2.2315,0.28909,-2.5206,-3.0666,3.8,307503,https://www.goodreads.com/search?q=Nicholls+David+One+Day,0.43
"2009_Niven,Larry_EscapeFromHell_SF.txt",FIC,English,SF,,2009,Niven,Larry,Larry,Niven,EscapeFromHell,,,,,M,US,120382,66,0.187736824,9.959626045,3.997728545,2.685947372,6129,-2.2522,0.18555,-2.4377,-2.9212,3.63,1368,https://www.goodreads.com/search?q=Larry+Niven+Escape+From+Hell,1
"2009_ONeill,Joseph_Netherland_PW.txt",FIC,English,PW,,2009,ONeill,Joseph,Joseph,O'Neill,Netherland,,Harper,PEN/FaulknerAwardforFiction,Winner,M,Ireland,102439,40,0.3113772455,17.80618808,4.337286301,3.94117767,4924,-2.1486,0.28804,-2.4366,-2.9115,3.41,17733,https://www.goodreads.com/search?q=Joseph+ONeill+Netherland,1
"2009_Patron,Susan_LuckyBreaks_MG.txt",FIC,English,MID,,2009,Patron,Susan,Susan,Patron,LuckyBreaks,,,,,F,,47605,22,0.3630981746,16.72698524,4.190738531,3.686391792,2455,-2.3802,0.11736,-2.4975,-2.851,3.77,889,https://www.goodreads.com/search?q=Susan+Patron+Lucky+Breaks,0
"2009_Patterson,James_8thConfession_BS.txt",FIC,English,BS,,2009,James,Patterson,Patterson,James,8thConfession,,,,,M,US,87926,73,0.1386809269,14.82981953,4.139794108,3.375659747,5387,-2.2959,0.14839,-2.4443,-2.8837,4.05,48806,https://www.goodreads.com/search?q=Patterson+James+8th+Confession,1
"2009_Patterson,James_RunForYourLife_BS.txt",FIC,English,BS,,2009,James,Patterson,Patterson,James,RunForYourLife,,,,,M,US,87845,48,0.1107526882,14.61647255,4.18590958,3.442345008,5388,-2.2371,0.29252,-2.5296,-2.9726,4.03,29795,https://www.goodreads.com/search?q=Patterson+James+Run+For+Your+Life,1
"2009_Patterson,James_SwimSuit_BS.txt",FIC,English,BS,,2009,James,Patterson,Patterson,James,SwimSuit,,,,,M,US,91474,58,0.2158874952,14.98591088,4.100497159,3.396041719,6261,-2.3089,0.14184,-2.4507,-2.9107,3.33,3,https://www.goodreads.com/search?q=+Swim+Suit,1
"2009_Price,Richard_LushLife_PW.txt",FIC,English,PW,,2009,Price,Richard,Richard,Price,LushLife,,"Farrar,Straus&Giroux",PEN/FaulknerAwardforFiction,Shortlist,M,US,179349,85,0.2390200839,15.16565195,4.142491296,3.381462196,9054,-2.2985,0.30085,-2.5994,-3.1385,3.72,14133,https://www.goodreads.com/search?q=Richard+Price+Lush+Life,0
"2009_Pullinger,Kate_MistressofNothing_PW.txt",FIC,English,PW,,2009,Pullinger,Kate,Kate,Pullinger,MistressofNothing,,McArthur&Co.,GovernorGeneralLiteraryAwardforfiction,Winner,F,Canada,94204,32,0.4235364397,20.1635274,4.053134963,3.885988941,4747,-2.3522,0.17407,-2.5262,-3.0027,3.6,3961,https://www.goodreads.com/search?q=+Mistressof+Nothing,1
"2009_Rapport,Mike_1848_NF.txt",NON,English,MIX,,2009,Rapport,Mike,Mike,Rapport,1848,,,,,M,,172274,119,0.0445752733,31.52891654,5.033535742,5.749397434,4538,-2.3279,0.16097,-2.4889,-3.0595,3.7,708,https://www.goodreads.com/search?q=Mike+Rapport+1848,0
"2009_Rash,Ron_Serena_PW.txt",FIC,English,PW,,2009,Rash,Ron,Ron,Rash,Serena,,Ecco,PEN/FaulknerAwardforFiction,Shortlist,M,US,129090,59,0.3869902913,16.87671591,4.322326021,3.788982244,9173,-2.2421,0.22699,-2.4691,-2.9663,3.53,34588,https://www.goodreads.com/search?q=Ron+Rash+Serena,0
"2009_Roberts,Nora_VisioninWhite_BS.txt",FIC,English,BS,,2009,Nora,Roberts,Roberts,Nora,VisioninWhite,,,,,F,US,125900,47,0.2250206441,11.16827819,3.99301096,2.829765103,5568,-2.2546,0.24449,-2.4991,-2.9964,4.12,133116,https://www.goodreads.com/search?q=+Visionin+White,0
"2009_Rubin,Gretchen_HappinessProject_ME.txt",NON,English,MEM,,2009,Rubin,Gretchen,Gretchen,Rubin,HappinessProject,,,,,F,,117801,25,0.3513513514,19.85856372,4.316734319,4.110598298,2491,-2.229,0.1568,-2.3858,-2.8664,3.63,160203,https://www.goodreads.com/search?q=Gretchen+Rubin+Happiness+Project,1
"2009_Russell,Rachel_TalesfromaNotSoFabulousLife_MG.txt",FIC,English,MID,,2009,Russell,Rachel,Rachel,Russell,TalesfromaNotSoFabulousLife,,,,,F,,34844,17,0.1870701513,14.87153222,4.107954546,3.169669367,1500,-2.3101,0.11141,-2.4215,-2.8006,4.13,83608,https://www.goodreads.com/search?q=+Talesfroma+Not+So+Fabulous+Life,1
"2009_Sparks,Nicholas_TheLastSong_BS.txt",FIC,English,BS,,2009,Nicholas,Sparks,Sparks,Nicholas,TheLastSong,,,,,M,US,163708,36,0.2730033404,14.13469176,4.061417862,3.280528368,8665,-2.2679,0.23502,-2.5029,-3.0965,4.15,531999,https://www.goodreads.com/search?q=Sparks+Nicholas+The+Last+Song,0
"2009_Stockett,Kathryn_TheHelp_BS.txt",FIC,English,BS,,2009,Kathryn,Stockett,Stockett,Kathryn,TheHelp,,,,,F,US,203411,89,0.0926955877,13.37350427,3.880551092,3.018952667,11048,-2.3859,0.19429,-2.5802,-3.1763,4.46,2446358,https://www.goodreads.com/search?q=Stockett+Kathryn+The+Help,1
"2009_Tyler,Patrick_WorldofTrouble_NF.txt",NON,English,MIX,,2009,Tyler,Patrick,Patrick,Tyler,WorldofTrouble,,,,,M,,255308,223,0.0451538381,24.84265836,4.768487324,5.01492182,7376,-2.3193,0.15444,-2.4737,-3.1511,4.04,10765,https://www.goodreads.com/search?q=+Worldof+Trouble,0
"2009_Verghese,Abraham_CuttingforStone_BS.txt",FIC,English,BS,,2009,Abraham,Verghese,Verghese,Abraham,CuttingforStone,,,,,M,Ethiopia/US,253152,91,0.1267313019,16.061925,4.223373388,3.687113618,11913,-2.2113,0.21893,-2.4302,-3.1228,4.3,355095,https://www.goodreads.com/search?q=+Cuttingfor+Stone,1
"2009_Walbert,Kate_ShortHistoryofWomen_NF.txt",NON,English,MIX,,2009,Walbert,Kate,Kate,Walbert,ShortHistoryofWomen,,,,,F,,81318,57,0.1076320939,17.30538412,4.294981733,3.772269342,3732,-2.3602,0.1095,-2.4697,-2.9042,3.08,2996,https://www.goodreads.com/search?q=+Short+Historyof+Women,0.94
"2009_Walls,Jeannette_HalfBroke_BS.txt",FIC,English,BS,,2009,Jeannette,Walls,Walls,Jeannette,HalfBroke,,,,,F,US,93812,43,0.1759259259,20.74568775,4.088541602,3.913465915,3856,-2.2878,0.16885,-2.4567,-2.8929,4.06,152817,https://www.goodreads.com/search?q=Walls+Jeannette+Half+Broke,1
"2009_Waters,Sarah_LittleStranger_PW.txt",FIC,English,PW,,2009,Waters,Sarah,Sarah,Waters,LittleStranger,,Virago,TheManBookerPrize,Shortlist,F,Wales,215222,41,0.2936802974,17.19300208,4.0196477,3.556089773,13612,-2.369,0.23591,-2.6049,-3.2599,3.56,50766,https://www.goodreads.com/search?q=Sarah+Waters+Little+Stranger,1
"2009_Weiner,Jennifer_BestFriendsForever_BS.txt",FIC,English,BS,,2009,Jennifer,Weiner,Weiner,Jennifer,BestFriendsForever,,,,,F,US,144348,47,0.2462211615,16.71081269,4.098530258,3.509272645,8025,-2.1897,0.28747,-2.4772,-3.0091,3.5,60868,https://www.goodreads.com/search?q=Weiner+Jennifer+Best+Friends+Forever,1
"2010_Agassi,Andre_Open_ME.txt",NON,English,MEM,,2010,Agassi,Andre,Andre,Agassi,Open,,,,,M,,190106,90,0.094351733,12.58896762,3.967874088,3.057448802,7750,-2.3973,0.13898,-2.5362,-3.0784,4.27,100305,https://www.goodreads.com/search?q=Andre+Agassi+Open,1
"2010_Alexie,Sherman_WarDances_PW.txt",FIC,English,PW,,2010,Alexie,Sherman,Sherman,Alexie,WarDances,,Grove,PEN/FaulknerAwardforFiction,Winner,M,US,55364,26,0.2613240418,13.90705853,4.096960574,3.301785143,1888,-2.178,0.082245,-2.2602,-2.665,3.92,6618,https://www.goodreads.com/search?q=Sherman+Alexie+War+Dances,1
"2010_Armstrong,Ken_Perry,Nick_ScoreboardBaby_NF.txt",NON,English,MIX,,2010,Armstrong,Ken,Ken,Armstrong,ScoreboardBaby,,,,,M,,129444,122,0.1164463002,15.15915213,4.461462442,3.735736847,4830,-2.2043,0.15479,-2.3591,-2.8614,4.05,401,https://www.goodreads.com/search?q=Ken+Armstrong+Scoreboard+Baby,0
"2010_Asbridge,Thomas_TheCrusades_HIST.txt",NON,English,HIST,,2010,Asbridge,Thomas,Thomas,Asbridge,TheCrusades,,,,,M,UK,251697,188,0.1051829268,30.37984309,4.902346293,5.515045571,6183,-2.3587,0.14122,-2.4999,-3.1918,4.19,4718,https://www.goodreads.com/search?q=Thomas+Asbridge+The+Crusades,0
"2010_Atkinson,Kate_StartedEarlyTookMyDog_MY.txt",FIC,English,MY,,2010,Atkinson,Kate,Kate,Atkinson,StartedEarlyTookMyDog,,,,,F,UK,146089,79,0.202734013,14.51744013,4.259932671,3.569395287,6829,-2.3464,0.17722,-2.5236,-3.0367,3.92,41223,https://www.goodreads.com/search?q=Kate+Atkinson+Started+Early+Took+My+Dog,0
"2010_Atwood,Margaret_TheYearoftheFlood_SF.txt",FIC,English,SF,,2010,Atwood,Margaret,Margaret,Atwood,TheYearoftheFlood,,,,,F,Canada,149328,67,0.194386149,15.21891561,4.122045341,3.44531883,5369,-2.1971,0.23929,-2.4364,-2.9656,4.05,117053,https://www.goodreads.com/search?q=+The+Yearofthe+Flood,1
"2010_Bacigalupi,Paolo_ShipBreaker_SF.txt",FIC,English,SF,YA,2010,Bacigalupi,Paolo,Paolo,Bacigalupi,ShipBreaker,,,,,M,US,164080,60,0.2122335496,11.36760427,4.170387576,3.011751001,11008,-2.1936,0.22251,-2.4161,-2.9696,3.74,44116,https://www.goodreads.com/search?q=Paolo+Bacigalupi+Ship+Breaker,0
"2010_Barnes,John_Directive51_SF.txt",FIC,English,SF,,2010,Barnes,John,John,Barnes,Directive51,,,,,M,US,226817,100,0.1262798635,19.60558389,4.240085784,3.903195286,7495,-2.2402,0.25355,-2.4938,-3.113,3.36,1593,https://www.goodreads.com/search?q=+Directive51,0
"2010_Bear,Greg_HullZeroThree_SF.txt",FIC,English,SF,,2010,Bear,Greg,Greg,Bear,HullZeroThree,,,,,M,US,101049,14,0.2094818082,13.07231565,4.148006832,3.244654574,5140,-2.264,0.18579,-2.4498,-2.9254,3.38,5447,https://www.goodreads.com/search?q=Greg+Bear+Hull+Zero+Three,1
"2010_Bergen,David_TheMatterwithMorris_PW.txt",FIC,English,PW,,2010,Bergen,David,David,Bergen,TheMatterwithMorris,,HarperCollins,ScotiabankGillerPrize,Shortlist,M,Canada,93314,55,0.3653416704,14.67431986,4.1354917,3.458045105,4779,-2.1657,0.34363,-2.5093,-2.994,3.35,439,https://www.goodreads.com/search?q=+The+Matterwith+Morris,0
"2010_Birdsell,Sandra_WaitingForJoe_PW.txt",FIC,English,PW,,2010,Birdsell,Sandra,Sandra,Birdsell,WaitingForJoe,,RandomHouse,GovernorGeneralLiteraryAwardforfiction,Shortlist,F,Canada,94076,29,0.4750957854,19.05915721,4.15,3.836078975,5932,-2.3219,0.17932,-2.5012,-2.977,2.86,176,https://www.goodreads.com/search?q=Sandra+Birdsell+Waiting+For+Joe,0
"2010_BluBuhs,Joshua_BigFoot_NF.txt",NON,English,MIX,,2010,BluBuhs,Joshua,Joshua,BluBuhs,BigFoot,,,,,M,,100470,105,0.1191823899,26.34933124,4.799166281,5.037180038,2149,-2.2723,0.15658,-2.4289,-2.8631,4.16,1222,https://www.goodreads.com/search?q=+Big+Foot,0
"2010_Blum,Deborah_ThePoisonersHandbook_HIST.txt",NON,English,HIST,,2010,Blum,Deborah,Deborah,Blum,ThePoisonersHandbook,,,,,F,US,103900,65,0.1883738043,22.46000865,4.804515858,4.867885355,2775,-2.1094,0.18742,-2.2968,-2.7636,4,33224,https://www.goodreads.com/search?q=Deborah+Blum+The+Poisoners+Handbook,0
"2010_Boyle,Gregory_TattoosontheHeart_ME.txt",NON,English,MEM,,2010,Boyle,Gregory,Gregory,Boyle,TattoosontheHeart,,,,,M,,76657,70,0.1636876764,15.98352794,4.124129003,3.562792189,2853,-2.4393,0.10326,-2.5426,-2.9329,4.48,21457,https://www.goodreads.com/search?q=+Tattoosonthe+Heart,1
"2010_Bujold,LoisMcMaster_Cryoburn_SF.txt",FIC,English,SF,,2010,Bujold,LoisMcMaster,LoisMcMaster,Bujold,Cryoburn,,,,,F,US,130766,60,0.1821045999,15.86003639,4.311644254,3.709788035,6422,-2.3238,0.19657,-2.5204,-3.0208,4.06,14918,https://www.goodreads.com/search?q=+Cryoburn,0
"2010_Burke,JamesLee_TheGlassRainbow_MY.txt",FIC,English,MY,,2010,Burke,JamesLee,JamesLee,Burke,TheGlassRainbow,,,,,M,US,191261,66,0.168452381,15.08843484,4.091821441,3.446424516,9268,-2.2866,0.28933,-2.5759,-3.1613,4.06,510178,https://www.goodreads.com/search?q=+The+Glass+Rainbow,1
"2010_Bush,GeorgeW_DecisionPoints_ME.txt",NON,English,MEM,,2010,Bush,GeorgeW,GeorgeW,Bush,DecisionPoints,,,,,M,,212007,168,0.070516232,17.07118125,4.587486154,4.205496826,6627,-2.2536,0.12585,-2.3794,-2.9631,3.79,39668,https://www.goodreads.com/search?q=+Decision+Points,1
"2010_Bush,Laura_SpokenfromtheHeart_ME.txt",NON,English,MEM,,2010,Bush,Laura,Laura,Bush,SpokenfromtheHeart,,,,,F,,198992,125,0.2742440042,23.38606182,4.459060877,4.534123549,5290,-2.2492,0.16162,-2.4108,-2.994,3.99,7683,https://www.goodreads.com/search?q=+Spokenfromthe+Heart,1
"2010_Carey,Peter_ParrotandOlivier_PW.txt",FIC,English,PW,,2010,Carey,Peter,Peter,Carey,ParrotandOlivier,,Faber&Faber,TheManBookerPrize,Shortlist,M,Australia/US,167885,71,0.0830629461,19.39745812,4.207236751,3.967825293,8096,-2.333,0.21084,-2.5439,-3.1199,3.43,7347,https://www.goodreads.com/search?q=+Parrotand+Olivier,1
"2010_Carter,Shawn_Decoded_ME.txt",NON,English,MEM,,2010,Carter,Shawn,Shawn,Carter,Decoded,,,,,M,,123859,72,0.0562560621,20.31474496,4.0860199,3.831192536,1510,-2.1219,0.20604,-2.328,-2.9232,4.31,13430,https://www.goodreads.com/search?q=+Decoded,1
"2010_Clancy,Tom_DeadorAlive_BS.txt",FIC,English,BS,,2010,Tom,Clancy,Clancy,Tom,DeadorAlive,,,,,M,US,272394,143,0.1027131783,14.40171302,4.33180719,3.530193898,12093,-2.1424,0.2827,-2.4251,-3.1082,3.85,16719,https://www.goodreads.com/search?q=Clancy+Tom+Deador+Alive,0
"2010_Connolly,John_TheWhisperers_MY.txt",FIC,English,MY,,2010,Connolly,John,John,Connolly,TheWhisperers,,,,,M,Ireland,156218,61,0.1664820967,18.26470244,4.166151521,3.834485785,6479,-2.178,0.25588,-2.4339,-3.0145,4.06,6649,https://www.goodreads.com/search?q=John+Connolly+The+Whisperers,1
"2010_Corbett,Christopher_ThePokerBride_NF.txt",NON,English,MIX,,2010,Corbett,Christopher,Christopher,Corbett,ThePokerBride,,,,,M,,90351,60,0.3230865747,25.61695492,4.610641009,4.91315865,1627,-2.2201,0.10802,-2.3282,-2.7779,3.13,263,https://www.goodreads.com/search?q=Christopher+Corbett+The+Poker+Bride,0
"2010_Cronin,Justin_ThePassage_SF.txt",FIC,English,SF,,2010,Cronin,Justin,Justin,Cronin,ThePassage,,,,,M,US,398180,121,0.1389312977,15.09343846,4.110811855,3.442681418,22480,-2.1701,0.3005,-2.4706,-3.363,4.03,201105,https://www.goodreads.com/search?q=Justin+Cronin+The+Passage,0
"2010_DiTerlizzi,Tony_TheSearchforWondLa_MG.txt",FIC,English,MID,,2010,DiTerlizzi,Tony,Tony,DiTerlizzi,TheSearchforWondLa,,,,,M,,95052,20,0.5056695464,12.0060629,4.334635057,3.247433872,7814,-2.1882,0.22943,-2.4176,-2.8655,4.09,11.982,https://www.goodreads.com/search?q=+The+Searchfor+Wond+La,0
"2010_Donoghue,Emma_Room_PW.txt",FIC,English,PW,,2010,Donoghue,Emma,Emma,Donoghue,Room,,HarperCollins,GovernorGeneralLiteraryAwardforfiction,Shortlist,F,Ireland/Canada,122811,42,0.4460093897,13.32584635,3.664326131,2.776216294,5915,-2.4999,0.12105,-2.6209,-3.0702,4.07,767827,https://www.goodreads.com/search?q=Emma+Donoghue+Room,1
"2010_Draper,Sharon_OutofMyMind_MG.txt",FIC,English,MID,,2010,Draper,Sharon,Sharon,Draper,OutofMyMind,,,,,F,,72343,40,0.144324602,11.9102733,3.979641487,2.970922819,3813,-2.323,0.11046,-2.4335,-2.86,4.36,136080,https://www.goodreads.com/search?q=+Outof+My+Mind,1
"2010_Dugoni,Robert_BodilyHarm_MY.txt",FIC,English,MY,,2010,Dugoni,Robert,Robert,Dugoni,BodilyHarm,,,,,M,US,127569,75,0.2060913706,14.46524549,4.34119351,3.589599343,6857,-2.2035,0.21161,-2.4151,-2.926,4.36,6903,https://www.goodreads.com/search?q=Robert+Dugoni+Bodily+Harm,0
"2010_Erskine,Kathryn_Mockingbird_MG.txt",FIC,English,MID,,2010,Erskine,Kathryn,Kathryn,Erskine,Mockingbird,,,,,F,,43450,22,0.1493383743,9.651266104,3.722661739,2.504500634,2326,-2.365,0.12631,-2.4913,-2.8574,4.2,32568,https://www.goodreads.com/search?q=Kathryn+Erskine+Mockingbird,1
"2010_Franzen,Jonathan_Freedom_BS.txt",FIC,English,BS,,2010,Jonathan,Franzen,Franzen,Jonathan,Freedom,,,,,M,US,262549,76,0.2395172521,18.35365257,4.261366483,3.903302696,8185,-2.2396,0.26829,-2.5079,-3.194,3.77,160495,https://www.goodreads.com/search?q=Franzen+Jonathan+Freedom,0
"2010_Frey,JM_Triptych_SF.txt",FIC,English,SF,,2010,Frey,JM,JM,Frey,Triptych,,,,,F,Canada,122292,21,0.2817433845,17.27532137,4.279331557,3.816922188,6987,-2.375,0.13473,-2.5097,-3.0011,3.74,246,https://www.goodreads.com/search?q=JM+Frey+Triptych,0
"2010_Galgut,Damon_InaStrangeRoom_PW.txt",FIC,English,PW,,2010,Galgut,Damon,Damon,Galgut,InaStrangeRoom,,Atlantic,TheManBookerPrize,Shortlist,M,SouthAfrica,66254,14,0.3519230769,18.84893314,4.087749024,3.907590335,2949,-2.453,0.11924,-2.5723,-2.9781,3.62,3676,https://www.goodreads.com/search?q=+Ina+Strange+Room,1
"2010_Gamble,Bruce_FortressRabaul_HIST.txt",NON,English,HIST,,2010,Gamble,Bruce,Bruce,Gamble,FortressRabaul,,,,,M,US,152674,137,0.1111111111,22.93435481,4.869574629,4.919799088,5659,-2.2942,0.17046,-2.4646,-3.0146,4.1,337,https://www.goodreads.com/search?q=Bruce+Gamble+Fortress+Rabaul,0
"2010_George,Elizabeth_ThisBodyofDeath_MY.txt",FIC,English,MY,,2010,George,Elizabeth,Elizabeth,George,ThisBodyofDeath,,,,,F,US,298917,99,0.0912086619,15.59621204,4.196075056,3.6144853,13684,-2.2431,0.29371,-2.5368,-3.2684,4.04,17175,https://www.goodreads.com/search?q=+This+Bodyof+Death,0
"2010_Gerritsen,Tess_IceCold_MY.txt",FIC,English,MY,,2010,Gerritsen,Tess,Tess,Gerritsen,IceCold,,,,,F,US,122673,43,0.1855737705,12.40123332,4.184273072,3.171502439,7874,-2.2225,0.20489,-2.4273,-2.9208,4.16,44368,https://www.goodreads.com/search?q=Tess+Gerritsen+Ice+Cold,0
"2010_Gidwitz,Adam_ATaleDarkandGrimm_MG.txt",FIC,English,MID,,2010,Gidwitz,Adam,Adam,Gidwitz,AtaleDarkAndGrimm,,,,,M,,52958,9,0.4251606979,12.26163464,4.102884192,3.085128984,3990,-2.219,0.11344,-2.3324,-2.7274,4.07,23800,https://www.goodreads.com/search?q=+Atale+Dark+And+Grimm,0
"2010_Gonzales,Laurence_Lucy_SF.txt",FIC,English,SF,,2010,Gonzales,Laurence,Laurence,Gonzales,Lucy,,,,,M,US,125687,36,0.3693650024,12.03206969,4.132808889,3.157018387,8185,-2.1902,0.23235,-2.4226,-2.9424,3.49,2377,https://www.goodreads.com/search?q=Laurence+Gonzales+Lucy,0
"2010_Goodman,Carol_ArcadiaFalls_MY.txt",FIC,English,MY,,2010,Goodman,Carol,Carol,Goodman,ArcadiaFalls,,,,,F,US,153155,55,0.1130360693,17.69146356,4.022481316,3.600288675,8027,-2.271,0.20321,-2.4742,-3.0297,3.66,6410,https://www.goodreads.com/search?q=Carol+Goodman+Arcadia+Falls,1
"2010_Gordon,Jaimy_LordofMisrule_PW.txt",FIC,English,PW,,2010,Gordon,Jaimy,Jaimy,Gordon,LordofMisrule,,McPherson&Co.,TheNationalBookAwards,Winner,F,US,99461,44,0.1550724638,16.27306937,4.001992447,3.525066131,3519,-2.2129,0.30541,-2.5183,-3.0112,4.15,46935,https://www.goodreads.com/search?q=+Lordof+Misrule,1
"2010_Grahame-Smith,Seth_AbrahamLincoln-VampireHunter_BS.txt",FIC,English,BS,,2010,Seth,Grahame-Smith,Grahame-Smith,Seth,AbrahamLincoln-VampireHunter,,,,,M,US,115911,70,0.3301975541,16.9758348,4.295041272,3.814201221,5060,-2.2951,0.14513,-2.4402,-2.9421,3.71,134824,https://www.goodreads.com/search?q=Grahame-Smith+Seth+Abraham+Lincoln-+Vampire+Hunter,1
"2010_Grant,Mira_Feed_SF.txt",FIC,English,SF,,2010,Grant,Mira,Mira,Grant,Feed,,,,,F,US,191167,54,0.2632336018,16.67105607,4.231230666,3.727695517,8262,-2.4099,0.14723,-2.5572,-3.1122,3.86,55544,https://www.goodreads.com/search?q=Mira+Grant+Feed,1
"2010_Grodstein,Lauren_AFriendoftheFamily_CT.txt",FIC,English,NYT,,2010,Grodstein,Lauren,Lauren,Grodstein,AFriendoftheFamily,,,,,F,US,116561,45,0.1629726206,15.09466459,4.045318508,3.322752405,4857,-2.2979,0.22867,-2.5266,-2.9861,3.39,5353,https://www.goodreads.com/search?q=+A+Friendofthe+Family,1
"2010_Gwynne,SC_EmpireoftheSummerMoon_HIST.txt",NON,English,BIO,,2010,Gwynne,SC,SC,Gwynne,EmpireoftheSummerMoon,,,,,M,US,156129,115,0.0897653859,23.19895988,4.651486669,4.718571089,3998,-2.2541,0.19583,-2.4499,-3.0118,4.2,42293,https://www.goodreads.com/search?q=+Empireofthe+Summer+Moon,0
"2010_Haldeman,Joe_Starbound_SF.txt",FIC,English,SF,,2010,Haldeman,Joe,Joe,Haldeman,Starbound,,,,,M,US,95284,26,0.1754385965,13.78729562,4.208068541,3.438655976,3096,-2.3033,0.21407,-2.5174,-2.978,3.52,1574,https://www.goodreads.com/search?q=Joe+Haldeman+Starbound,1
"2010_Halpern,Justin_ShitmyDadSays_ME.txt",NON,English,MEM,,2010,Halpern,Justin,Justin,Halpern,ShitmyDadSays,,,,,M,,42249,16,0.137254902,16.91990388,3.9379361,3.463347445,1865,-2.3285,0.16577,-2.4943,-2.857,3.97,153158,https://www.goodreads.com/search?q=+Shitmy+Dad+Says,1
"2010_Hand,Dana_DeepCreek_MY.txt",FIC,English,MY,,2010,Hand,Dana,Dana,Hand,DeepCreek,,,,,o,US,115451,79,0.2492059614,13.49357176,4.284995517,3.392520749,5468,-2.3318,0.17249,-2.5042,-2.9942,3.77,1101,https://www.goodreads.com/search?q=Dana+Hand+Deep+Creek,0
"2010_Handler,Chelsea_ChelseaChelsea_ME.txt",NON,English,MEM,,2010,Handler,Chelsea,Chelsea,Handler,ChelseaChelsea,,,,,F,,68057,55,0.1244841816,17.14282116,4.056669618,3.59373091,2590,-2.3299,0.10684,-2.4368,-2.8337,3.84,160516,https://www.goodreads.com/search?q=Chelsea+Handler+Chelsea+Chelsea,1
"2010_Hannah,Kristin_WinterGarden_BS.txt",FIC,English,BS,,2010,Kristin,Hannah,Hannah,Kristin,WinterGarden,,,,,F,US,163345,39,0.2075980392,13.60528069,4.097425565,3.282571471,9156,-2.2522,0.25623,-2.5085,-3.0957,4.23,191806,https://www.goodreads.com/search?q=Hannah+Kristin+Winter+Garden,0.86
"2010_HaydenTaylor,Drew_MotorcyclesandSweetgrass_PW.txt",FIC,English,PW,,2010,HaydenTaylor,Drew,Drew Hayden,Taylor,MotorcyclesandSweetgrass,,AlfredA.Knopf,GovernorGeneralLiteraryAwardforfiction,Shortlist,M,Canada,119487,35,0.2181292886,12.85497579,4.215287375,3.322497218,5452,-2.1476,0.33869,-2.4863,-2.9941,3.78,1805,https://www.goodreads.com/search?q=+Motorcyclesand+Sweetgrass,0
"2010_Herlihy,David_TheLostCyclist_NF.txt",NON,English,MIX,,2010,Herlihy,David,David,Herlihy,TheLostCyclist,,,,,M,,120754,60,0.2652787105,21.82432677,4.725130815,4.69390826,4990,-2.3465,0.10985,-2.4563,-2.9487,3.47,828,https://www.goodreads.com/search?q=David+Herlihy+The+Lost+Cyclist,0
"2010_Hsieh,Tony_DeliveringHappiness_ME.txt",NON,English,MEM,,2010,Hsieh,Tony,Tony,Hsieh,DeliveringHappiness,,,,,M,,86850,21,0.1883561644,21.23471883,4.287700079,4.297400824,1460,-2.2153,0.097152,-2.3124,-2.7566,4.03,70008,https://www.goodreads.com/search?q=Tony+Hsieh+Delivering+Happiness,1
"2010_Hyde,Lewis_CommonasAir_NF.txt",NON,English,MIX,,2010,Hyde,Lewis,Lewis,Hyde,CommonasAir,,,,,M,,97573,35,0.3201058201,29.94874156,4.687569163,5.29425758,577,-2.2798,0.11854,-2.3984,-2.8286,3.92,296,https://www.goodreads.com/search?q=+Commonas+Air,0
"2010_Jacobson,Howard_FinklerQuestion_PW.txt",FIC,English,PW,,2010,Jacobson,Howard,Howard,Jacobson,FinklerQuestion,,Bloomsbury,TheManBookerPrize,Winner,M,UK,138743,58,0.2396327014,14.16033884,4.202176567,3.501161664,3914,-2.2132,0.26576,-2.479,-3.0032,2.8,14758,https://www.goodreads.com/search?q=Howard+Jacobson+Finkler+Question,0
"2010_Kerman,Piper_OrangeistheNewBlack_ME.txt",NON,English,MEM,,2010,Kerman,Piper,Piper,Kerman,OrangeistheNewBlack,,,,,F,,123296,78,0.0885630499,17.87675801,4.260865025,3.916879328,4022,-2.3417,0.1787,-2.5204,-2.9866,3.71,193078,https://www.goodreads.com/search?q=+Orangeisthe+New+Black,1
"2010_King,LaurieR_TheGodoftheHive_MY.txt",FIC,English,MY,,2010,King,LaurieR,LaurieR,King,TheGodoftheHive,,,,,F,US,130111,43,0.1681710214,18.96938329,4.255518486,3.953215653,7131,-2.2539,0.25953,-2.5135,-3.0387,4.19,12747,https://www.goodreads.com/search?q=+The+Godofthe+Hive,1
"2010_Kingsolver,Barbara_TheLacuna_PW.txt",FIC,English,PW,,2010,Kingsolver,Barbara,Barbara,Kingsolver,TheLacuna,,HarperCollins,PEN/FaulknerAwardforFiction,Shortlist,F,US,200891,108,0.1145900581,15.00418254,4.287597656,3.646441527,5202,-2.2583,0.21333,-2.4717,-3.0718,3.78,66600,https://www.goodreads.com/search?q=Barbara+Kingsolver+The+Lacuna,1
"2010_Kinney,Jeff_TheUglyTruth_MG.txt",FIC,English,MID,,2010,Kinney,Jeff,Jeff,Kinney,TheUglyTruth,,,,,M,,22707,23,0.1942307692,18.64285714,3.891603579,3.584405591,743,-2.3902,0.063404,-2.4536,-2.8145,4.19,118903,https://www.goodreads.com/search?q=Jeff+Kinney+The+Ugly+Truth,1
"2010_Krauss,Nicole_GreatHouse_PW.txt",FIC,English,PW,,2010,Krauss,Nicole,Nicole,Krauss,GreatHouse,,W.W.Norton&Co.,TheNationalBookAwards,Shortlist,F,US,129555,28,0.1738693467,21.5458174,4.080041544,4.067068201,6223,-2.4257,0.13629,-2.562,-3.0892,3.48,17709,https://www.goodreads.com/search?q=Nicole+Krauss+Great+House,1
"2010_Laurie,Victoria_AGlimpseofEvil_MY.txt",FIC,English,MY,,2010,Laurie,Victoria,Victoria,Laurie,AGlimpseofEvil,,,,,F,US,104430,39,0.2280701754,14.49007909,4.009562089,3.321176945,6935,-2.35,0.2007,-2.5507,-3.009,4.14,4722,https://www.goodreads.com/search?q=+A+Glimpseof+Evil,1
"2010_Lerangis,Peter_TheVipersNest_MG.txt",FIC,English,MID,,2010,Lerangis,Peter,Peter,Lerangis,TheVipersNest,,,,,M,,52639,39,0.2738853503,10.81549209,4.208550342,2.905822117,3716,-2.2447,0.1849,-2.4296,-2.8068,3.98,44179,https://www.goodreads.com/search?q=Peter+Lerangis+The+Vipers+Nest,0
"2010_Levy,Andrea_TheLongSong_PW.txt",FIC,English,PW,,2010,Levy,Andrea,Andrea,Levy,TheLongSong,,HeadlineReview,TheManBookerPrize,Shortlist,F,UK,113238,55,0.307743882,20.69407895,4.231460906,4.08876129,5633,-2.2813,0.1266,-2.4079,-2.8961,3.75,9213,https://www.goodreads.com/search?q=Andrea+Levy+The+Long+Song,0
"2010_Maberry,Jonathan_RotandRuin_SF.txt",FIC,English,SF,,2010,Maberry,Jonathan,Jonathan,Maberry,RotandRuin,,,,,M,US,142861,38,0.3404997095,13.19001016,4.046921148,3.146999295,8687,-2.2287,0.24014,-2.4688,-3.0231,5,10,https://www.goodreads.com/search?q=Jonathan+Maberry+Rotand+Ruin,0
"2010_MacLeod,Alexander_LightLifting_PW.txt",FIC,English,PW,,2010,MacLeod,Alexander,Alexander,MacLeod,LightLifting,,Biblioasis,ScotiabankGillerPrize,Shortlist,M,Canada,79333,25,0.1325301205,14.40061717,4.072008319,3.431008996,2823,-2.3176,0.13963,-2.4572,-2.8983,3.91,1164,https://www.goodreads.com/search?q=Alexander+MacLeod+Light+Lifting,1
"2010_Mccarthy,Tom_C_PW.txt",FIC,English,PW,,2010,Mccarthy,Tom,Tom,McCarthy,C,,Cape,TheManBookerPrize,Shortlist,M,UK,149724,65,0.434849653,20.99915849,4.443841139,4.15970553,7563,-2.3434,0.11023,-2.4536,-2.943,3.17,3435,https://www.goodreads.com/search?q=Tom+Mccarthy+C,0
"2010_McGuire,DanielleL_AttheDarkEnd_HIST.txt",NON,English,HIST,,2010,McGuire,DanielleL,DanielleL,McGuire,AttheDarkEnd,,,,,F,US,107196,128,0.0693028944,26.76554307,4.802113719,5.048785999,4047,-2.1484,0.21501,-2.3634,-2.8557,4.45,3131,https://www.goodreads.com/search?q=+Atthe+Dark+End,0
"2010_McKinlay,Jenn_SprinklewithMurder_MY.txt",FIC,English,MY,,2010,McKinlay,Jenn,Jenn,McKinlay,SprinklewithMurder,,,,,F,US,74568,29,0.3063204005,13.2848744,4.075429673,3.197897489,4886,-2.3351,0.21971,-2.5548,-2.9768,3.89,8899,https://www.goodreads.com/search?q=+Sprinklewith+Murder,0
"2010_Moore,Lorrie_GateAt_PW.txt",FIC,English,PW,,2010,Moore,Lorrie,Lorrie,Moore,GateAt,,BondStreetBooks,PEN/FaulknerAwardforFiction,Shortlist,F,US,131672,36,0.3085399449,15.87940183,4.163214414,3.569619282,5361,-2.3189,0.20138,-2.5203,-3.0067,3.16,17427,https://www.goodreads.com/search?q=Lorrie+Moore+Gate+At,1
"2010_Nix,Garth_LordSunday_MG.txt",FIC,English,MID,,2010,Nix,Garth,Garth,Nix,LordSunday,,,,,M,,80088,39,0.2530214425,16.62611584,4.254450246,3.682244074,5267,-2.1904,0.26789,-2.4583,-2.8899,4.01,14967,https://www.goodreads.com/search?q=Garth+Nix+Lord+Sunday,0
"2010_Nunez,Sigrid_SalvationCity_SF.txt",FIC,English,SF,,2010,Nunez,Sigrid,Sigrid,Nunez,SalvationCity,,,,,F,US,93371,28,0.4388525415,16.93651369,4.074386218,3.658683736,2758,-2.2637,0.2208,-2.4845,-2.9592,3.14,957,https://www.goodreads.com/search?q=Sigrid+Nunez+Salvation+City,0
"2010_ParkerRhodes,Jewell_NinthWard_MG.txt",FIC,English,MID,,2010,ParkerRhodes,Jewell,Jewell,ParkerRhodes,NinthWard,,,,,F,,44091,20,0.2836812144,9.752488388,3.870156947,2.512025569,2398,-2.2185,0.15854,-2.3771,-2.753,4.27,89743,https://www.goodreads.com/search?q=+Ninth+Ward,1
"2010_Patterson,James_9thJudgment_BS.txt",FIC,English,BS,,2010,James,Patterson,Patterson,James,9thJudgment,,,,,M,US,82179,63,0.1108374384,14.30692897,4.083469043,3.302844994,5734,-2.2218,0.24909,-2.4709,-2.9067,4.12,48011,https://www.goodreads.com/search?q=Patterson+James+9th+Judgment,1
"2010_Patterson,James_CrossFire_BS.txt",FIC,English,BS,,2010,James,Patterson,Patterson,James,CrossFire,,,,,M,US,88428,66,0.1256952169,13.9015878,4.052708943,3.252232916,4093,-2.3423,0.27423,-2.6166,-3.0437,4.09,32072,https://www.goodreads.com/search?q=Patterson+James+Cross+Fire,1
"2010_Pennypacker,Sara+ClementineFriendoftheWeek_MG.txt",FIC,English,MID,,2010,Pennypacker,Sara,Sara,Pennypacker,ClementineFriendOfTheWeek,,,,,F,,20624,10,0.4013605442,13.05316456,3.933816918,3.057330784,1178,-2.4291,0.073617,-2.5027,-2.8786,4.15,3256,https://www.goodreads.com/search?q=Sara+Pennypacker+Clementine+Friend+Of+The+Week,1
"2010_Pfeffer,SusanBeth_ThisWorldWeLiveIn_SF.txt",FIC,English,SF,YA,2010,Pfeffer,SusanBeth,SusanBeth,Pfeffer,ThisWorldWeLiveIn,,,,,F,US,91192,35,0.1628211851,12.56434279,3.813136755,2.893679447,4348,-2.2939,0.14385,-2.4378,-2.9088,3.8,31032,https://www.goodreads.com/search?q=+This+World+We+Live+In,1
"2010_Picoult,Jodi_HouseRules_BS.txt",FIC,English,BS,,2010,Jodi,Picoult,Picoult,Jodi,HouseRules,,,,,F,US,220666,63,0.4540080397,15.31977229,3.996199852,3.362872111,9329,-2.3036,0.2354,-2.539,-3.1593,4.02,159748,https://www.goodreads.com/search?q=Picoult+Jodi+House+Rules,1
"2010_Pineiro,Caridad_StrongerthanSin_ROM.txt",FIC,English,ROM,,2010,Pineiro,Caridad,Caridad,Pineiro,StrongerthanSin,,,,,F,US/Cuba,92347,29,0.2813837375,14.92597382,4.297590562,3.682518452,7893,-2.2789,0.23969,-2.5185,-2.9748,3.71,142,https://www.goodreads.com/search?q=+Strongerthan+Sin,0
"2010_Potter,Ellen_TheKneeboneBoy_MG.txt",FIC,English,MID,,2010,Potter,Ellen,Ellen,Potter,TheKneeboneBoy,,,,,F,,82135,28,0.2943083573,14.54231586,4.145755834,3.383251809,4934,-2.3559,0.1797,-2.5356,-2.9512,3.94,3267,https://www.goodreads.com/search?q=Ellen+Potter+The+Kneebone+Boy,0
"2010_Powers,William_HamletsBlackberry_NF.txt",NON,English,MIX,,2010,Powers,William,William,Powers,HamletsBlackberry,,,,,M,,83335,15,0.162371134,21.72445255,4.517228588,4.605779536,764,-2.312,0.15105,-2.463,-2.883,3.61,1863,https://www.goodreads.com/search?q=William+Powers+Hamlets+Blackberry,0.96
"2010_Puleo,Stephen_DarkTide_HIST.txt",NON,English,HIST,,2010,Puleo,Stephen,Stephen,Puleo,DarkTide,,,,,M,US,95672,73,0.0909090909,27.53943581,4.740673959,5.057222769,3371,-2.1005,0.19166,-2.2922,-2.7642,4,4173,https://www.goodreads.com/search?q=Stephen+Puleo+Dark+Tide,0
"2010_Rajaniemi,Hannu_TheQuantumThief_SF.txt",FIC,English,SF,,2010,Rajaniemi,Hannu,Hannu,Rajaniemi,TheQuantumThief,,,,,M,Finland,113281,44,0.227443609,12.71106373,4.210598358,3.314657927,5437,-2.3332,0.2262,-2.5594,-3.029,3.83,21044,https://www.goodreads.com/search?q=Hannu+Rajaniemi+The+Quantum+Thief,1
"2010_Rhode,DeborahL_TheBeautyBias_NF.txt",NON,English,MIX,,2010,Rhode,DeborahL,DeborahL,Rhode,TheBeautyBias,,,,,F,,55085,3,0.3684210526,27.57007007,5.320563474,5.837898592,187,-2.2121,0.10706,-2.3192,-2.6987,3.31,159,https://www.goodreads.com/search?q=+The+Beauty+Bias,0
"2010_Richards,DouglasE_Wired_SF.txt",FIC,English,SF,,2010,Richards,DouglasE,DouglasE,Richards,Wired,,,,,M,US,117807,21,0.3711407215,14.71300112,4.370926835,3.729905339,5885,-2.2402,0.21823,-2.4584,-2.9327,4.14,45055,https://www.goodreads.com/search?q=+Wired,0
"2010_Richards,Keith_Life_ME.txt",NON,English,MEM,,2010,Richards,Keith,Keith,Richards,Life,,,,,M,,244607,163,0.0962592328,16.23892983,4.005765934,3.512461007,5685,-2.3486,0.20205,-2.5507,-3.1775,3.87,89747,https://www.goodreads.com/search?q=Keith+Richards+Life,1
"2010_Ridley,Matt_TheRationalOptimist_HIST.txt",NON,English,HIST,,2010,Ridley,Matt,Matt,Ridley,TheRationalOptimist,,,,,M,UK,131170,24,0.1832061069,26.98971193,4.796930148,5.227783468,382,-2.1607,0.090954,-2.2517,-2.737,3.98,10348,https://www.goodreads.com/search?q=Matt+Ridley+The+Rational+Optimist,0
"2010_Ringo,John_LiveFreeorDie_SF.txt",FIC,English,SF,,2010,Ringo,John,John,Ringo,LiveFreeorDie,,,,,M,US,183575,92,0.3990675991,12.43648804,4.26065965,3.240002913,6150,-2.2749,0.14457,-2.4195,-2.9607,4.17,8722,https://www.goodreads.com/search?q=John+Ringo+Live+Freeor+Die,0
"2010_Roberts,Nora_SavortheMoment_BS.txt",FIC,English,BS,,2010,Nora,Roberts,Roberts,Nora,SavortheMoment,,,,,F,US,124266,30,0.2398843931,11.50504583,3.980211095,2.83959807,6063,-2.2665,0.23035,-2.4968,-2.9885,4.14,54633,https://www.goodreads.com/search?q=+Savorthe+Moment,0
"2010_Robotham,Michael_BleedForMe_MY.txt",FIC,English,MY,,2010,Robotham,Michael,Michael,Robotham,BleedForMe,,,,,M,Australia,149573,62,0.1050046055,10.97622367,4.162657474,2.967417173,7932,-2.2337,0.25304,-2.4868,-3.0138,4.1,8184,https://www.goodreads.com/search?q=Michael+Robotham+Bleed+For+Me,1
"2010_Sandford,John_StolenPrey_BS.txt",FIC,English,BS,,2010,John,Sandford,Sandford,John,StolenPrey,,,,,M,US,133010,67,0.2676448267,15.96950414,4.072657726,3.427373211,7260,-2.202,0.25089,-2.4529,-2.9619,4.2,23177,https://www.goodreads.com/search?q=Sandford+John+Stolen+Prey,0
"2010_Seife,Charles_Proofiness_NF.txt",NON,English,MIX,,2010,Seife,Charles,Charles,Seife,Proofiness,,,,,M,,75402,37,0.131294964,23.0587156,4.748069921,4.928035871,470,-2.1012,0.062568,-2.1638,-2.5357,3.67,1489,https://www.goodreads.com/search?q=Charles+Seife+Proofiness,0
"2010_Selecky,Sarah_CakeisForPartyStories_PW.txt",FIC,English,PW,,2010,Selecky,Sarah,Sarah,Selecky,CakeisForPartyStories,,ThomasAllen,ScotiabankGillerPrize,Shortlist,M,Canada,68612,43,0.0723350254,12.83186834,4.043764785,3.215369815,4131,-2.2768,0.15135,-2.4282,-2.8482,3.65,1261,https://www.goodreads.com/search?q=+Cakeis+For+Party+Stories,1
"2010_Shriver,Lionel_SoMuchforThat_PW.txt",FIC,English,PW,,2010,Shriver,Lionel,Lionel,Shriver,SoMuchforThat,,HarperCollins,TheNationalBookAwards,Shortlist,F,US,208978,48,0.3858943416,17.68003384,4.349786924,3.94286692,4957,-2.2718,0.25302,-2.5248,-3.1205,3.74,8397,https://www.goodreads.com/search?q=+So+Muchfor+That,0
"2010_Shteyngart,Gary_SuperSadTrueLoveStory_SF.txt",FIC,English,SF,,2010,Shteyngart,Gary,Gary,Shteyngart,SuperSadTrueLoveStory,,,,,M,US/Russia,141784,63,0.2019660411,17.14230444,4.262912765,3.723744455,5234,-2.1487,0.38108,-2.5298,-3.0438,3.45,39345,https://www.goodreads.com/search?q=Gary+Shteyngart+Super+Sad+True+Love+Story,1
"2010_Skibsrud,Johanna_Sentimentalists_PW.txt",FIC,English,PW,,2010,Skibsrud,Johanna,Johanna,Skibsrud,Sentimentalists,,GaspereauPress,ScotiabankGillerPrize,Winner,F,Canada,64105,25,0.2718894009,18.67317215,4.048362372,3.735647544,2546,-2.2669,0.16567,-2.4326,-2.8648,2.74,3270,https://www.goodreads.com/search?q=Johanna+Skibsrud+Sentimentalists,1
"2010_Smith,Angie_IWillCarryYou_ME.txt",NON,English,MEM,,2010,Smith,Angie,Angie,Smith,IWillCarryYou,,,,,F,,63344,26,0.2113924051,18.05701254,3.988561451,3.726035286,2564,-2.3676,0.16353,-2.5311,-2.9792,4.45,2960,https://www.goodreads.com/search?q=Angie+Smith+I+Will+Carry+You,1
"2010_Smith,Patti_JustKids_ME.txt",NON,English,MEM,,2010,Smith,Patti,Patti,Smith,JustKids,,,,,F,,93685,73,0.3367174281,16.64327589,4.268321991,3.853506069,3886,-2.3488,0.17182,-2.5206,-2.9737,4.17,219962,https://www.goodreads.com/search?q=Patti+Smith+Just+Kids,1
"2010_Snyder,MariaV_InsideOut_SF.txt",FIC,English,SF,YA,2010,Snyder,MariaV,MariaV,Snyder,InsideOut,,,,,F,US,99035,35,0.1517811048,11.2808976,4.139406988,3.047263967,6492,-2.3451,0.20796,-2.5531,-3.0065,4.12,54214,https://www.goodreads.com/search?q=+Inside+Out,1
"2010_Snyder,Timothy_Bloodlands_HIST.txt",NON,English,HIST,,2010,Snyder,Timothy,Timothy,Snyder,Bloodlands,,,,,M,US,189553,86,0.1719083156,25.20651596,4.864642413,5.144312171,1975,-2.2579,0.13391,-2.3918,-3.0355,4.34,12536,https://www.goodreads.com/search?q=Timothy+Snyder+Bloodlands,0
"2010_Sparks,Nicholas_SafeHaven_BS.txt",FIC,English,BS,,2010,Nicholas,Sparks,Sparks,Nicholas,SafeHaven,,,,,M,US,142181,34,0.2352087114,14.48019147,4.084294864,3.375904384,8967,-2.1861,0.21164,-2.3977,-3.0007,4.21,359254,https://www.goodreads.com/search?q=Sparks+Nicholas+Safe+Haven,0
"2010_Traister,Rebecca_BigGirlsDontCry_NF.txt",NON,English,MIX,,2010,Traister,Rebecca,Rebecca,Traister,BigGirlsDontCry,,,,,F,,132637,98,0.223062954,27.39867796,4.660293811,5.066222158,2883,-2.3407,0.1502,-2.4909,-3.0191,4.17,1766,https://www.goodreads.com/search?q=Rebecca+Traister+Big+Girls+Dont+Cry,0.83
"2010_Tufo,Mark_ZombieFallout_SF.txt",FIC,English,SF,,2010,Tufo,Mark,Mark,Tufo,ZombieFallout,,,,,M,US,123909,40,0.1070752932,14.9018641,4.066122341,3.448980035,7174,-2.4365,0.13516,-2.5716,-3.0511,4.04,11477,https://www.goodreads.com/search?q=Mark+Tufo+Zombie+Fallout,1
"2010_Wagner,Hilary_NightshadeCity_MG.txt",FIC,English,MID,,2010,Wagner,Hilary,Hilary,Wagner,NightShadeCity,,,,,F,,99793,55,0.2067736185,13.74369922,4.367426213,3.535352213,6081,-2.2532,0.19366,-2.4468,-2.942,4.12,450,https://www.goodreads.com/search?q=+Night+Shade+City,0
"2010_Walton,Jo_AmongOthers_SF.txt",FIC,English,SF,YA,2010,Walton,Jo,Jo,Walton,AmongOthers,,,,,F,UK/Canada,124207,65,0.1096813725,15.77031488,3.927554944,3.339879558,4053,-2.4016,0.16776,-2.5694,-3.0638,3.7,23052,https://www.goodreads.com/search?q=Jo+Walton+Among+Others,1
"2010_Warren,Dianne_CoolWater_PW.txt",FIC,English,PW,,2010,Warren,Dianne,Dianne,Warren,CoolWater,,PhyllisBruceBooks,GovernorGeneralLiteraryAwardforfiction,Winner,F,US/Canada,124068,57,0.1086902699,18.79248713,4.053645736,3.718702332,6627,-2.1755,0.23079,-2.4063,-2.9213,3.69,2799,https://www.goodreads.com/search?q=Dianne+Warren+Cool+Water,0
"2010_Watson,Brad_AliensinthePrimeofTheirLives_PW.txt",FIC,English,PW,,2010,Watson,Brad,Brad,Watson,AliensinthePrimeofTheirLives,,W.W.Norton&Co.,PEN/FaulknerAwardforFiction,Shortlist,M,US,23916,6,0.6213017751,16.48242591,4.068583514,3.551572412,1352,-2.2815,0.070664,-2.3521,-2.7391,3.94,439,https://www.goodreads.com/search?q=+Aliensinthe+Primeof+Their+Lives,0.08
"2010_Webber,Heather_TrulyMadly_MY.txt",FIC,English,MY,,2010,Webber,Heather,Heather,Webber,TrulyMadly,,,,,F,US,88446,48,0.1372756072,11.00211469,4.014571975,2.847659851,5389,-2.3625,0.19873,-2.5612,-2.9963,3.92,6617,https://www.goodreads.com/search?q=Heather+Webber+Truly+Madly,1
"2010_Weintraub,Jerry_WhenIStopTalking_ME.txt",NON,English,MEM,,2010,Weintraub,Jerry,Jerry,Weintraub,WhenIStopTalking,,,,,M,,94172,63,0.2037765539,14.64344581,3.990212136,3.295625059,3604,-2.2885,0.17713,-2.4657,-2.9167,4.12,3776,https://www.goodreads.com/search?q=Jerry+Weintraub+When+I+Stop+Talking,1
"2010_Whitehead,Colson_SagHarbor_PW.txt",FIC,English,PW,,2010,Whitehead,Colson,Colson,Whitehead,SagHarbor,,Doubleday,PEN/FaulknerAwardforFiction,Shortlist,M,US,122256,45,0.1386470194,17.21430583,4.209354163,3.748853793,4571,-2.3232,0.1877,-2.5109,-2.9853,3.51,8385,https://www.goodreads.com/search?q=Colson+Whitehead+Sag+Harbor,1
"2010_Wilkerson,Isabel_TheWarmthofOtherSuns_HIST.txt",NON,English,HIST,,2010,Wilkerson,Isabel,Isabel,Wilkerson,TheWarmthofOtherSuns,,,,,F,US,242511,117,0.174120603,20.48927002,4.293531094,4.12052588,7111,-2.1473,0.26833,-2.4157,-3.1066,4.43,86392,https://www.goodreads.com/search?q=+The+Warmthof+Other+Suns,0
"2010_WilliamsGarcia,Rita_OneCrazySummer_MG.txt",FIC,English,MID,,2010,WilliamsGarcia,Rita,Rita,WilliamsGarcia,OneCrazySummer,,,,,F,,56164,30,0.2055,13.20263282,3.992322864,3.173530581,2726,-2.2991,0.14317,-2.4423,-2.8213,4,34075,https://www.goodreads.com/search?q=+One+Crazy+Summer,1
"2010_Willis,Connie_AllClear_SF.txt",FIC,English,SF,,2010,Willis,Connie,Connie,Willis,AllClear,,,,,F,US,317441,148,0.1682542866,14.56819642,4.072208311,3.227950589,17577,-2.2592,0.24232,-2.5015,-3.2411,3.84,24133,https://www.goodreads.com/search?q=Connie+Willis+All+Clear,0
"2010_Willis,Connie_Blackout_SF.txt",FIC,English,SF,,2010,Willis,Connie,Connie,Willis,Blackout,,,,,F,US,248103,119,0.1229206536,14.8493536,4.112944562,3.305566723,13497,-2.2516,0.20949,-2.4611,-3.1321,3.84,24133,https://www.goodreads.com/search?q=Connie+Willis+Blackout,0
"2010_Wilson,Norah_GuardingSuzannah_ROM.txt",FIC,English,ROM,,2010,Wilson,Norah,Norah,Wilson,GuardingSuzannah,,,,,F,Canada,84541,20,0.252794497,12.3435538,4.148191057,3.149855811,5028,-2.3252,0.23809,-2.5633,-2.9823,3.91,2191,https://www.goodreads.com/search?q=Norah+Wilson+Guarding+Suzannah,0
"2010_Winter,Kathleen_Annabel_PW.txt",FIC,English,PW,,2010,Winter,Kathleen,Kathleen,Winter,Annabel,,HouseofAnansiPress,GovernorGeneralLiteraryAwardforfiction,Shortlist,F,Canada,130378,55,0.2061917644,16.77966538,4.111448303,3.687879768,3934,-2.2012,0.2197,-2.4209,-2.9426,3.83,11359,https://www.goodreads.com/search?q=Kathleen+Winter+Annabel,0
"2010_WiseBauer,Susan_TheHistoryoftheMedievalWorld_HIST.txt",NON,English,HIST,,2010,WiseBauer,Susan,Susan,WiseBauer,TheHistoryoftheMedievalWorld,,,,,F,US,259808,430,0.0177593607,29.40667799,4.659752477,5.132549381,8869,-2.2925,0.18531,-2.4779,-3.1206,4.09,4774,https://www.goodreads.com/search?q=+The+Historyofthe+Medieval+World,0
"2010_Wood,Maryrose_TheMysteriousHowling_MG.txt",FIC,English,MID,,2010,Maryose,Maryrose,Maryrose,Maryose,TheMysteriousHowling,,,,,F,,62521,26,0.275147929,17.08690899,4.478600713,3.998700255,2839,-2.3824,0.15673,-2.5391,-2.9411,3.92,20905,https://www.goodreads.com/search?q=+The+Mysterious+Howling,0
"2010_Yousef,MosabHassan_SonsofHamas_ME.txt",NON,English,MEM,,2010,Yousef,MosabHassan,MosabHassan,Yousef,SonsofHamas,,,,,M,,92748,46,0.0914396887,16.07139144,4.279066003,3.835567278,3424,-2.1681,0.26021,-2.4283,-2.9245,4.16,9441,https://www.goodreads.com/search?q=+Sonsof+Hamas,1
"2011_Aaronovitch,Ben_MidnightRiot_MY.txt",FIC,English,MY,,2011,Aaronovitch,Ben,Ben,Aaronovitch,MidnightRiot,,,,,M,UK,125071,56,0.2512626263,17.19425351,4.203502473,3.732537168,7428,-2.2991,0.20633,-2.5054,-2.9851,3.87,112003,https://www.goodreads.com/search?q=Ben+Aaronovitch+Midnight+Riot,1
"2011_Adams,Mark_TurnRightatMachuPicchu_ME.txt",NON,English,MEM,,2011,Adams,Mark,Mark,Adams,TurnRightatMachuPicchu,,,,,M,,110261,67,0.3014861996,20.99409749,4.501410755,4.414226038,3933,-2.3292,0.18485,-2.514,-2.9845,3.85,16935,https://www.goodreads.com/search?q=+Turn+Rightat+Machu+Picchu,1
"2011_Auel,JeanM._TheLandofPaintedCaves_BS.txt",FIC,English,BS,,2011,JeanM.,Auel,Auel,JeanM.,TheLandofPaintedCaves,,,,,F,US,374984,117,0.3447771384,18.33931628,4.206550368,3.944080546,18523,-2.1417,0.29295,-2.4346,-3.3918,3.38,30937,https://www.goodreads.com/search?q=+The+Landof+Painted+Caves,0
"2011_Baldacci,David_OneSummer_BS.txt",FIC,English,BS,,2011,David,Baldacci,Baldacci,David,OneSummer,,,,,M,US,95284,36,0.386899296,11.77799753,4.023725305,2.974198515,6111,-2.1916,0.27474,-2.4664,-2.9619,3.76,25066,https://www.goodreads.com/search?q=Baldacci+David+One+Summer,0
"2011_Baldacci,David_TheSixthMan_BS.txt",FIC,English,BS,,2011,David,Baldacci,Baldacci,David,TheSixthMan,,,,,M,US,157930,42,0.1824383803,11.70285291,4.140519534,3.075562523,7839,-2.1774,0.29626,-2.4737,-3.046,4.17,47741,https://www.goodreads.com/search?q=Baldacci+David+The+Sixth+Man,0
"2011_Baldacci,David_ZeroDay_BS.txt",FIC,English,BS,,2011,David,Baldacci,Baldacci,David,ZeroDay,,,,,M,US,166444,56,0.3307793923,11.30810517,4.121510065,3.038178595,7586,-2.2057,0.24588,-2.4516,-3.0163,4.04,72393,https://www.goodreads.com/search?q=Baldacci+David+Zero+Day,0
"2011_Barnes,Julian_SenseofAn_PW.txt",FIC,English,PW,,2011,Barnes,Julian,Julian,Barnes,SenseofAn,,Cape,TheManBookerPrize,Winner,M,UK,51815,19,0.2374213836,16.59673286,4.177508218,3.706726494,1522,-2.4114,0.14597,-2.5574,-2.9479,3.73,165294,https://www.goodreads.com/search?q=+Senseof+An,1
"2011_Bear,Elizabeth_Grail_SF.txt",FIC,English,SF,,2011,Bear,Elizabeth,Elizabeth,Bear,Grail,,,,,F,US,116872,51,0.165786385,17.10405386,4.513284295,4.079302586,5407,-2.3395,0.19154,-2.531,-3.0089,3.93,678,https://www.goodreads.com/search?q=Elizabeth+Bear+Grail,0
"2011_Bellos,David_IsThataFishinYourEar_NF.txt",NON,English,MIX,,2011,Bellos,David,David,Bellos,IsThataFishinYourEar,,,,,M,,110462,33,0.0611620795,29.3938265,4.778705078,5.357063018,328,-2.2526,0.11335,-2.366,-2.8456,3.79,2447,https://www.goodreads.com/search?q=+Is+Thata+Fishin+Your+Ear,0
"2011_Bezmozgis,David_TheFreeWorld_PW.txt",FIC,English,PW,,2011,Bezmozgis,David,David,Bezmozgis,TheFreeWorld,,Harpercollins,GovernorGeneralLiteraryAwardforfiction,Shortlist,M,Canada,115431,54,0.2484798231,14.58382817,4.383064434,3.730728434,5714,-2.2009,0.22296,-2.4239,-2.9054,3.37,1735,https://www.goodreads.com/search?q=David+Bezmozgis+The+Free+World,1
"2011_Bick,IlsaJ_Ashes_SF.txt",FIC,English,SF,YA,2011,Bick,IlsaJ,IlsaJ,Bick,Ashes,,,,,F,US,136721,43,0.2462984055,13.71461531,4.031495274,3.128946482,7770,-2.1261,0.30245,-2.4286,-2.9457,4.13,849777,https://www.goodreads.com/search?q=+Ashes,0
"2011_Birch,Carol_JamrachsMenagerie_PW.txt",FIC,English,PW,,2011,Birch,Carol,Carol,Birch,JamrachsMenagerie,,Canongate,TheManBookerPrize,Shortlist,F,UK,130882,52,0.1426043878,13.28077118,3.940781585,3.063622246,8705,-2.3375,0.16179,-2.4993,-3.0177,3.58,7648,https://www.goodreads.com/search?q=Carol+Birch+Jamrachs+Menagerie,1
"2011_Birdsall,Jeanne_ThePenderwicksatPointMouette_MG.txt",FIC,English,MID,,2011,Birdsall,Jeanne,Jeanne,Birdsall,ThePenderwicksAtPointMouette,,,,,F,,82552,28,0.1976137211,15.82668712,4.154655367,3.512963907,4328,-2.3817,0.17059,-2.5523,-2.9587,4.35,15601,https://www.goodreads.com/search?q=Jeanne+Birdsall+The+Penderwicks+At+Point+Mouette,0
"2011_Bolton,Sharon_NowYouSeeMe_MY.txt",FIC,English,MY,,2011,Bolton,Sharon,Sharon,Bolton,NowYouSeeMe,,,,,F,UK,149142,52,0.2420470263,13.66520066,4.096922064,3.256949422,9272,-2.285,0.2052,-2.4902,-3.0525,4.03,21066,https://www.goodreads.com/search?q=Sharon+Bolton+Now+You+See+Me,1
"2011_Bradely,Rusty_LionsofKandahar_HIST.txt",NON,English,HIST,,2011,Bradely,Rusty,Rusty,Bradely,LionsofKandahar,,,,,M,US,102708,48,0.1119554205,16.23328592,4.336142859,3.815996474,6218,-2.3539,0.15402,-2.5079,-2.9661,4.33,4447,https://www.goodreads.com/search?q=+Lionsof+Kandahar,1
"2011_Branson,Richard_LosingmyVirginity_ME.txt",NON,English,MEM,,2011,Branson,Richard,Richard,Branson,LosingmyVirginity,,,,,M,,200574,152,0.1065107459,20.69907121,4.312764807,4.204289154,7064,-2.2508,0.14219,-2.393,-2.9685,3.98,54557,https://www.goodreads.com/search?q=Richard+Branson+Losingmy+Virginity,1
"2011_Brookes,Lindsey_CapturingtheCowboysHeart_ROM.txt",FIC,English,ROM,,2011,Brookes,Lindsey,Lindsey,Brookes,CapturingtheCowboysHeart,,,,,F,US,77572,16,0.3525917927,12.15862069,4.005306388,3.035197186,5628,-2.3671,0.23789,-2.605,-2.9908,3.75,1290,https://www.goodreads.com/search?q=+Capturingthe+Cowboys+Heart,0
"2011_Brooks,Albert_2030_SF.txt",FIC,English,SF,,2011,Brooks,Albert,Albert,Brooks,2030,,,,,M,US,157708,60,0.1129486277,14.06600071,4.143103175,3.442571373,4221,-2.2796,0.28047,-2.5601,-3.1047,3.48,5462,https://www.goodreads.com/search?q=Albert+Brooks+2030,0
"2011_Brown,Sandra_Lethal_BS.txt",FIC,English,BS,,2011,Sandra,Brown,Brown,Sandra,Lethal,,,,,F,US,143949,31,0.1717089125,13.18938977,4.173623894,3.310992995,7903,-2.2681,0.2859,-2.554,-3.0927,4.07,31324,https://www.goodreads.com/search?q=Brown+Sandra+Lethal,0
"2011_Burpo,Todd_HeavenisforReal_ME.txt",NON,English,MEM,,2011,Burpo,Todd,Todd,Burpo,HeavenisforReal,,,,,M,,47558,26,0.4125777471,17.23115942,4.119604159,3.656093066,2384,-2.3319,0.086738,-2.4186,-2.7799,4.01,299575,https://www.goodreads.com/search?q=+Heavenisfor+Real,1
"2011_Byrne,Lorna_AngelsinmyHair_ME.txt",NON,English,MEM,,2011,Byrne,Lorna,Lorna,Byrne,AngelsinmyHair,,,,,F,,127759,45,0.2667390518,18.50506952,3.937307159,3.675835124,7028,-2.3136,0.16149,-2.475,-2.9996,4.13,4353,https://www.goodreads.com/search?q=+Angelsinmy+Hair,1
"2011_Carew,Opal_InTooDeep_ROM.txt",FIC,English,ROM,,2011,Carew,Opal,Opal,Carew,InTooDeep,,,,,F,Canada,75442,12,0.4225534673,13.4047619,4.124437044,3.273018615,5511,-2.3775,0.18584,-2.5633,-3.0075,4.03,43341,https://www.goodreads.com/search?q=+In+Too+Deep,0
"2011_Chan,Darcie_TheMillRiverRecluse_BS.txt",FIC,English,BS,,2011,Darcie,Chan,Chan,Darcie,TheMillRiverRecluse,,,,,F,US,143693,59,0.2058550186,15.20239103,4.187321819,3.533169308,8552,-2.1963,0.2315,-2.4278,-2.9722,3.6,18954,https://www.goodreads.com/search?q=Chan+Darcie+The+Mill+River+Recluse,0
"2011_Child,Lee_TheAffair_BS.txt",FIC,English,BS,,2011,Lee,Child,Child,Lee,TheAffair,,,,,M,UK,164773,32,0.1895341417,11.9843625,4.072715722,3.082078629,7827,-2.1518,0.3226,-2.4744,-3.0609,4.12,89425,https://www.goodreads.com/search?q=Child+Lee+The+Affair,1
"2011_Chua,Amy_BattleHymnoftheTigerMother_ME.txt",NON,English,MEM,,2011,Chua,Amy,Amy,Chua,BattleHymnoftheTigerMother,,,,,F,,66661,34,0.3287117273,16.93622967,4.288828581,3.811550819,1832,-2.2143,0.15869,-2.373,-2.803,3.65,50915,https://www.goodreads.com/search?q=+Battle+Hymnofthe+Tiger+Mother,1
"2011_Clancy,Tom_AgainstAllEnemies_BS.txt",FIC,English,BS,,2011,Tom,Clancy,Clancy,Tom,AgainstAllEnemies,,,,,M,US,219746,86,0.2436030429,16.63356294,4.313503893,3.807082235,11893,-2.1663,0.31118,-2.4775,-3.1094,3.98,12000,https://www.goodreads.com/search?q=Clancy+Tom+Against+All+Enemies,0
"2011_Clancy,Tom_LockedOn_BS.txt",FIC,English,BS,,2011,Tom,Clancy,Clancy,Tom,LockedOn,,,,,M,US,228868,109,0.1285533797,17.62014012,4.30745389,3.936357837,10976,-2.1171,0.31695,-2.434,-3.0951,4.07,14200,https://www.goodreads.com/search?q=Clancy+Tom+Locked+On,0
"2011_Clark,MaryHiggins_IllWalkAlone_BS.txt",FIC,English,BS,,2011,MaryHiggins,Clark,Clark,MaryHiggins,IllWalkAlone,,,,,F,US,111356,56,0.1760763083,15.45108922,4.096196324,3.50971174,5646,-2.3702,0.21519,-2.5854,-3.0718,3.82,15066,https://www.goodreads.com/search?q=+Ill+Walk+Alone,0
"2011_Cline,Ernest_ReadyPlayerOne_SF.txt",FIC,English,SF,YA,2011,Cline,Ernest,Ernest,Cline,ReadyPlayerOne,,,,,M,US,171732,46,0.1962616822,15.72925444,4.280545068,3.707206011,7625,-2.137,0.21003,-2.347,-2.9434,4.24,1017057,https://www.goodreads.com/search?q=Ernest+Cline+Ready+Player+One,1
"2011_Coady,Lynn_Antagonist_PW.txt",FIC,English,PW,,2011,Coady,Lynn,Lynn,Coady,Antagonist,,HouseofAnansiPress,ScotiabankGillerPrize,Shortlist,F,Canada,108698,40,0.2883156297,16.37511299,4.089131027,3.565472865,3861,-2.2284,0.26586,-2.4942,-2.9606,3.59,1963,https://www.goodreads.com/search?q=Lynn+Coady+Antagonist,1
"2011_Connelly,Michael_TheDrop_BS.txt",FIC,English,BS,,2011,Michael,Connelly,Connelly,Michael,TheDrop,,,,,M,US,147967,67,0.4237211408,12.70866615,4.068161435,3.201706951,6667,-2.2044,0.2916,-2.496,-3.043,4.18,60261,https://www.goodreads.com/search?q=Connelly+Michael+The+Drop,0
"2011_Connelly,Michael_TheFifthWitness_BS.txt",FIC,English,BS,,2011,Michael,Connelly,Connelly,Michael,TheFifthWitness,,,,,M,US,174193,65,0.1566192063,13.42941947,4.088100632,3.325044615,7427,-2.2517,0.27759,-2.5293,-3.0979,4.2,65155,https://www.goodreads.com/search?q=Connelly+Michael+The+Fifth+Witness,1
"2011_Corey,JamesSA_LeviathanWakes_SF.txt",FIC,English,SF,,2011,Corey,JamesSA,JamesSA,Corey,LeviathanWakes,,,,,M,US,413323,144,0.1049177672,13.48569284,4.221196261,3.344129887,23437,-2.2668,0.26013,-2.5269,-3.3806,4.27,217164,https://www.goodreads.com/search?q=+Leviathan+Wakes,0
"2011_Cussler,Clive_Jungle_BS.txt",FIC,English,BS,,2011,Clive,Cussler,Cussler,Clive,Jungle,,,,,M,US,134458,53,0.3233988586,16.684204,4.317244353,3.851385495,7052,-2.2717,0.21465,-2.4863,-2.9685,4.15,10757,https://www.goodreads.com/search?q=Cussler+Clive+Jungle,0
"2011_DeGeneres,Ellen_SeriouslyImKidding_ME.txt",NON,English,MEM,,2011,DeGeneres,Ellen,Ellen,DeGeneres,SeriouslyImKidding,,,,,F,,46309,10,0.183908046,14.39061529,3.940658689,3.333272004,584,-2.1752,0.14368,-2.3188,-2.6841,3.69,108011,https://www.goodreads.com/search?q=Ellen+DeGeneres+Seriously+Im+Kidding,1
"2011_DeWitt,Patrick_SistersBrothers_PW.txt",FIC,English,PW,,2011,DeWitt,Patrick,Patrick,DeWitt,SistersBrothers,,GrantaBooks,TheManBookerPrize,Shortlist,M,Canada,97105,23,0.4034560481,16.23286526,4.016244106,3.495825003,6601,-2.3531,0.2138,-2.5669,-3.0222,3.84,93011,https://www.goodreads.com/search?q=Patrick+DeWitt+Sisters+Brothers,1
"2011_Dugard,Jaycee_AStolenLife_ME.txt",NON,English,MEM,,2011,Dugard,Jaycee,Jaycee,Dugard,AStolenLife,,,,,F,,76431,21,0.4345794393,15.42502523,3.794526322,3.342773619,2724,-2.2879,0.14993,-2.4379,-2.9144,3.91,106087,https://www.goodreads.com/search?q=Jaycee+Dugard+A+Stolen+Life,1
"2011_Edugyan,Esi_Halfbloodblues_PW.txt",FIC,English,PW,,2011,Edugyan,Esi,Esi,Edugyan,Halfbloodblues,,Serpent'sTail,TheManBookerPrize,Shortlist,F,Canada,121263,44,0.1771682728,11.06414234,3.98205443,2.771139708,8539,-2.3928,0.17038,-2.5632,-3.0441,3.69,16281,https://www.goodreads.com/search?q=+Halfbloodblues,1
"2011_Egan,Jennifer_AVisitFrom_BS.txt",FIC,English,PW,,2011,Egan,Jennifer,Jennifer,Egan,AVisitFrom,,AlfredA.Knopf,PEN/FaulknerAwardforFiction,Shortlist,F,US,98178,52,0.1188614326,16.7625064,4.24792816,3.702989913,5416,-2.3465,0.1016,-2.4481,-2.8735,3.67,192445,https://www.goodreads.com/search?q=Jennifer+Egan+A+Visit+From,1
"2011_Eisenberg,Deborah_TheCollectedStoriesofDeborahEisenberg_PW.txt",FIC,English,PW,,2011,Eisenberg,Deborah,Deborah,Eisenberg,TheCollectedStoriesofDeborahEisenberg,,Picador,PEN/FaulknerAwardforFiction,Winner,F,US,360850,232,0.0254122736,14.89761374,4.206035419,3.464103696,18345,-2.234,0.21762,-2.4517,-3.226,4.1,704,https://www.goodreads.com/search?q=+The+Collected+Storiesof+Deborah+Eisenberg,1
"2011_Endicott,Marina_LittleShadows_PW.txt",FIC,English,PW,,2011,Endicott,Marina,Marina,Endicott,LittleShadows,,Doubleday,GovernorGeneralLiteraryAwardforfiction,Shortlist,M,Canada,215514,109,0.169919023,18.38542911,4.223769746,3.840568981,13372,-2.3837,0.21351,-2.5972,-3.196,3.31,878,https://www.goodreads.com/search?q=Marina+Endicott+Little+Shadows,0
"2011_Eugenides,Jeffrey_MarriagePlot_BS.txt",FIC,English,BS,,2011,Jeffrey,Eugenides,Eugenides,Jeffrey,MarriagePlot,,,,,M,US,186648,75,0.2473530486,15.12544571,4.399744762,3.731533822,8269,-2.1701,0.27356,-2.4437,-3.0305,3.46,116026,https://www.goodreads.com/search?q=Eugenides+Jeffrey+Marriage+Plot,0
"2011_Evanovich,Janet_ExplosiveEighteen_BS.txt",FIC,English,BS,,2011,Janet,Evanovich,Evanovich,Janet,ExplosiveEighteen,,,,,F,US,88040,45,0.237817576,11.52054436,3.897098574,2.839654648,4844,-2.3528,0.18026,-2.533,-2.9402,3.95,74550,https://www.goodreads.com/search?q=Evanovich+Janet+Explosive+Eighteen,1
"2011_Evanovich,Janet_SmokinSeventeen_BS.txt",FIC,English,BS,,2011,Janet,Evanovich,Evanovich,Janet,SmokinSeventeen,,,,,F,US,90134,46,0.2399497487,11.8957371,3.926133476,2.944220208,4961,-2.3404,0.17557,-2.5159,-2.9427,3.97,79002,https://www.goodreads.com/search?q=Evanovich+Janet+Smokin+Seventeen,1
"2011_Fenech,Karen_Imposter_ROM.txt",FIC,English,ROM,,2011,Fenech,Karen,Karen,Fenech,Imposter,,,,,F,US,59725,12,0.360020141,11.49441878,4.119315786,3.091286593,4286,-2.2793,0.16681,-2.4461,-2.8748,3.55,805,https://www.goodreads.com/search?q=Karen+Fenech+Imposter,0
"2011_Ferguson,Niall_Civilization_HIST.txt",NON,English,HIST,,2011,Ferguson,Niall,Niall,Ferguson,Civilization,,,,,M,Scotland,132466,72,0.0447761194,27.11133852,4.9072141,5.315421652,807,-2.2097,0.085389,-2.2951,-2.7955,3.85,8726,https://www.goodreads.com/search?q=Niall+Ferguson+Civilization,0
"2011_Ferling,John_Independence_HIST.txt",NON,English,HIST,,2011,Ferling,John,John,Ferling,Independence,,,,,M,US,176702,109,0.0938741376,26.57972323,4.944646326,5.305493154,3747,-2.2696,0.17615,-2.4457,-3.0173,4.17,3068,https://www.goodreads.com/search?q=John+Ferling+Independence,0
"2011_Fey,Tina_BossyPants_ME.txt",NON,English,MEM,,2011,Fey,Tina,Tina,Fey,BossyPants,,,,,F,,70911,46,0.0993377483,17.06642599,4.168102464,3.755427636,1332,-2.3066,0.11687,-2.4235,-2.8373,4.16,243,https://www.goodreads.com/search?q=+Bossy+Pants,1
"2011_Foer,Joshua_MoonwalkingwithEinstein_ME.txt",NON,English,MEM,,2011,Foer,Joshua,Joshua,Foer,MoonwalkingwithEinstein,,,,,M,,100005,49,0.1567912489,22.91065292,4.495115729,4.623806439,1827,-2.2036,0.13199,-2.3356,-2.8205,3.88,83000,https://www.goodreads.com/search?q=+Moonwalkingwith+Einstein,1
"2011_Forstchen,WilliamR_OneSecondAfter_SF.txt",FIC,English,SF,,2011,Forstchen,WilliamR,WilliamR,Forstchen,OneSecondAfter,,,,,M,US,148261,57,0.3220254428,15.0046554,4.182116428,3.503444303,7727,-2.2334,0.21754,-2.451,-2.9997,3.94,54910,https://www.goodreads.com/search?q=+One+Second+After,0
"2011_Frater,Rhiannon_FightingtoSurvive_SF.txt",FIC,English,SF,,2011,Frater,Rhiannon,Rhiannon,Frater,FightingtoSurvive,,,,,F,US,132829,56,0.136318408,12.72064739,4.224606252,3.29429177,10338,-2.233,0.22772,-2.4607,-2.979,4.11,5514,https://www.goodreads.com/search?q=+Fightingto+Survive,0
"2011_Fukuyama,Francis_TheOriginsofPoliticalOrder_HIST.txt",NON,English,HIST,,2011,Fukuyama,Francis,Francis,Fukuyama,TheOriginsofPoliticalOrder,,,,,M,US,200589,66,0.0456140351,31.68862559,5.097563523,6.030076364,427,-2.2529,0.10478,-2.3577,-2.9868,4.17,8506,https://www.goodreads.com/search?q=+The+Originsof+Political+Order,0
"2011_Fuller,Alexandra_CoctailHourUnderTheTreeofForgetfullness_ME.txt",NON,English,MEM,,2011,Fuller,Alexandra,Alexandra,Fuller,CoctailHourUnderTheTreeofForgetfullness,,,,,F,,77066,49,0.4393939394,19.0004931,4.310782994,3.97429735,3268,-2.3026,0.12847,-2.4311,-2.8423,3.89,11776,https://www.goodreads.com/search?q=+Coctail+Hour+Under+The+Treeof+Forgetfullness,0.01
"2011_Gardner,Lisa_LoveYouMore_BS.txt",FIC,English,BS,,2011,Lisa,Gardner,Gardner,Lisa,LoveYouMore,,,,,F,US,134694,50,0.1742160279,12.5017635,4.26048857,3.25183036,7187,-2.1391,0.24824,-2.3874,-2.9455,4.18,45909,https://www.goodreads.com/search?q=Gardner+Lisa+Love+You+More,1
"2011_Garrett,Brandon_ConvictingtheInnocent_NF.txt",NON,English,MIX,,2011,Garrett,Brandon,Brandon,Garrett,ConvictingtheInnocent,,,,,M,,119930,71,0.0780075188,24.91275447,4.919919544,5.30141542,2643,-2.1563,0.14332,-2.2997,-2.8319,4.09,194,https://www.goodreads.com/search?q=+Convictingthe+Innocent,0
2011_GloubermanMisha_TheChairsAreWhereThePeopleGo.txt,NON,English,MIX,,2011,Glouberman,Misha,Misha,Glouberman,TheChairsAreWherethePeopleGo,,,,,M,,55122,4,0.4857142857,22.83429992,4.251507756,4.379336675,381,-2.2159,0.15418,-2.3701,-2.7362,3.56,992,https://www.goodreads.com/search?q=+The+Chairs+Are+Wherethe+People+Go,1
"2011_Graeber,David_Debt_HIST.txt",NON,English,HIST,,2011,Graeber,David,David,Graeber,Debt,,,,,M,US,195416,48,0.1066460587,32.46112957,4.723895037,5.558032059,797,-2.2885,0.12771,-2.4162,-3.0111,4.2,16771,https://www.goodreads.com/search?q=David+Graeber+Debt,0
"2011_Grafton,Sue_VisForVengeance_BS.txt",FIC,English,BS,,2011,Sue,Grafton,Grafton,Sue,VisForVengeance,,,,,F,US,178470,59,0.1395730706,14.28445654,4.075606315,3.398866562,8484,-2.1519,0.33286,-2.4847,-3.0971,3.98,29373,https://www.goodreads.com/search?q=+Vis+For+Vengeance,1
"2011_Greitens,Eric_TheHeartandtheFist_ME.txt",NON,English,MEM,,2011,Greitens,Eric,Eric,Greitens,TheHeartandtheFist,,,,,M,,127285,58,0.0992438563,18.60891813,4.258445592,3.940661973,5446,-2.1357,0.15765,-2.2934,-2.7813,4.13,8991,https://www.goodreads.com/search?q=+The+Heartandthe+Fist,1
"2011_Grisham,John_TheLitigators_BS.txt",FIC,English,BS,,2011,John,Grisham,Grisham,John,TheLitigators,,,,,M,US,153720,86,0.1974222586,15.51316985,4.304442063,3.663867322,6600,-2.2844,0.20755,-2.4919,-3.0226,3.84,69686,https://www.goodreads.com/search?q=Grisham+John+The+Litigators,0
"2011_Hamilton,Gabrielle_BloodBones&Butter_ME.txt",NON,English,MEM,,2011,Hamilton,Gabrielle,Gabrielle,Hamilton,BloodBones&Butter,,,,,F,,124377,35,0.265578635,26.16810436,4.267082224,4.524406207,3685,-2.3296,0.12909,-2.4587,-2.9545,3.75,33850,https://www.goodreads.com/search?q=Gabrielle+Hamilton+Blood+Bones&+Butter,1
"2011_Harkness,Deborah_DiscoveryofW_BS.txt",FIC,English,BS,,2011,Deborah,Harkness,Harkness,Deborah,DiscoveryofW,,,,,F,US,282007,69,0.3552756332,13.7443708,4.277497038,3.456244232,17347,-2.2728,0.22505,-2.4978,-3.2117,3.55,44,https://www.goodreads.com/search?q=+Discoveryof+W,1
"2011_Harris,Charlaine_DeadReckoning_BS.txt",FIC,English,BS,,2011,Charlaine,Harris,Harris,Charlaine,DeadReckoning,,,,,F,US,123065,77,0.1441134752,14.44085895,4.001164441,3.289662722,6593,-2.3996,0.16527,-2.5649,-3.054,3.8,122102,https://www.goodreads.com/search?q=Harris+Charlaine+Dead+Reckoning,1
"2011_Henderson,Bruce_FatalNorth_HIST.txt",NON,English,HIST,,2011,Henderson,Bruce,Bruce,Henderson,FatalNorth,,,,,M,US,104872,50,0.217684526,21.25927428,4.443363074,4.38069711,4495,-2.2868,0.16098,-2.4478,-2.9433,4.12,740,https://www.goodreads.com/search?q=Bruce+Henderson+Fatal+North,0
"2011_Herbert,Brian_Hellhole_SF.txt",FIC,English,SF,,2011,Herbert,Brian,Brian,Herbert,Hellhole,,,,,M,US,195936,80,0.0961716294,16.46797781,4.610641176,4.136126988,8145,-2.2622,0.22438,-2.4866,-3.0908,3.69,2178,https://www.goodreads.com/search?q=Brian+Herbert+Hellhole,0
"2011_Hertling,William_AvogadroCorp_SF.txt",FIC,English,SF,,2011,Hertling,William,William,Hertling,AvogadroCorp,,,,,M,US,85677,34,0.2319008904,14.85127405,4.534401297,3.891455605,4022,-2.1108,0.25541,-2.3662,-2.8241,3.82,5833,https://www.goodreads.com/search?q=William+Hertling+Avogadro+Corp,0
"2011_Horowitz,Anthony_ScorpiaRising_MG.txt",FIC,English,MID,,2011,Horowitz,Anthony,Anthony,Horowitz,ScorpiaRising,,,,,M,,119348,39,0.3826118855,13.70241102,4.152940947,3.434837918,5832,-2.2473,0.25477,-2.502,-3.0294,4.3,31673,https://www.goodreads.com/search?q=Anthony+Horowitz+Scorpia+Rising,0
"2011_Hunter,Erin_SignoftheMoon_MG.txt",FIC,English,MID,,2011,Hunter,Erin,Erin,Hunter,SignOfTheMoon,,,,,F,,90207,83,0.160477798,13.54459459,4.335340404,3.367918225,7561,-2.2862,0.24187,-2.5281,-2.9883,4.36,11411,https://www.goodreads.com/search?q=Erin+Hunter+Sign+Of+The+Moon,0
"2011_Huston,Charlie_Sleepless_SF.txt",FIC,English,SF,,2011,Huston,Charlie,Charlie,Huston,Sleepless,,,,,M,US,140057,36,0.335335882,15.07285837,4.267856846,3.650311426,6456,-2.1134,0.28357,-2.397,-2.9453,3.66,2468,https://www.goodreads.com/search?q=Charlie+Huston+Sleepless,1
"2011_James,EL_FiftyShadesofGrey_BS.txt",FIC,English,BS,,2011,EL,James,James,EL,FiftyShadesofGrey,,,,,F,UK,196868,41,0.1918604651,11.57910834,4.002242109,2.890457772,12937,-2.2068,0.30603,-2.5128,-3.1318,3.66,2261509,https://www.goodreads.com/search?q=+Fifty+Shadesof+Grey,1
"2011_James,PD_DeathComestoPemberley_BS.txt",FIC,English,BS,,2011,PD,James,James,PD,DeathComestoPemberley,,,,,F,UK,103137,67,0.1036240091,24.09180098,4.436616351,4.616149842,4255,-2.2902,0.21635,-2.5065,-3.0222,3.3,97932,https://www.goodreads.com/search?q=+Death+Comesto+Pemberley,0
"2011_Johnson,Jean_ASoldiersDuty_SF.txt",FIC,English,SF,,2011,Johnson,Jean,Jean,Johnson,ASoldiersDuty,,,,,F,US,193149,93,0.3935336381,16.25149348,4.362445469,3.766609869,10101,-2.2083,0.20733,-2.4156,-3.007,3.98,4646,https://www.goodreads.com/search?q=Jean+Johnson+A+Soldiers+Duty,0
"2011_Jordan,Hillary_WhenSheWoke_SF.txt",FIC,English,SF,,2011,Jordan,Hillary,Hillary,Jordan,WhenSheWoke,,,,,F,US,124146,41,0.2675034868,15.53767209,4.244577843,3.594370179,7114,-2.2581,0.25291,-2.511,-3.0159,3.67,27136,https://www.goodreads.com/search?q=Hillary+Jordan+When+She+Woke,0
"2011_Kahneman,Daniel_ThinkingFastandSlow_NF.txt",NON,English,MIX,,2011,Kahneman,Daniel,Daniel,Kahneman,ThinkingFastandSlow,,,,,M,,193636,65,0.1210121012,23.80868068,4.796352215,5.140614542,892,-2.2222,0.084029,-2.3062,-2.8813,4.17,402881,https://www.goodreads.com/search?q=+Thinking+Fastand+Slow,1
"2011_Kaling,Mindy_IsEveryoneHangingOutWithoutMe_ME.txt",NON,English,MEM,,2011,Kaling,Mindy,Mindy,Kaling,IsEveryoneHangingOutWithoutMe,,,,,F,,63451,47,0.0756013746,18.03610006,4.16359447,3.812014671,935,-2.2462,0.16595,-2.4122,-2.8086,3.86,462314,https://www.goodreads.com/search?q=Mindy+Kaling+Is+Everyone+Hanging+Out+Without+Me,1
"2011_Kelman,Stephen_PigeonEnglish_PW.txt",FIC,English,PW,,2011,Kelman,Stephen,Stephen,Kelman,PigeonEnglish,,Bloomsbury,TheManBookerPrize,Shortlist,M,UK,89270,49,0.1303529412,10.96009822,3.759797809,2.7291603,2822,-2.3426,0.20269,-2.5453,-2.9622,3.52,11179,https://www.goodreads.com/search?q=Stephen+Kelman+Pigeon+English,1
"2011_Kennedy,Caroline_JacquelineKennedyHistoricConversations_ME.txt",NON,English,MEM,,2011,Kennedy,Caroline,Caroline,Kennedy,JacquelineKennedyHistoricConversations,,,,,F,,105588,92,0.2522269105,20.17733614,4.066515637,3.791070775,2191,-2.4043,0.16356,-2.5678,-3.034,3.95,4313,https://www.goodreads.com/search?q=Caroline+Kennedy+Jacqueline+Kennedy+Historic+Conversations,1
"2011_King,Stephen_112263_BS.txt",FIC,English,BS,,2011,Stephen,King,King,Stephen,112263,,,,,M,US,341533,157,0.110445526,14.23706699,4.025376979,3.25892017,15375,-2.3116,0.25414,-2.5658,-3.3303,4.31,476132,https://www.goodreads.com/search?q=King+Stephen+112263,1
"2011_King,Stephen_DoctorSleep_BS.txt",FIC,English,BS,,2011,Stephen,King,King,Stephen,DoctorSleep,,,,,M,US,212338,102,0.2192813322,13.40348441,4.06114086,3.200527018,9672,-2.3323,0.21827,-2.5505,-3.1588,4.12,228106,https://www.goodreads.com/search?q=King+Stephen+Doctor+Sleep,0
"2011_Kinney,Jeff_CabinFever_MG.txt",FIC,English,MID,,2011,Kinney,Jeff,Jeff,Kinney,CabinFever,,,,,M,,24683,16,0.2927835052,19.85760257,3.93155109,3.692712033,872,-2.2871,0.11353,-2.4006,-2.7517,4.24,110808,https://www.goodreads.com/search?q=Jeff+Kinney+Cabin+Fever,1
2011_KondoMarie_TheLifeChangingMagicOfTydyingUp.txt,NON,English,MIX,,2011,Kondo,Marie,Marie,Kondo,TheLifeChangingMagicofTidyingUp,,,,,F,,57084,1,1,20.24973395,4.298854214,4.257552417,525,-2.274,0.080571,-2.3546,-2.7653,3.3,20,https://www.goodreads.com/search?q=Marie+Kondo+The+Life+Changing+Magicof+Tidying+Up,1
"2011_Krivak,Andrew_TheSojourn_PW.txt",FIC,English,PW,,2011,Krivak,Andrew,Andrew,Krivak,TheSojourn,,BellevueLiterary,TheNationalBookAwards,Shortlist,M,US,67735,19,0.4120734908,32.50239923,4.077742475,4.570727594,3431,-2.4099,0.13551,-2.5454,-2.961,3.81,2680,https://www.goodreads.com/search?q=Andrew+Krivak+The+Sojourn,1
"2011_Larson,Erik_IntheGardenofBeasts_HIST.txt",NON,English,HIST,,2011,Larson,Erik,Erik,Larson,IntheGardenofBeasts,,,,,M,US,131850,104,0.226702509,22.88665162,4.669253974,4.715005543,5017,-2.3021,0.19441,-2.4965,-3.0044,3.85,185327,https://www.goodreads.com/search?q=+Inthe+Gardenof+Beasts,0
"2011_Lelyveld,Joseph_GreatSoul_NF.txt",NON,English,MIX,,2011,Lelyveld,Joseph,Joseph,Lelyveld,GreatSoul,,,,,M,,166288,81,0.4803862402,28.13671743,4.68910429,5.162562463,3034,-2.3999,0.12363,-2.5235,-3.0644,3.81,916,https://www.goodreads.com/search?q=Joseph+Lelyveld+Great+Soul,0
"2011_Letts,Elizabeth_EightyDollarChampion_ME.txt",NON,English,MEM,,2011,Letts,Elizabeth,Elizabeth,Letts,EightyDollarChampion,,,,,F,,117207,52,0.452045607,21.82625698,4.44596951,4.401392661,2881,-2.3052,0.14953,-2.4547,-2.9735,4.21,12410,https://www.goodreads.com/search?q=Elizabeth+Letts+Eighty+Dollar+Champion,0
"2011_Levine,Robert_FreeRide-HowDigitalParasites_NF.txt",NON,English,MIX,,2011,Levine,Robert,Robert,Levine,FreeRide,,,,,M,,103683,83,0.1180212014,28.32095056,4.828664005,5.278284754,853,-2.2813,0.098076,-2.3794,-2.8384,3.61,300,https://www.goodreads.com/search?q=Robert+Levine+Free+Ride,0
"2011_Lu,Marie_Legend_SF.txt",FIC,English,SF,YA,2011,Lu,Marie,Marie,Lu,Legend,,,,,F,US/China,93475,22,0.1388888889,12.29934211,4.001877839,3.037406908,5609,-2.3079,0.19341,-2.5013,-2.9493,4.16,477640,https://www.goodreads.com/search?q=Marie+Lu+Legend,1
"2011_Mann,CharlesC_1493UncoveringtheNewWorld_HIST.txt",NON,English,HIST,,2011,Mann,CharlesC,CharlesC,Mann,1493UncoveringtheNewWorld,,,,,M,US,174367,104,0.0581113801,22.50768039,4.910632521,4.942617412,2420,-2.1424,0.11819,-2.2606,-2.8221,4.11,17634,https://www.goodreads.com/search?q=+1493+Uncoveringthe+New+World,0
"2011_Martin,George_ADancewithDragons_BS.txt",FIC,English,BS,,2011,George,Martin,Martin,George,ADancewithDragons,,,,,M,US,527389,496,0.0462187644,14.30168673,4.137783729,3.295231555,22746,-2.2717,0.21977,-2.4914,-3.5897,4.32,600362,https://www.goodreads.com/search?q=+A+Dancewith+Dragons,0
"2011_Mayer,AndrewP_HeartsofSmokeandStream_SF.txt",FIC,English,SF,,2011,Mayer,AndrewP,AndrewP,Mayer,HeartsofSmokeandStream,,,,,M,US,137980,45,0.2264757452,17.36034222,4.213056058,3.815107342,9085,-2.3251,0.24015,-2.5652,-3.0977,3.53,257,https://www.goodreads.com/search?q=+Heartsof+Smokeand+Stream,0
"2011_McCullough,David_TheGreaterJourney_HIST.txt",NON,English,HIST,,2011,McCullough,David,David,McCullough,TheGreaterJourney,,,,,M,US,187734,166,0.0591266612,24.67262452,4.541582655,4.747849152,4443,-2.3285,0.1542,-2.4827,-3.0625,3.93,18736,https://www.goodreads.com/search?q=David+McCullough+The+Greater+Journey,0
"2011_McDevitt,Jack_Firebird_SF.txt",FIC,English,SF,,2011,McDevitt,Jack,Jack,McDevitt,Firebird,,,,,M,US,143960,77,0.2855254461,12.04686192,4.185953564,3.179219403,5741,-2.3494,0.23353,-2.5829,-3.089,4.06,2849,https://www.goodreads.com/search?q=Jack+McDevitt+Firebird,1
"2011_McIntosh,Will_SoftApocalypse_SF.txt",FIC,English,SF,,2011,McIntosh,Will,Will,McIntosh,SoftApocalypse,,,,,M,US,113802,32,0.168188371,13.17305244,4.081458803,3.194786675,7818,-2.3089,0.23454,-2.5435,-3.0014,3.51,2554,https://www.goodreads.com/search?q=Will+McIntosh+Soft+Apocalypse,1
"2011_McKinlay,Jenn_BooksCanbeDeceiving_MY.txt",FIC,English,MY,,2011,McKinlay,Jenn,Jenn,McKinlay,BooksCanbeDeceiving,,,,,F,US,83102,37,0.3694461351,14.28114796,4.106111967,3.32792286,5400,-2.299,0.2307,-2.5297,-2.9808,3.84,9245,https://www.goodreads.com/search?q=+Books+Canbe+Deceiving,0
"2011_McMann,Lisa_TheUnwanteds_MG.txt",FIC,English,MID,,2011,McMann,Lisa,Lisa,McMann,TheUnwanteds,,,,,F,,85328,35,0.2777946077,14.67125172,4.253003453,3.493185527,5928,-2.2221,0.23822,-2.4603,-2.9321,4.12,34999,https://www.goodreads.com/search?q=Lisa+McMann+The+Unwanteds,0
"2011_Meloy,Colin_Wildwood_MG.txt",FIC,English,MID,,2011,Meloy,Colin,Colin,Meloy,WildWood,,,,,M,,149126,39,0.34947902,14.86058794,4.318197477,3.551619833,12395,-2.1423,0.2686,-2.4109,-2.9521,4.19,250929,https://www.goodreads.com/search?q=+Wild+Wood,0
"2011_Millard,Candice_DestinyoftheRepublic_HIST.txt",NON,English,HIST,,2011,Millard,Candice,Candice,Millard,DestinyoftheRepublic,,,,,F,US,110710,69,0.2876178096,25.72258364,4.566805383,4.770713835,4445,-2.2928,0.16007,-2.4529,-2.9279,4.16,67434,https://www.goodreads.com/search?q=+Destinyofthe+Republic,0
"2011_Miller,AD_Snowdrops_PW.txt",FIC,English,PW,,2011,Miller,AD,AD,Miller,Snowdrops,,Atlantic,TheManBookerPrize,Shortlist,M,UK,72730,21,0.245398773,18.02925136,4.208533342,3.858329594,3238,-2.4258,0.16667,-2.5925,-3.0085,3.29,9242,https://www.goodreads.com/search?q=AD+Miller+Snowdrops,1
"2011_Montefiore,SimonSebag_Jerusalem_HIST.txt",NON,English,HIST,,2011,Montefiore,SimonSebag,SimonSebag,Montefiore,Jerusalem,,,,,M,UK,258732,359,0.0302946081,25.87837568,4.815587538,5.058150345,8008,-2.2528,0.13003,-2.3828,-3.0809,4.13,29149,https://www.goodreads.com/search?q=+Jerusalem,0
"2011_Moran,Caitlin_HowtobeaWoman_ME.txt",NON,English,MEM,,2011,Moran,Caitlin,Caitlin,Moran,HowtobeaWoman,,,,,F,,112264,27,0.1788235294,19.53436576,4.211665139,3.947675279,1972,-2.3134,0.11195,-2.4254,-2.8877,3.72,106465,https://www.goodreads.com/search?q=+Howtobea+Woman,1
"2011_Morgenstern,Erin_NightCircus_BS.txt",FIC,English,BS,,2011,Erin,Morgenstern,Morgenstern,Erin,NightCircus,,,,,F,US,146074,28,0.1866197183,15.92781594,4.313972062,3.749141727,7789,-2.1964,0.2509,-2.4473,-3.0039,4.03,822114,https://www.goodreads.com/search?q=Morgenstern+Erin+Night+Circus,0
"2011_Mull,Brandon_AWorldWithoutHeroes_MG.txt",FIC,English,MID,,2011,Mull,Brandon,Brandon,Mull,AworldWithoutHeroes,,,,,M,,166603,59,0.4096318334,11.42681756,4.40410888,3.303915953,10501,-2.0903,0.21769,-2.308,-2.9018,4.11,38020,https://www.goodreads.com/search?q=+Aworld+Without+Heroes,0
"2011_Neal,MaryC_ToHeavenandBack_ME.txt",NON,English,MEM,,2011,Neal,MaryC,MaryC,Neal,ToHeavenandBack,,,,,F,,47007,18,0.3918918919,23.4332004,4.385511337,4.554056904,1548,-2.2162,0.12077,-2.337,-2.7415,3.93,10217,https://www.goodreads.com/search?q=+To+Heavenand+Back,1
"2011_Ness,Patrick_AMonsterCalls_MG.txt",FIC,English,MID,,2011,Ness,Patrick,Patrick,Ness,AmonsterCalls,,,,,M,,42583,11,0.7169625247,13.1876742,4.064674023,3.14686584,3092,-2.2214,0.25193,-2.4734,-2.8495,4.34,240154,https://www.goodreads.com/search?q=+Amonster+Calls,0
"2011_Nickle,David_Eutopia_SF.txt",FIC,English,SF,,2011,Nickle,David,David,Nickle,Eutopia,,,,,M,Canada,144755,54,0.2665512765,14.68997361,4.078464801,3.332592973,9405,-2.2761,0.20768,-2.4838,-3.0226,3.36,816,https://www.goodreads.com/search?q=David+Nickle+Eutopia,0
"2011_North,Anna_AmericaPacifica_SF.txt",FIC,English,SF,,2011,North,Anna,Anna,North,AmericaPacifica,,,,,F,US,109409,35,0.467404674,16.4648608,4.08530816,3.558949379,6293,-2.2417,0.2744,-2.5161,-3.0022,3.07,1066,https://www.goodreads.com/search?q=Anna+North+America+Pacifica,0
"2011_Obreht,Tea_TheTigersWife_PW.txt",FIC,English,PW,,2011,Obreht,Tea,Tea,Obreht,TheTigersWife,,RandomHouse,TheNationalBookAwards,Shortlist,F,US,136647,43,0.1505376344,23.81854628,4.177693357,4.225195259,6515,-2.1786,0.25656,-2.4351,-2.9535,3.41,97451,https://www.goodreads.com/search?q=Tea+Obreht+The+Tigers+Wife,1
"2011_OConnell,Carol_TheChalkGirl_MY.txt",FIC,English,MY,,2011,OConnell,Carol,Carol,OConnell,TheChalkGirl,,,,,F,US,158638,65,0.119460501,14.00653364,4.222968582,3.455415487,8176,-2.3717,0.16131,-2.533,-3.0456,4.06,3363,https://www.goodreads.com/search?q=Carol+OConnell+The+Chalk+Girl,0
"2011_Oliver,Lauren_Liesl&Po_MG.txt",FIC,English,MID,,2011,Oliver,Lauren,Lauren,Oliver,LieslAndPo,,,,,F,,66189,20,0.2612710483,14.93771158,4.197106323,3.458404625,4183,-2.2947,0.17656,-2.4713,-2.8845,3.85,9836,https://www.goodreads.com/search?q=Lauren+Oliver+Liesl+And+Po,0
"2011_Ondaatje,Michael_CatsTable_PW.txt",FIC,English,PW,,2011,Ondaatje,Michael,Michael,Ondaatje,CatsTable,,McClelland&Stewart,ScotiabankGillerPrize,Shortlist,M,Canada,80032,31,0.1465437788,18.38970588,4.204616729,3.948894019,3796,-2.2778,0.22406,-2.5018,-2.9658,3.61,25343,https://www.goodreads.com/search?q=Michael+Ondaatje+Cats+Table,1
"2011_Oreilly,Bill_KillingLincoln_HIST.txt",NON,English,HIST,,2011,Oreilly,Bill,Bill,Oreilly,KillingLincoln,,,,,M,US,92703,73,0.1765069552,19.38176876,4.534978411,4.264247603,3461,-2.3342,0.1206,-2.4548,-2.8844,4.03,99829,https://www.goodreads.com/search?q=Bill+Oreilly+Killing+Lincoln,0
"2011_Patchett,Ann_StateofWonder_BS.txt",FIC,English,BS,,2011,Ann,Patchett,Patchett,Ann,StateofWonder,,,,,F,US,150342,34,0.3070153997,17.29460485,4.142564407,3.769927259,7581,-2.2728,0.2794,-2.5522,-3.1089,3.88,175549,https://www.goodreads.com/search?q=+Stateof+Wonder,0
"2011_Patterson,James_10thAnniversary_BS.txt",FIC,English,BS,,2011,James,Patterson,Patterson,James,10thAnniversary,,,,,M,US,89674,80,0.083361458,13.44437781,4.055400372,3.172098004,5541,-2.3022,0.1766,-2.4788,-2.923,4.1,45995,https://www.goodreads.com/search?q=Patterson+James+10th+Anniversary,1
"2011_Patterson,James_ChristmasWedding_BS.txt",FIC,English,BS,,2011,James,Patterson,Patterson,James,ChristmasWedding,,,,,M,US,50435,28,0.2107101281,12.71043347,4.08249945,3.127788719,2518,-2.3064,0.12977,-2.4361,-2.8418,3.34,18191,https://www.goodreads.com/search?q=Patterson+James+Christmas+Wedding,1
"2011_Patterson,James_KillAlexCross_BS.txt",FIC,English,BS,,2011,James,Patterson,Patterson,James,KillAlexCross,,,,,M,US,95171,57,0.1612021858,12.74213415,4.099317704,3.131430716,4863,-2.265,0.28492,-2.55,-3.006,4.05,32782,https://www.goodreads.com/search?q=Patterson+James+Kill+Alex+Cross,1
"2011_Patterson,James_KillMeIfYouCan_BS.txt",FIC,English,BS,,2011,James,Patterson,Patterson,James,KillMeIfYouCan,,,,,M,US,88373,41,0.1385258756,12.31679443,4.056739192,3.066434843,5271,-2.2265,0.23293,-2.4594,-2.8939,4.02,22333,https://www.goodreads.com/search?q=Patterson+James+Kill+Me+If+You+Can,1
"2011_Patterson,James_NowYouSeeHer_BS.txt",FIC,English,BS,,2011,James,Patterson,Patterson,James,NowYouSeeHer,,,,,M,US,90132,53,0.2579484103,13.31540848,4.073849058,3.215011036,5926,-2.3305,0.15455,-2.485,-2.9301,4.01,36471,https://www.goodreads.com/search?q=Patterson+James+Now+You+See+Her,1
"2011_Patterson,James_TickTock_BS.txt",FIC,English,BS,,2011,James,Patterson,Patterson,James,TickTock,,,,,M,US,96650,59,0.1087699317,14.16117216,4.169648196,3.383659765,5943,-2.2659,0.2269,-2.4928,-2.9508,4.07,26559,https://www.goodreads.com/search?q=Patterson+James+Tick+Tock,1
"2011_Patterson,James_Toys_BS.txt",FIC,English,BS,,2011,James,Patterson,Patterson,James,Toys,,,,,M,US,77339,24,0.2352406903,14.17243907,4.23041843,3.454895864,4436,-2.3436,0.17389,-2.5175,-2.9385,3.38,12503,https://www.goodreads.com/search?q=Patterson+James+Toys,1
"2011_Penn,Thomas_WinterKing_HIST.txt",NON,English,HIST,,2011,Penn,Thomas,Thomas,Penn,WinterKing,,,,,M,US,167229,152,0.2078390923,32.61095944,4.76451586,5.334237708,4647,-2.3323,0.17203,-2.5043,-3.0534,3.83,3654,https://www.goodreads.com/search?q=Thomas+Penn+Winter+King,0
"2011_Picoult,Jodi_SingYouHome_BS.txt",FIC,English,BS,,2011,Jodi,Picoult,Picoult,Jodi,SingYouHome,,,,,F,US,186008,50,0.1773675762,14.74966299,3.988894789,3.300881037,8054,-2.3451,0.17418,-2.5193,-3.1099,3.79,84365,https://www.goodreads.com/search?q=Picoult+Jodi+Sing+You+Home,1
"2011_Pitre,Brant_JesusandtheJewishRoots_HIST.txt",NON,English,HIST,,2011,Pitre,Brant,Brant,Pitre,JesusandtheJewishRoots,,,,,M,US,67090,33,0.466226138,26.32012554,4.36814767,4.563676362,701,-2.2679,0.078724,-2.3466,-2.7789,4.58,2360,https://www.goodreads.com/search?q=+Jesusandthe+Jewish+Roots,0
"2011_Preston,Douglas_ColdVengeance_BS.txt",FIC,English,BS,,2011,Douglas,Preston,Preston,Douglas,ColdVengeance,,,,,M,US,126523,54,0.239027684,13.877701,4.420992452,3.56508505,8648,-2.1564,0.21476,-2.3711,-2.8676,4.09,24665,https://www.goodreads.com/search?q=Preston+Douglas+Cold+Vengeance,0
"2011_Puchner,Eric_ModelHome_PW.txt",FIC,English,PW,,2011,Puchner,Eric,Eric,Puchner,ModelHome,,Scribner,PEN/FaulknerAwardforFiction,Shortlist,M,US,155217,53,0.197128255,14.38259822,4.237205967,3.486922433,8952,-2.3859,0.19849,-2.5844,-3.0885,3.48,1838,https://www.goodreads.com/search?q=Eric+Puchner+Model+Home,0
"2011_Revis,Beth_AcrosstheUniverse_SF.txt",FIC,English,SF,YA,2011,Revis,Beth,Beth,Revis,AcrosstheUniverse,,,,,F,US,126054,26,0.1989090909,12.77660653,3.939320483,2.969226762,7086,-2.2807,0.16799,-2.4487,-2.9432,3.77,117564,https://www.goodreads.com/search?q=+Acrossthe+Universe,1
"2011_Ringo,John_Citadel_SF.txt",FIC,English,SF,,2011,Ringo,John,John,Ringo,Citadel,,,,,M,US,166729,111,0.1447045708,12.64535457,4.304721595,3.2747765,6462,-2.1832,0.21689,-2.4001,-2.9321,4.31,6980,https://www.goodreads.com/search?q=John+Ringo+Citadel,0
"2011_Riordan,Rick_TheSonofNeptune_MG.txt",FIC,English,MID,,2011,Riordan,Rick,Rick,Riordan,TheSonOfNeptune,,,,,M,,153790,72,0.2189466711,11.47258486,4.248613159,3.079644378,8659,-2.2108,0.2179,-2.4287,-2.9527,4.42,494163,https://www.goodreads.com/search?q=Rick+Riordan+The+Son+Of+Neptune,0
"2011_Riordan,Rick_ThroneofFire_MG.txt",FIC,English,MID,,2011,Riordan,Rick,Rick,Riordan,ThroneOfFire,,,,,M,,145557,59,0.1150442478,12.50704588,4.108807807,3.13066864,7745,-2.2977,0.19642,-2.4941,-3.0148,4.19,187723,https://www.goodreads.com/search?q=Rick+Riordan+Throne+Of+Fire,1
"2011_Roberts,Nora_ChasingFire_BS.txt",FIC,English,BS,,2011,Nora,Roberts,Roberts,Nora,ChasingFire,,,,,F,US,183207,45,0.1632196758,12.47664124,3.959731175,2.981163373,10593,-2.2435,0.31003,-2.5535,-3.1178,4.13,37574,https://www.goodreads.com/search?q=Roberts+Nora+Chasing+Fire,0
"2011_Roberts,Nora_TheNextAlways_BS.txt",FIC,English,BS,,2011,Nora,Roberts,Roberts,Nora,TheNextAlways,,,,,F,US,127445,38,0.2027027027,11.73634773,3.97726475,2.878055584,6404,-2.3,0.22929,-2.5293,-3.0414,4.12,79124,https://www.goodreads.com/search?q=Roberts+Nora+The+Next+Always,0
"2011_Rothfuss,Patrick_WiseMansFear_BS.txt",FIC,English,BS,,2011,Patrick,Rothfuss,Rothfuss,Patrick,WiseMansFear,,,,,M,US,495645,128,0.0538240495,12.64465024,4.07070997,3.15678026,32141,-2.2999,0.20684,-2.5067,-3.5241,4.55,487708,https://www.goodreads.com/search?q=Rothfuss+Patrick+Wise+Mans+Fear,1
"2011_Safina,Carl_ASeainFlames_NF.txt",NON,English,MIX,,2011,Safina,Carl,Carl,Safina,AseainFlames,,,,,M,,122531,34,0.4190140845,17.72215794,4.494800793,4.051131511,1972,-2.1201,0.21114,-2.3312,-2.8371,3.75,151,https://www.goodreads.com/search?q=+Aseain+Flames,0.05
"2011_Sage,Angie_Darke_MG.txt",FIC,English,MID,,2011,Sage,Angie,Angie,Sage,Darke,,,,,F,,145903,73,0.1250195588,14.33936118,4.302859547,3.558925469,9626,-2.1845,0.20852,-2.393,-2.9217,4.24,27987,https://www.goodreads.com/search?q=Angie+Sage+Darke,0
"2011_Sandford,John_BuriedPrey_BS.txt",FIC,English,MY,,2011,Sandford,John,John,Sandford,BuriedPrey,,,,,M,US,133239,81,0.3543483678,15.35188386,3.997002341,3.286786844,7397,-2.2752,0.20618,-2.4814,-2.981,4.24,35202,https://www.goodreads.com/search?q=John+Sandford+Buried+Prey,0
"2011_Sandler,Karen_Tankborn_SF.txt",FIC,English,SF,,2011,Sandler,Karen,Karen,Sandler,Tankborn,,,,,F,US,120768,51,0.2082717873,13.60459615,4.255717276,3.399349863,7147,-2.319,0.16633,-2.4853,-2.9881,3.67,1452,https://www.goodreads.com/search?q=Karen+Sandler+Tankborn,0
"2011_Sawyer,RobertJ_Wonder_SF.txt",FIC,English,SF,YA,2011,Sawyer,RobertJ,RobertJ,Sawyer,Wonder,,,,,M,Canada,122051,52,0.2475679302,18.170463,4.31734347,3.906993373,4986,-2.2494,0.22735,-2.4767,-2.9639,4.39,934656,https://www.goodreads.com/search?q=+Wonder,0
"2011_Scalzi,John_FuzzyNation_SF.txt",FIC,English,SF,,2011,Scalzi,John,John,Scalzi,FuzzyNation,,,,,M,US,115226,48,0.338996139,14.12775871,4.289534353,3.506010821,6810,-2.1125,0.26999,-2.3825,-2.8766,4.12,30111,https://www.goodreads.com/search?q=John+Scalzi+Fuzzy+Nation,0
"2011_Schmidt,Gary_OkayforNow_MG.txt",FIC,English,MID,,2011,Schmidt,Gary,Gary,Schmidt,OkayForNow,,,,,M,,95469,55,0.1068012752,14.14565121,3.921390608,3.143321241,5051,-2.3154,0.15429,-2.4696,-2.9143,4.22,33273,https://www.goodreads.com/search?q=Gary+Schmidt+Okay+For+Now,1
"2011_Schroff,Laura_AnInvisibleThread_ME.txt",NON,English,MEM,,2011,Schroff,Laura,Laura,Schroff,AnInvisibleThread,,,,,F,,78569,40,0.5067484663,17.48308856,4.030946405,3.690260472,3467,-2.1571,0.24463,-2.4018,-2.8648,4.04,36640,https://www.goodreads.com/search?q=Laura+Schroff+An+Invisible+Thread,1
"2011_Selznick,Brian_Wonderstruck_MG.txt",FIC,English,MID,,2011,Selznick,Brian,Brian,Selznick,WonderStruck,,,,,M,,30798,11,0.5843439912,14.14699127,4.101092173,3.422835388,2209,-2.2566,0.11428,-2.3709,-2.7826,4.16,55664,https://www.goodreads.com/search?q=Brian+Selznick+Wonder+Struck,0
"2011_Shean,Michael_ShadowofaDeadStar_SF.txt",FIC,English,SF,,2011,Shean,Michael,Michael,Shean,ShadowofaDeadStar,,,,,M,US,125792,36,0.3998230871,16.73878909,4.285485436,3.815288486,7555,-2.2691,0.22969,-2.4988,-3.0095,3.64,276,https://www.goodreads.com/search?q=+Shadowofa+Dead+Star,0
"2011_Slaughter,Karin_Fallen_MY.txt",FIC,English,MY,,2011,Slaughter,Karin,Karin,Slaughter,Fallen,,,,,F,US,165738,65,0.2028101313,12.12155343,4.136212384,3.149976518,8413,-2.2626,0.23009,-2.4927,-3.0926,4.21,47799,https://www.goodreads.com/search?q=Karin+Slaughter+Fallen,0
"2011_Slonczewski,Joan_TheHighestFrontier_SF.txt",FIC,English,SF,,2011,Slonczewski,Joan,Joan,Slonczewski,TheHighestFrontier,,,,,F,US,202470,115,0.27459554,11.95641904,4.44530251,3.289850735,10062,-2.2625,0.20897,-2.4715,-3.0177,3.42,440,https://www.goodreads.com/search?q=Joan+Slonczewski+The+Highest+Frontier,0
"2011_Sparks,Nicholas_TheBestofMe_BS.txt",FIC,English,BS,,2011,Nicholas,Sparks,Sparks,Nicholas,TheBestofMe,,,,,M,US,123240,35,0.2659732541,16.36653386,4.148586645,3.623289317,6682,-2.1971,0.2521,-2.4492,-2.9906,3,2,https://www.goodreads.com/search?q=+The+Bestof+Me,0
"2011_SpencerFleming,Julia_OneWasASoldier_MY.txt",FIC,English,MY,,2011,SpencerFleming,Julia,Julia,SpencerFleming,OneWasASoldier,,,,,F,US,181510,84,0.1400587659,11.72166613,4.130338561,3.030911074,10507,-2.3149,0.19423,-2.5092,-3.074,4.14,5934,https://www.goodreads.com/search?q=+One+Was+A+Soldier,0
"2011_Stearns,Jason_DancingintheGlory_HIST.txt",NON,English,HIST,,2011,Stearns,Jason,Jason,Stearns,DancingintheGlory,,,,,M,US,145633,86,0.1499133449,22.64898911,4.785672089,4.896696093,4046,-2.2576,0.16138,-2.4189,-2.9661,4.17,4361,https://www.goodreads.com/search?q=+Dancinginthe+Glory,0
"2011_Steohens,John_TheEmeraldAtlas_MG.txt",FIC,English,MID,,2011,Stephens,John,John,Stephens,TheEmeraldAtlas,,,,,M,,130411,29,0.3057729941,13.05676812,4.171643991,3.200772402,9077,-2.3133,0.20324,-2.5166,-3.0307,3.94,21261,https://www.goodreads.com/search?q=John+Stephens+The+Emerald+Atlas,0
"2011_Stephenson,Neal_Reamde_SF.txt",FIC,English,SF,,2011,Stephenson,Neal,Neal,Stephenson,Reamde,,,,,M,US,476964,104,0.1882120328,19.42510385,4.335851828,4.132404745,23414,-2.2533,0.26566,-2.519,-3.5139,3.98,53515,https://www.goodreads.com/search?q=Neal+Stephenson+Reamde,0
"2011_Stevens,Chevy_NeverKnowing_MY.txt",FIC,English,MY,,2011,Stevens,Chevy,Chevy,Stevens,NeverKnowing,,,,,F,Canada,142008,26,0.1617083947,13.25195969,3.840948673,3.006640939,8364,-2.3217,0.2707,-2.5924,-3.136,3.87,23645,https://www.goodreads.com/search?q=Chevy+Stevens+Never+Knowing,1
"2011_Stevens,Taylor_TheInformationist_CT.txt",FIC,English,NYT,,2011,Stevens,Taylor,Taylor,Stevens,TheInformationist,,,,,F,US,129923,33,0.3281604845,17.59282329,4.263744292,3.829554252,8132,-2.1068,0.37472,-2.4816,-3.0226,3.78,10352,https://www.goodreads.com/search?q=Taylor+Stevens+The+Informationist,0
"2011_Stross,Charles_Rule34_SF.txt",FIC,English,SF,,2011,Stross,Charles,Charles,Stross,Rule34,,,,,M,UK,136650,53,0.0961832061,17.27560051,4.338022847,3.87039325,3217,-2.2683,0.20479,-2.4731,-2.965,2,1,https://www.goodreads.com/search?q=+Rule34,1
"2011_Tebow,Tim_ThroughMyEyes_ME.txt",NON,English,MEM,,2011,Tebow,Tim,Tim,Tebow,ThroughMyEyes,,,,,M,,108729,56,0.1326889279,22.06799269,4.134015137,4.126129445,2780,-2.3446,0.20573,-2.5503,-3.0328,3.93,11176,https://www.goodreads.com/search?q=Tim+Tebow+Through+My+Eyes,1
"2011_Thor,Brad_FullBlack_BS.txt",FIC,English,BS,,2011,Brad,Thor,Thor,Brad,FullBlack,,,,,M,US,139265,52,0.2590715048,15.49972176,4.313680804,3.735970285,6403,-2.1449,0.26796,-2.4129,-2.964,4.28,19924,https://www.goodreads.com/search?q=Thor+Brad+Full+Black,0
"2011_Twain,Shania_FromthisMomenton_ME.txt",NON,English,MEM,,2011,Twain,Shania,Shania,Twain,FromthisMomenton,,,,,F,,179704,68,0.1239242685,23.26867797,4.186062357,4.30385168,3498,-2.2888,0.17329,-2.4621,-3.0344,3.85,4784,https://www.goodreads.com/search?q=+Fromthis+Momenton,1
"2011_Ursu,Anne_Breadcrumbs_MG.txt",FIC,English,MID,,2011,Ursu,Anne,Anne,Ursu,Breadcrumbs,,,,,F,,78273,26,0.5663167939,12.49369513,4.053845558,3.118130217,4816,-2.2537,0.21859,-2.4723,-2.9291,3.75,12073,https://www.goodreads.com/search?q=Anne+Ursu+Breadcrumbs,0
"2011_Valente,Catherynne_TheGirlWhoCircumnavigatedFairyland_MG.txt",FIC,English,MID,,2011,Valente,Catherynne,Catherynne,Valente,TheGIrlWhoCircumnavigatedFairyland,,,,,F,,111058,37,0.4789674952,15.76408801,4.204427941,3.558514479,4818,-2.2043,0.21656,-2.4209,-2.9042,3.93,40019,https://www.goodreads.com/search?q=+The+G+Irl+Who+Circumnavigated+Fairyland,0
"2011_Vicary,Tim_BoldCounsel_MY.txt",FIC,English,MY,,2011,Vicary,Tim,Tim,Vicary,BoldCounsel,,,,,M,UK,194904,55,0.2524075013,13.18700947,4.105820842,3.241865426,8427,-2.1953,0.28165,-2.4769,-3.0908,4.1,338,https://www.goodreads.com/search?q=Tim+Vicary+Bold+Counsel,0
"2011_Vinge,Vernor_ChildrenoftheSky_SF.txt",FIC,English,SF,,2011,Vinge,Vernor,Vernor,Vinge,ChildrenoftheSky,,,,,M,US,269738,76,0.1734918098,13.74181059,4.416231272,3.585322746,12689,-2.3363,0.21151,-2.5478,-3.2129,3.65,6313,https://www.goodreads.com/search?q=+Childrenofthe+Sky,0
"2011_Ward,Jesmyn_SalvagetheBones_PW.txt",FIC,English,PW,,2011,Ward,Jesmyn,Jesmyn,Ward,SalvagetheBones,,Bloomsbury,TheNationalBookAwards,Winner,F,US,104477,26,0.177996178,15.27664863,3.957218146,3.270374008,7028,-2.3331,0.13288,-2.466,-2.9395,3.95,56195,https://www.goodreads.com/search?q=+Salvagethe+Bones,1
"2011_Watts,DuncanJ_EverythingisObvious_NF.txt",NON,English,MIX,,2011,Watts,DuncanJ,DuncanJ,Watts,EverythingisObvious,,,,,M,,91725,36,0.0647668394,33.97222222,4.82572289,5.737590382,237,-2.2028,0.097014,-2.2999,-2.7406,3.81,4543,https://www.goodreads.com/search?q=+Everythingis+Obvious,0
"2011_Weir,Andy_TheMartian_SF.txt",FIC,English,SF,,2011,Weir,Andy,Andy,Weir,TheMartian,,,,,M,US,134066,42,0.1322213181,12.32337531,4.095942106,3.090418911,4485,-2.2559,0.15295,-2.4088,-2.9114,4.41,959342,https://www.goodreads.com/search?q=Andy+Weir+The+Martian,1
"2011_West,Bing_TheWrongWar_NF.txt",NON,English,MIX,,2011,West,Bing,Bing,West,TheWrongWar,,,,,M,,117306,118,0.1133470226,17.02554427,4.679697163,4.165311154,4477,-2.223,0.23116,-2.4541,-2.9393,3.86,406,https://www.goodreads.com/search?q=Bing+West+The+Wrong+War,0
"2011_Whitehead,Colson_ZoneOne_SF.txt",FIC,English,SF,,2011,Whitehead,Colson,Colson,Whitehead,ZoneOne,,,,,M,US,101970,34,0.3761732852,18.81712493,4.564629794,4.275707269,3711,-2.3851,0.1497,-2.5348,-2.9923,3.26,21464,https://www.goodreads.com/search?q=Colson+Whitehead+Zone+One,0
"2011_Wilson,DanielH_Robopocalypse_SF.txt",FIC,English,SF,,2011,Wilson,DanielH,DanielH,Wilson,Robopocalypse,,,,,M,US,126355,53,0.0860271116,11.77257058,4.17086445,3.123287315,6973,-2.1515,0.16385,-2.3153,-2.8664,3.7,37769,https://www.goodreads.com/search?q=+Robopocalypse,1
"2011_Woodard,Colin_AmericanNations_HIST.txt",NON,English,HIST,,2011,Woodard,Colin,Colin,Woodard,AmericanNations,,,,,M,US,128498,60,0.1522533496,32.1245,5.167449042,5.850781583,803,-2.3002,0.084597,-2.3848,-2.8715,4.19,10292,https://www.goodreads.com/search?q=Colin+Woodard+American+Nations,0
"2011_Zentner,Alexi_Touch_PW.txt",FIC,English,PW,,2011,Zentner,Alexi,Alexi,Zentner,Touch,,AlfredA.Knopf,GovernorGeneralLiteraryAwardforfiction,Shortlist,M,Canada,87717,23,0.4006349206,21.88001996,4.121007765,3.989780445,5832,-2.2564,0.1936,-2.4499,-2.9287,3.67,1503,https://www.goodreads.com/search?q=Alexi+Zentner+Touch,1
"2011_Zweig,Stefan_TheWorldofYesterday_HIST.txt",NON,English,HIST,,2011,Zweig,Stefan,Stefan,Zweig,TheWorldofYesterday,German,,,,M,Austria,160145,62,0.0985221675,31.44413901,4.621168017,5.345472889,2616,-2.2922,0.17713,-2.4693,-3.0454,4.51,16070,https://www.goodreads.com/search?q=+The+Worldof+Yesterday,1
"2012_Ackroyd,Peter_Tudors_HIST.txt",NON,English,HIST,,2012,Ackroyd,Peter,Peter,Ackroyd,Tudors,,,,,M,UK,202509,114,0.1802928615,22.84365482,4.536511853,4.646959768,6714,-2.3552,0.21168,-2.5669,-3.1985,4.02,4491,https://www.goodreads.com/search?q=Peter+Ackroyd+Tudors,0
"2012_Adams,David_Lacuna_SF.txt",FIC,English,SF,,2012,Adams,David,David,Adams,Lacuna,,,,,M,US,96048,34,0.2505919495,15.40465116,4.401644641,3.733785702,5037,-2.1968,0.24606,-2.4429,-2.8991,3.44,1084,https://www.goodreads.com/search?q=David+Adams+Lacuna,0
"2012_Albom,Mitch_TimeKeeper_BS.txt",FIC,English,BS,,2012,Mitch,Albom,Albom,Mitch,TimeKeeper,,,,,M,US,47639,13,0.2558951965,12.01185073,4.198328445,3.188305257,2908,-2.3462,0.13958,-2.4857,-2.8813,3.87,104610,https://www.goodreads.com/search?q=Albom+Mitch+Time+Keeper,0
"2012_Alexander,Eben_ProofofHeaven_ME.txt",NON,English,MEM,,2012,Alexander,Eben,Eben,Alexander,ProofofHeaven,,,,,M,,53096,22,0.1776937618,21.68954248,4.353485756,4.366068226,1419,-2.1491,0.21461,-2.3637,-2.784,3.71,56623,https://www.goodreads.com/search?q=+Proofof+Heaven,1
"2012_Amar,AkhilReed_AmericasUnwritten_NF.txt",NON,English,MIX,,2012,Amar,Akhil,Akhil,Amar,AmericasUnwritten,,,,,M,,198974,88,0.1334093501,32.5120915,5.186166642,6.01211532,723,-2.1884,0.092686,-2.2811,-2.8899,4.11,343,https://www.goodreads.com/search?q=Akhil+Amar+Americas+Unwritten,0
"2012_Andrews,Lori_IKnowWhoYouAreandISawWhatYouDid_NF.txt",NON,English,MIX,,2012,Andrews,Lori,Lori,Andrews,IKnowWhoYouAre,,,,,F,,99609,52,0.1724617524,28.45158526,4.911119091,5.431386488,1388,-2.186,0.088384,-2.2743,-2.7539,3.61,423,https://www.goodreads.com/search?q=Lori+Andrews+I+Know+Who+You+Are,0
"2012_Applebaum,Anne_IronCurtain_HIST.txt",NON,English,HIST,,2012,Applebaum,Anne,Anne,Applebaum,IronCurtain,,,,,F,US,226403,133,0.1097399736,28.64772871,4.942198145,5.433542704,3400,-2.2994,0.10695,-2.4063,-3.0134,4.06,5729,https://www.goodreads.com/search?q=Anne+Applebaum+Iron+Curtain,0
"2012_Applegate,Katherine_TheOneandOnlyIvan_MG.txt",FIC,English,MID,,2012,Applegate,Katherine,Katherine,Applegate,TheOneAndOnlyIvan,,,,,F,,34037,14,0.2190319934,10.72707217,3.865651739,2.710474188,1956,-2.2432,0.1167,-2.3599,-2.7496,4.26,164020,https://www.goodreads.com/search?q=Katherine+Applegate+The+One+And+Only+Ivan,1
"2012_Armstead,Myra_FreedomsGardener_NF.txt",NON,English,MIX,,2012,Armstead,Myra,Myra,Armstead,FreedomsGardener,,,,,F,,74634,60,0.4749403341,32.61975524,4.996308663,5.702664514,592,-2.104,0.084678,-2.1887,-2.6223,4.07,14,https://www.goodreads.com/search?q=Myra+Armstead+Freedoms+Gardener,0
"2012_Ashby,Madeline_vN_SF.txt",FIC,English,SF,,2012,Ashby,Madeline,Madeline,Ashby,vN,,,,,F,US/Canada,114420,39,0.376560999,12.48853962,4.201932625,3.213348509,6585,-2.2807,0.21637,-2.4971,-2.992,3.88,743866,https://www.goodreads.com/search?q=+v+N,0
"2012_Baldacci,David_TheForgotten_BS.txt",FIC,English,BS,,2012,David,Baldacci,Baldacci,David,TheForgotten,,,,,M,US,146765,50,0.3485351023,11.89054525,4.126531656,3.142374083,7869,-2.1604,0.3355,-2.4959,-3.0365,4.12,58451,https://www.goodreads.com/search?q=Baldacci+David+The+Forgotten,0
"2012_Baldacci,David_TheInnocent_BS.txt",FIC,English,BS,,2012,David,Baldacci,Baldacci,David,TheInnocent,,,,,M,US,147608,38,0.4810996564,11.23177599,4.063685705,2.996727904,8000,-2.2829,0.21651,-2.4994,-3.0456,4.15,96844,https://www.goodreads.com/search?q=Baldacci+David+The+Innocent,0
"2012_Banks_Banks,IainM_SF.txt",FIC,English,SF,,2012,Banks,Ian,Ian,Banks,HydrogenSonata,,,,,M,UK,203101,56,0.198003992,18.04219597,4.492990208,4.121279821,7896,-2.1195,0.32406,-2.4435,-3.0638,4.19,21628,"https://www.goodreads.com/search?q=NA+Banks+Banks,+Iain+M",0
"2012_Banks,Russell_LostMemory_PW.txt",FIC,English,PW,,2012,Banks,Russell,Russell,Banks,LostMemory,,AlfredA.Knopf,PEN/FaulknerAwardforFiction,Shortlist,M,US,158258,36,0.0945040214,17.84596301,4.161893498,3.886608962,3883,-2.0684,0.27658,-2.345,-2.9324,3.59,6517,https://www.goodreads.com/search?q=Russell+Banks+Lost+Memory,1
"2012_Barclay,Linwood_TrustYourEyes_MY.txt",FIC,English,MY,,2012,Barclay,Linwood,Linwood,Barclay,TrustYourEyes,,,,,M,US/Canada,168133,49,0.2225483003,13.14463295,3.986764348,3.113765511,7593,-2.1613,0.29527,-2.4565,-3.0579,4.1,12691,https://www.goodreads.com/search?q=Linwood+Barclay+Trust+Your+Eyes,1
"2012_Barry,JohnM_RogerWilliams_NF.txt",NON,English,MIX,,2012,Barry,JohnM,JohnM,Barry,RogerWilliams,,,,,M,,171158,114,0.2007739586,22.98656997,4.789814703,4.854833848,3643,-2.2775,0.15702,-2.4345,-3.0021,4.15,2636,https://www.goodreads.com/search?q=+Roger+Williams,0
"2012_Binchy,Maeve_AWeekinWinter_BS.txt",FIC,English,BS,,2012,Maeve,Binchy,Binchy,Maeve,AWeekinWinter,,,,,F,Ireland,126647,83,0.1109953101,14.07501667,4.113786741,3.432347809,4479,-2.3102,0.20738,-2.5175,-3.0429,3.84,47906,https://www.goodreads.com/search?q=+A+Weekin+Winter,0
"2012_Binelli,Mark_DetroitCity_NF.txt",NON,English,MIX,,2012,Binelli,Mark,Mark,Binelli,DetroitCity,,,,,M,,124511,92,0.0515390122,26.11936228,4.668146546,4.910246718,3305,-2.2204,0.1755,-2.3959,-2.8764,3.84,2011,https://www.goodreads.com/search?q=Mark+Binelli+Detroit+City,0.96
"2012_Bonner,Raymond_AnatomyofInjusticeAMurderCaseGoneWrong_NF.txt",NON,English,MIX,,2012,Bonner,Raymond,Raymond,Bonner,AnatomyofInjustice,,,,,M,,116028,114,0.1317991632,18.37921749,4.465690991,4.113992672,4846,-2.1267,0.23481,-2.3616,-2.8801,4.16,1064,https://www.goodreads.com/search?q=+Anatomyof+Injustice,0
"2012_Boudinot,Ryan_BlueprintsoftheAfterlife_SF.txt",FIC,English,SF,,2012,Boudinot,Ryan,Ryan,Boudinot,BlueprintsoftheAfterlife,,,,,M,US,143633,72,0.1054506591,14.93532287,4.337643879,3.696014512,7271,-2.1994,0.20657,-2.406,-2.9253,3.69,2253,https://www.goodreads.com/search?q=+Blueprintsofthe+Afterlife,1
"2012_Brin,David_Existence_SF.txt",FIC,English,SF,,2012,Brin,David,David,Brin,Existence,,,,,M,US,295963,87,0.1291585127,15.45175942,4.679082827,4.044947622,9677,-2.3129,0.19752,-2.5104,-3.1799,3.76,6351,https://www.goodreads.com/search?q=David+Brin+Existence,0.01
"2012_Brogan,Tracy_CrazyLittleThing_ROM.txt",FIC,English,ROM,,2012,Brogan,Tracy,Tracy,Brogan,CrazyLittleThing,,,,,F,US,106104,40,0.1831460674,10.89139807,4.02984831,2.900641008,5791,-2.4025,0.18242,-2.5849,-3.0353,3.86,34087,https://www.goodreads.com/search?q=Tracy+Brogan+Crazy+Little+Thing,1
2012_BrownBrene_DaringGreatly.txt,NON,English,MIX,,2012,Brown,Brene,Brene,Brown,DaringGreatly,,,,,F,,77755,14,0.1822660099,20.79010695,4.451497449,4.355640623,1146,-2.2719,0.10941,-2.3813,-2.8129,4.27,173096,https://www.goodreads.com/search?q=Brene+Brown+Daring+Greatly,1
"2012_Buckell,TobiasS_ArcticRising_SF.txt",FIC,English,SF,,2012,Buckell,TobiasS,TobiasS,Buckell,ArcticRising,,,,,M,US/Grenada,101960,37,0.3453547628,13.23124838,4.225092994,3.365685039,6331,-2.2157,0.2231,-2.4388,-2.9113,4.32,2393,https://www.goodreads.com/search?q=+Arctic+Rising,0
"2012_Bujold,LoisMcMaster_CaptainVorpatrilsAlliance_SF.txt",FIC,English,SF,,2012,Bujold,LoisMcMaster,LoisMcMaster,Bujold,CaptainVorpatrilsAlliance,,,,,F,US,194240,85,0.2620481928,14.59134615,4.337673309,3.571667475,9392,-2.3727,0.20538,-2.5781,-3.1384,4.19,15084,https://www.goodreads.com/search?q=+Captain+Vorpatrils+Alliance,0
"2012_Burke,JamesLee_CreoleBelle_MY.txt",FIC,English,MY,,2012,Burke,JamesLee,JamesLee,Burke,CreoleBelle,,,,,M,US,226586,81,0.2079570417,14.74689229,4.056562051,3.38999621,10874,-2.2508,0.31892,-2.5697,-3.1998,4.17,7448,https://www.goodreads.com/search?q=+Creole+Belle,1
"2012_Byrne,David_HowMusicWorks_NF.txt",NON,English,MIX,,2012,Byrne,David,David,Byrne,HowMusicWorks,,,,,M,,139782,35,0.1079691517,24.61817541,4.563701786,4.819526428,795,-2.307,0.10954,-2.4165,-2.934,3.98,21313,https://www.goodreads.com/search?q=David+Byrne+How+Music+Works,1
"2012_Cahalan,Susannah_BrainonFire_NF.txt",NON,English,MIX,MEM,2012,Cahalan,Susannah,Susannah,Cahalan,BrainonFire,,,,,F,,89453,33,0.2366230678,17.66449447,4.341421601,3.954974391,4147,-2.2209,0.20039,-2.4213,-2.879,4.07,193331,https://www.goodreads.com/search?q=+Brainon+Fire,1
"2012_Caro,RobertA_ThePassageofPower_HIST.txt",NON,English,BIO,,2012,Caro,RobertA,RobertA,Caro,ThePassageofPower,,,,,M,US,475564,470,0.2038719201,26.26409676,4.525804031,4.607239429,13174,-2.1787,0.17622,-2.355,-3.3494,4.32,17356,https://www.goodreads.com/search?q=+The+Passageof+Power,0
"2012_Chandrasekaran,Rajiv_LittleAmerica_NF.txt",NON,English,MIX,,2012,Chandrasekaran,Rajiv,Rajiv,Chandrasekaran,LittleAmerica,,,,,M,,131297,92,0.0646551724,22.1785473,4.804396931,4.816535925,2870,-2.2641,0.17652,-2.4407,-2.9523,3.98,937,https://www.goodreads.com/search?q=Rajiv+Chandrasekaran+Little+America,0
"2012_Cherryh,CJ_Intruder_SF.txt",FIC,English,SF,,2012,Cherryh,CJ,CJ,Cherryh,Intruder,,,,,F,US,147021,70,0.1236197145,17.47130125,4.351508149,4.059868399,4387,-2.2025,0.2716,-2.4741,-3.0559,4.31,1857,https://www.goodreads.com/search?q=CJ+Cherryh+Intruder,0
"2012_Child,Lee_AWantedMan_BS.txt",FIC,English,BS,,2012,Lee,Child,Child,Lee,AWantedMan,,,,,M,UK,159141,29,0.3735224586,11.47706621,4.205277524,3.106338563,6953,-2.2262,0.25558,-2.4818,-3.0359,4.04,71005,https://www.goodreads.com/search?q=Child+Lee+A+Wanted+Man,0
"2012_Clancy,Tom_ThreatVector_BS.txt",FIC,English,BS,,2012,Tom,Clancy,Clancy,Tom,ThreatVector,,,,,M,US,236279,101,0.1728395062,17.4827229,4.30549577,3.931310213,10879,-2.1126,0.28104,-2.3937,-3.0714,4.16,15814,https://www.goodreads.com/search?q=Clancy+Tom+Threat+Vector,0
"2012_Colfer,Chris_ TheWishingSpell_MG.txt",FIC,English,MID,,2012,Colfer,Chris,Chris,Colfer,TheWishingSpell,,,,,M,,123950,40,0.2972378392,13.10669345,4.168616322,3.232852103,7923,-2.2514,0.17241,-2.4238,-2.9353,4.25,120628,https://www.goodreads.com/search?q=Chris+Colfer+The+Wishing+Spell,0
"2012_Colfer,Eoin_TheLastGuardian_MG.txt",FIC,English,MID,,2012,Colfer,Eoin,Eoin,Colfer,TheLastGuardian,,,,,M,,86041,36,0.22971549,14.44610477,4.413427217,3.676458165,4370,-2.3478,0.15403,-2.5018,-2.9174,4.16,54730,https://www.goodreads.com/search?q=Eoin+Colfer+The+Last+Guardian,0
"2012_Colt,GeorgeHowe_OnHisBrothers_NF.txt",NON,English,MIX,,2012,Colt,GeorgeHowe,GeorgeHowe,Colt,OnHisBrothers,,,,,M,,204500,155,0.1378717552,26.47591921,4.501458062,4.703539678,4561,-2.2487,0.17073,-2.4194,-2.9906,4.22,1042,https://www.goodreads.com/search?q=+On+His+Brothers,1
"2012_Connelly,Michael_TheBlackBox_BS.txt",FIC,English,BS,,2012,Michael,Connelly,Connelly,Michael,TheBlackBox,,,,,M,US,134739,70,0.4265047791,13.68325378,4.132090712,3.36956091,6629,-2.2032,0.23274,-2.4359,-2.9701,4.14,53851,https://www.goodreads.com/search?q=Connelly+Michael+The+Black+Box,0
"2012_Crais,Robert_Taken_MY.txt",FIC,English,MY,,2012,Crais,Robert,Robert,Crais,Taken,,,,,M,US,95807,60,0.1953911068,12.24527096,4.12830492,3.156304571,5713,-2.074,0.25333,-2.3273,-2.807,4.21,18235,https://www.goodreads.com/search?q=Robert+Crais+Taken,1
"2012_Cramer,Scott_NightofthePurpleMoon_SF.txt",FIC,English,SF,YA,2012,Cramer,Scott,Scott,Cramer,NightofthePurpleMoon,,,,,M,US,77038,42,0.2892459827,11.92354125,4.270739113,3.198505034,5791,-2.2998,0.15029,-2.4501,-2.8714,3.73,1983,https://www.goodreads.com/search?q=+Nightofthe+Purple+Moon,0
"2012_Crouch,Blake_Pines_SF.txt",FIC,English,SF,,2012,Crouch,Blake,Blake,Crouch,Pines,,,,,M,US,93423,26,0.5538656527,14.10584327,4.241186737,3.418554828,6396,-2.1593,0.27944,-2.4388,-2.8982,3.93,103239,https://www.goodreads.com/search?q=Blake+Crouch+Pines,0
"2012_Crumpton,HenryA_ArtofIntelligence_ME.txt",NON,English,MEM,,2012,Crumpton,HenryA,HenryA,Crumpton,ArtofIntelligence,,,,,M,,120110,71,0.0750521195,15.34559857,4.796192913,4.200423668,3095,-2.2256,0.12273,-2.3484,-2.864,4.4,5,https://www.goodreads.com/search?q=+Artof+Intelligence,1
2012_CvetkovichAnn_Depression.txt,NON,English,MIX,,2012,Cvetkovich,Ann,Ann,Cvetkovich,Depression,,,,,F,,88319,36,0.1137184116,39.01015901,4.911604361,6.121299937,538,-2.2696,0.11124,-2.3809,-2.8106,3.94,422,https://www.goodreads.com/search?q=Ann+Cvetkovich+Depression,1
"2012_Day,Sylvia_BaredtoYou_BS.txt",FIC,English,BS,,2012,Sylvia,Day,Day,Sylvia,BaredtoYou,,,,,F,US,127050,32,0.3750668807,12.75218308,4.022124827,3.137309873,9454,-2.3059,0.334,-2.6399,-3.14,4.16,491506,https://www.goodreads.com/search?q=+Baredto+You,1
"2012_Day,Sylvia_ReflectedinYou_BS.txt",FIC,English,BS,,2012,Sylvia,Day,Day,Sylvia,ReflectedinYou,,,,,F,US,119715,35,0.3628129995,12.54479723,3.980846795,3.065165681,8553,-2.3063,0.30238,-2.6087,-3.116,4.31,330448,https://www.goodreads.com/search?q=+Reflectedin+You,1
"2012_DeLillo,Don_TheAngelEsmeralda_PW.txt",FIC,English,PW,,2012,DeLillo,Don,Don,DeLillo,TheAngelEsmeralda,,Scribner,PEN/FaulknerAwardforFiction,Shortlist,M,US,67870,25,0.150462963,14.2854136,4.283473529,3.531824703,3084,-2.2714,0.12854,-2.3999,-2.8087,3.72,3671,https://www.goodreads.com/search?q=Don+DeLillo+The+Angel+Esmeralda,0.3
"2012_DeMille,Nelson_ThePanther_BS.txt",FIC,English,BS,,2012,Nelson,DeMille,DeMille,Nelson,ThePanther,,,,,M,US,238052,82,0.1416678425,16.88551568,4.154591926,3.670911105,10836,-2.304,0.18817,-2.4922,-3.1264,3.98,20152,https://www.goodreads.com/search?q=DeMille+Nelson+The+Panther,1
"2012_Desai,Anita_TheArtistofDisappearance_PW.txt",FIC,English,PW,,2012,Desai,Anita,Anita,Desai,TheArtistofDisappearance,,HoughtonMifflinandCo.,PEN/FaulknerAwardforFiction,Shortlist,F,India,19701,11,0.2733118971,23.50954654,4.272590361,4.399934417,1051,-2.3539,0.098712,-2.4526,-2.8246,3.38,1462,https://www.goodreads.com/search?q=+The+Artistof+Disappearance,0
"2012_Diamond,Jared_TheWorldUntilYesterday_HIST.txt",NON,English,HIST,,2012,Diamond,Jared,Jared,Diamond,TheWorldUntilYesterday,,,,,M,US,204840,61,0.0768398268,30.8261851,4.876975244,5.584481088,1677,-2.0477,0.10908,-2.1568,-2.7382,3.76,9787,https://www.goodreads.com/search?q=Jared+Diamond+The+World+Until+Yesterday,1
"2012_Diaz,Junot_ThisisHow_PW.txt",FIC,English,PW,,2012,Diaz,Junot,Junot,Diaz,ThisisHow,,RiverheadBooks,TheNationalBookAwards,Shortlist,M,US,56058,25,0.1555555556,13.94477612,3.94472763,3.254389241,2307,-2.4648,0.084489,-2.5493,-2.9306,5,1,https://www.goodreads.com/search?q=+Thisis+How,1
"2012_Dobozy,Tamas_Siege13_PW.txt",FIC,English,PW,,2012,Dobozy,Tamas,Tamas,Dobozy,Siege13,,ThomasAllen,GovernorGeneralLiteraryAwardforfiction,Shortlist,M,Canada,118816,70,0.0670901151,25.74561213,4.239203943,4.375056303,5071,-2.3576,0.17517,-2.5327,-3.025,4.55,1731,https://www.goodreads.com/search?q=+Siege13,1
"2012_Egan,Timothy_ShortNightsoftheShadowCatcher_NF.txt",NON,English,MIX,,2012,Egan,Timothy,Timothy,Egan,ShortNightsoftheShadowCatcher,,,,,M,,134751,96,0.1605132234,21.82202429,4.556929578,4.480446177,3262,-2.4043,0.14003,-2.5443,-3.0252,4.02,8975,https://www.goodreads.com/search?q=+Short+Nightsofthe+Shadow+Catcher,0
"2012_Eggers,Dave_AHologramfortheKing_PW.txt",FIC,English,PW,,2012,Eggers,Dave,Dave,Eggers,AHologramfortheKing,,McSweeney's,TheNationalBookAwards,Shortlist,M,US,87739,31,0.4936461388,12.02068777,4.166840659,3.199909472,4764,-2.2486,0.23421,-2.4828,-2.9161,3.29,27745,https://www.goodreads.com/search?q=+A+Hologramforthe+King,0.01
"2012_Elliot,Kendra_Chilled_ROM.txt",FIC,English,ROM,,2012,Elliot,Kendra,Kendra,Elliot,Chilled,,,,,F,US,114872,28,0.2762820513,11.12992927,4.131826119,3.008199169,8043,-2.2507,0.22289,-2.4736,-2.9884,4.17,17568,https://www.goodreads.com/search?q=Kendra+Elliot+Chilled,0
"2012_Elliot,Kendra_Hidden_MY.txt",FIC,English,MY,ROM,2012,Elliot,Kendra,Kendra,Elliot,Hidden,,,,,F,US,120876,47,0.1968970381,11.40770102,4.199781425,3.144059807,8849,-2.2631,0.20894,-2.472,-2.9687,4.09,26442,https://www.goodreads.com/search?q=Kendra+Elliot+Hidden,0
"2012_Erdrich,Louise_RoundHouse_PW.txt",FIC,English,PW,,2012,Erdrich,Louise,Louise,Erdrich,RoundHouse,,Harper,TheNationalBookAwards,Winner,F,US,129990,58,0.1555727554,12.74786702,4.04109187,3.210322415,8553,-2.1969,0.24077,-2.4376,-2.9777,3.96,106004,https://www.goodreads.com/search?q=Louise+Erdrich+Round+House,1
"2012_Evanovich,Janet_NotoriousNineteen_BS.txt",FIC,English,BS,,2012,Janet,Evanovich,Evanovich,Janet,NotoriousNineteen,,,,,F,US,90745,46,0.2015535568,11.87917267,3.928834339,2.952101373,4922,-2.3152,0.17237,-2.4876,-2.9395,3.95,67216,https://www.goodreads.com/search?q=Evanovich+Janet+Notorious+Nineteen,1
"2012_Evanovich,Janet_WickedBusiness_BS.txt",FIC,English,BS,,2012,Janet,Evanovich,Evanovich,Janet,WickedBusiness,,,,,F,US,81528,31,0.3057298202,11.83280116,3.976154143,2.935812862,4764,-2.2567,0.17655,-2.4332,-2.8725,3.81,35164,https://www.goodreads.com/search?q=Evanovich+Janet+Wicked+Business,1
"2012_Fagan,Jenni_ThePanopticon_SF.txt",FIC,English,SF,YA,2012,Fagan,Jenni,Jenni,Fagan,ThePanopticon,,,,,F,UK,102790,35,0.1916883117,11.69131028,3.90723771,2.843114212,4476,-2.3014,0.19461,-2.496,-2.9494,3.68,5227,https://www.goodreads.com/search?q=Jenni+Fagan+The+Panopticon,1
"2012_Ferguson,Will_419_PW.txt",FIC,English,PW,,2012,Ferguson,Will,Will,Ferguson,419,,Viking,ScotiabankGillerPrize,Winner,M,Canada,139190,41,0.2345737164,13.57553887,4.324325757,3.447628367,6435,-2.1934,0.17774,-2.3712,-2.8839,3.62,11875,https://www.goodreads.com/search?q=Will+Ferguson+419,0
"2012_Fforde,Jasper_TheWomanWhoDiedaLot_MY.txt",FIC,English,MY,,2012,Fforde,Jasper,Jasper,Fforde,TheWomanWhoDiedaLot,,,,,M,UK,129656,61,0.1571232249,16.01877934,4.251977046,3.660749009,5593,-2.3249,0.21288,-2.5378,-3.0194,4.07,13587,https://www.goodreads.com/search?q=+The+Woman+Who+Dieda+Lot,1
"2012_Flynn,Gillian_GoneGirl_BS.txt",FIC,English,BS,,2012,Gillian,Flynn,Flynn,Gillian,GoneGirl,,,,,F,US,196291,62,0.127563249,15.1494173,4.016159512,3.352498841,8209,-2.2534,0.25791,-2.5113,-3.1021,4.11,2673126,https://www.goodreads.com/search?q=Flynn+Gillian+Gone+Girl,1
"2012_Flynn,Vince_KillShot_BS.txt",FIC,English,BS,,2012,Vince,Flynn,Flynn,Vince,KillShot,,,,,M,US,134552,49,0.2016225245,15.30913642,4.167012944,3.576324817,6526,-2.2533,0.25561,-2.5089,-3.0346,4.31,48296,https://www.goodreads.com/search?q=Flynn+Vince+Kill+Shot,0
"2012_Flynn,Vince_TheLastMan_BS.txt",FIC,English,BS,,2012,Vince,Flynn,Flynn,Vince,TheLastMan,,,,,M,US,149226,68,0.2123260437,15.02325581,4.181090327,3.558448252,6434,-2.2611,0.25567,-2.5167,-3.0781,4.36,34948,https://www.goodreads.com/search?q=Flynn+Vince+The+Last+Man,0
"2012_Follett,Ken_WinteroftheWorld_BS.txt",FIC,English,BS,,2012,Ken,Follett,Follett,Ken,WinteroftheWorld,,,,,M,UK,388188,252,0.089801444,13.35677666,4.29390618,3.448593291,21778,-2.2144,0.24538,-2.4598,-3.3251,4.35,144063,https://www.goodreads.com/search?q=+Winterofthe+World,0
"2012_Fountain,Ben_BillyLynnsLongHalftimeWalk_ PW.txt",FIC,English,PW,,2012,Fountain,Ben,Ben,Fountain,BillyLynnsLongHalftimeWalk,,Ecco,TheNationalBookAwards,Shortlist,M,US,123387,50,0.3418416801,16.09535612,4.19860924,3.546025757,4685,-2.2201,0.29246,-2.5126,-2.9897,3.79,29598,https://www.goodreads.com/search?q=Ben+Fountain+Billy+Lynns+Long+Halftime+Walk,0
"2012_Frankel,Laurie_GoodbyeforNow_SF.txt",FIC,English,SF,,2012,Frankel,Laurie,Laurie,Frankel,GoodbyeforNow,,,,,F,US,120340,48,0.3449404762,13.35775336,4.08902439,3.222090937,4024,-2.2276,0.21845,-2.446,-2.9317,3.59,4912,https://www.goodreads.com/search?q=+Goodbyefor+Now,0
"2012_Frazier,LA_BackontheMarket_MY.txt",FIC,English,MY,,2012,Frazier,LA,LA,Frazier,BackontheMarket,,,,,o,US,80165,30,0.1495564005,13.9441642,3.895593312,3.179457229,3758,-2.4278,0.15973,-2.5875,-2.9925,4.23,138,https://www.goodreads.com/search?q=+Backonthe+Market,1
"2012_French,Nicci_BlueMonday_MY.txt",FIC,English,MY,,2012,French,Nicci,Nicci,French,BlueMonday,,,,,o,UK,131424,40,0.3285821455,12.34955835,4.013834365,3.037762257,6739,-2.2121,0.30609,-2.5182,-3.0391,3.81,21792,https://www.goodreads.com/search?q=Nicci+French+Blue+Monday,0
"2012_George,Elizabeth_TheEdgeofNowhere_MY.txt",FIC,English,MY,YA,2012,George,Elizabeth,Elizabeth,George,TheEdgeofNowhere,,,,,F,US,139819,44,0.2605430387,13.75900413,4.040245713,3.22833719,8401,-2.3311,0.21126,-2.5424,-3.0828,3.41,4606,https://www.goodreads.com/search?q=+The+Edgeof+Nowhere,0
"2012_Gertner,Jon_TheIdeaFactory_HIST.txt",NON,English,HIST,,2012,Gertner,Jon,Jon,Gertner,TheIdeaFactory,,,,,M,US,148521,89,0.1362630414,25.54101462,4.807245761,5.084610512,1908,-2.2489,0.16341,-2.4123,-2.9247,4.18,6502,https://www.goodreads.com/search?q=Jon+Gertner+The+Idea+Factory,0
"2012_Gibbs,Nancy_ThePresidentsClub_HIST.txt",NON,English,HIST,,2012,Gibbs,Nancy,Nancy,Gibbs,ThePresidentsClub,,,,,F,US,227913,190,0.1735070798,23.99336772,4.562745128,4.727246419,6644,-2.4296,0.096329,-2.526,-3.1453,4.15,9947,https://www.goodreads.com/search?q=Nancy+Gibbs+The+Presidents+Club,0
"2012_Giffin,Emily_WhereWeBelong_BS.txt",FIC,English,BS,,2012,Emily,Giffin,Giffin,Emily,WhereWeBelong,,,,,F,US,138639,37,0.2206855081,14.42803622,3.975877371,3.214707028,8559,-2.3513,0.23939,-2.5907,-3.0869,3.89,91685,https://www.goodreads.com/search?q=Giffin+Emily+Where+We+Belong,1
"2012_Gould,Steven_Impulse_SF.txt",FIC,English,SF,,2012,Gould,Steven,Steven,Gould,Impulse,,,,,M,US,136636,53,0.1408839779,12.0437197,4.060579186,3.033962188,9107,-2.1874,0.25748,-2.4449,-2.9507,4.08,4122,https://www.goodreads.com/search?q=Steven+Gould+Impulse,1
"2012_Green,John_TheFaultinOurStars_YA.txt",FIC,English,YA,,2012,Green,John,John,Green,TheFaultInOurStars,,,,,M,,84340,31,0.3450219161,14.86953456,4.064813862,3.344533008,4758,-2.3141,0.20152,-2.5156,-2.9467,4.16,4322160,https://www.goodreads.com/search?q=John+Green+The+Fault+In+Our+Stars,1
"2012_Grisham,John_CalicoJoe_BS.txt",FIC,English,BS,,2012,John,Grisham,Grisham,John,CalicoJoe,,,,,M,US,63705,38,0.3288477712,16.3976834,4.116835927,3.61406204,2553,-2.159,0.32285,-2.4819,-2.9048,3.85,42684,https://www.goodreads.com/search?q=Grisham+John+Calico+Joe,1
"2012_Grisham,John_TheConfession_BS.txt",FIC,English,BS,,2012,John,Grisham,Grisham,John,TheConfession,,,,,M,US,170355,83,0.1294341216,14.59893736,4.286116849,3.576872397,8374,-2.2136,0.2802,-2.4938,-3.0615,3.87,65643,https://www.goodreads.com/search?q=Grisham+John+The+Confession,0
"2012_Grisham,John_TheRacketeer_BS.txt",FIC,English,BS,,2012,John,Grisham,Grisham,John,TheRacketeer,,,,,M,US,126068,61,0.1272889683,15.58704253,4.155391031,3.584010736,4925,-2.2399,0.2335,-2.4734,-2.9593,3.85,96326,https://www.goodreads.com/search?q=Grisham+John+The+Racketeer,1
"2012_Hale,Shannon_PalaceofStone_MG.txt",FIC,English,MID,,2012,Hale,Shannon,Shannon,Hale,PalaceOfStone,,,,,F,,80659,31,0.4043385491,13.07489058,4.174464291,3.2926167,4680,-2.296,0.24249,-2.5385,-2.9599,4,23180,https://www.goodreads.com/search?q=Shannon+Hale+Palace+Of+Stone,0
"2012_Hale,Sheila_Titan_NF.txt",NON,English,MIX,,2012,Hale,Sheila,Sheila,Hale,Titan,,,,,F,,299353,277,0.2573529412,38.36383442,4.689975742,5.76088362,5651,-2.2558,0.23215,-2.4879,-3.2673,4.36,845579,https://www.goodreads.com/search?q=+Titan,0
"2012_Harbach,Chad_TheArtofFielding_CT.txt",FIC,English,NYT,,2012,Harbach,Chad,Chad,Harbach,TheArtofFielding,,,,,M,US,190782,71,0.2043269231,14.93518084,4.308920589,3.535250628,9239,-2.2921,0.21691,-2.509,-3.0769,3.98,111118,https://www.goodreads.com/search?q=+The+Artof+Fielding,0
"2012_Harden,Nathan_SexandGodatYale_NF.txt",NON,English,MIX,,2012,Harden,Nathan,Nathan,Harden,SexandGodatYale,,,,,M,,112658,42,0.2238033635,19.78191396,4.530512213,4.454370121,1993,-2.1821,0.12433,-2.3064,-2.7923,3.24,97,https://www.goodreads.com/search?q=+Sexand+Godat+Yale,1
"2012_Harkaway,Nick_Angelmaker_SF.txt",FIC,English,SF,,2012,Harkaway,Nick,Nick,Harkaway,Angelmaker,,,,,M,UK,231530,85,0.2222222222,14.62695053,4.220945564,3.532167699,8446,-2.2386,0.24788,-2.4865,-3.1297,3.93,9771,https://www.goodreads.com/search?q=Nick+Harkaway+Angelmaker,0
"2012_Harris,Charlaine_Deadlocked_BS.txt",FIC,English,BS,,2012,Charlaine,Harris,Harris,Charlaine,Deadlocked,,,,,F,US,123003,83,0.1202804746,14.16758811,3.993001609,3.257530222,6935,-2.4391,0.17057,-2.6097,-3.0853,3.71,97726,https://www.goodreads.com/search?q=Harris+Charlaine+Deadlocked,1
"2012_Healy,Christopher_TheHero'sGuide toSavingYourKingdom_MG.txt",FIC,English,MID,,2012,Healy,Christopher,Christopher,Healy,TheHerosGuideToSavingYourKingdom,,,,,M,,105601,46,0.1574029708,13.04521309,4.204373181,3.21824415,6587,-2.1705,0.26044,-2.4309,-2.9096,4.06,11399,https://www.goodreads.com/search?q=Christopher+Healy+The+Heros+Guide+To+Saving+Your+Kingdom,0
"2012_Heller,Peter_TheDogStars_SF.txt",FIC,English,SF,,2012,Heller,Peter,Peter,Heller,TheDogStars,,,,,M,US,97650,19,0.3456221198,11.32830626,4.042027267,3.026206395,4854,-2.2854,0.17316,-2.4586,-2.9435,3.94,57849,https://www.goodreads.com/search?q=Peter+Heller+The+Dog+Stars,1
"2012_Hiaasen,Carl_Chomp_MG.txt",FIC,English,MID,,2012,Hiaasen,Carl,Carl,Hiaasen,Chomp,,,,,M,,79938,32,0.2263141328,13.25232095,4.280144393,3.374317717,4717,-2.388,0.15651,-2.5445,-2.9515,3.97,20354,https://www.goodreads.com/search?q=Carl+Hiaasen+Chomp,0
"2012_Hirshman,Linda_Victory_NF.txt",NON,English,MIX,,2012,Hirshman,Linda,Linda,Hirshman,Victory,,,,,F,,133993,143,0.0506391347,24.2214389,4.827438774,5.033316369,2332,-2.2878,0.12192,-2.4098,-2.895,3.86,330,https://www.goodreads.com/search?q=Linda+Hirshman+Victory,0
"2012_Hitchcock,James_HistoryoftheCatholicChurch_HIST.txt",NON,English,HIST,,2012,Hitchcock,James,James,Hitchcock,HistoryoftheCatholicChurch,,,,,M,US,255945,250,0.1101190476,32.94439439,5.070594839,5.922564618,1551,-2.2279,0.15316,-2.381,-3.0546,4.11,337,https://www.goodreads.com/search?q=+Historyofthe+Catholic+Church,0
"2012_Hitt,Jack_BunchofAmateursASearchfortheAmeric_NF.txt",NON,English,MIX,,2012,Hitt,Jack,Jack,Hitt,BunchofAmateurs,,,,,M,,104273,66,0.1233552632,22.61887202,4.616469286,4.72420093,1485,-2.254,0.10133,-2.3553,-2.7823,3.39,369,https://www.goodreads.com/search?q=+Bunchof+Amateurs,0.01
"2012_Hobbs,Roger_Ghostman_MY.txt",FIC,English,MY,,2012,Hobbs,Roger,Roger,Hobbs,Ghostman,,,,,M,US,116535,23,0.1804222649,13.76993974,4.008498753,3.302676243,5546,-2.1078,0.33571,-2.4435,-2.9581,3.77,7522,https://www.goodreads.com/search?q=Roger+Hobbs+Ghostman,1
"2012_Hochschild,ArlieRussel_OutsourcedSelf_NF.txt",NON,English,MIX,,2012,Hochschild,ArlieRussel,ArlieRussel,Hochschild,OutsourcedSelf,,,,,F,,85649,67,0.0481848185,20.09125029,4.391024223,4.2201973,1980,-2.1349,0.18661,-2.3215,-2.7582,3.67,294,https://www.goodreads.com/search?q=+Outsourced+Self,1
"2012_Holland,James_DamBusters_HIST.txt",NON,English,HIST,,2012,Holland,James,James,Holland,DamBusters,,,,,M,UK,166161,123,0.1553370787,24.43903515,4.503166379,4.575636047,5332,-2.2973,0.19401,-2.4913,-3.0634,4.27,992,https://www.goodreads.com/search?q=James+Holland+Dam+Busters,0
"2012_Hoover,Colleen_Hopeless_BS.txt",FIC,English,BS,,2012,Colleen,Hoover,Hoover,Colleen,Hopeless,,,,,F,US,141152,19,0.3387596899,14.41797753,3.778312916,3.127256363,9438,-2.3769,0.18336,-2.5602,-3.1211,4.28,338438,https://www.goodreads.com/search?q=Hoover+Colleen+Hopeless,1
"2012_Hough,Robert_DrBrinkley_PW.txt",FIC,English,PW,,2012,Hough,Robert,Robert,Hough,DrBrinkleysTower,,HouseofAnansiPress,GovernorGeneralLiteraryAwardforfiction,Shortlist,M,Canada,135802,57,0.2036124795,17.87338773,4.445749566,4.095015453,8010,-2.2688,0.20124,-2.4701,-2.9934,3.73,218,https://www.goodreads.com/search?q=Robert+Hough+Dr+Brinkleys+Tower,1
"2012_Howey,Hugh_Wool_SF.txt",FIC,English,SF,,2012,Howey,Hugh,Hugh,Howey,Wool,,,,,M,US,193807,35,0.2008733624,14.68679903,4.231695483,3.531931729,13718,-2.1979,0.31493,-2.5129,-3.1296,4.21,173916,https://www.goodreads.com/search?q=Hugh+Howey+Wool,0
"2012_Hunt,Laird_KindOne_PW.txt",FIC,English,PW,,2012,Hunt,Laird,Laird,Hunt,KindOne,,CoffeeHousePress,PEN/FaulknerAwardforFiction,Shortlist,M,US,48225,15,0.2277936963,18.3365019,3.831038828,3.523181138,3027,-2.3972,0.12913,-2.5263,-2.9213,3.62,438,https://www.goodreads.com/search?q=Laird+Hunt+Kind+One,1
"2012_Hurley,Kameron_Rapture_SF.txt",FIC,English,SF,,2012,Hurley,Kameron,Kameron,Hurley,Rapture,,,,,F,US,162963,64,0.286637061,11.75185693,4.116446849,3.094307505,8939,-2.228,0.31643,-2.5444,-3.1109,4.05,1322,https://www.goodreads.com/search?q=Kameron+Hurley+Rapture,0
"2012_Israel,Elisha_IntoEgyptAgainwithShips_HIST.txt",NON,English,HIST,,2012,Israel,Elisha,Elisha,Israel,IntoEgyptAgainwithShips,,,,,M,,36544,30,0.2358381503,26.57745455,4.513274336,4.635454217,338,-2.1246,0.084669,-2.2092,-2.563,4.55,125,https://www.goodreads.com/search?q=+Into+Egypt+Againwith+Ships,0
"2012_Jacobs,Mara_WorthTheDrive_ROM.txt",FIC,English,ROM,,2012,Jacobs,Mara,Mara,Jacobs,WorthTheDrive,,,,,F,US,117447,33,0.268790443,13.61704348,4.081439356,3.312609561,6522,-2.298,0.22008,-2.5181,-3.0245,3.9,2243,https://www.goodreads.com/search?q=Mara+Jacobs+Worth+The+Drive,0
"2012_James,EL_FiftyShades_Darker_BS.txt",FIC,English,BS,,2012,EL,James,James,EL,FiftyShadesDarker,,,,,F,UK,207974,55,0.3865775136,11.39146629,3.992987008,2.824583579,15289,-2.2263,0.3254,-2.5517,-3.1567,3.83,822304,https://www.goodreads.com/search?q=James+EL+Fifty+Shades+Darker,1
"2012_James,EL_FiftyShadesFreed_BS.txt",FIC,English,BS,,2012,EL,James,James,EL,FiftyShadesFreed,,,,,F,UK,633057,125,0.1908058932,11.23876225,3.994367793,2.813109881,45797,-2.2329,0.33555,-2.5685,-3.6703,3.84,783801,https://www.goodreads.com/search?q=+Fifty+Shades+Freed,1
"2012_James,GeorgeGM_StolenLegacy_HIST.txt",NON,English,HIST,,2012,James,GeorgeGM,GeorgeGM,James,StolenLegacy,,,,,M,Guyana,65876,60,0.175074184,26.08950495,4.713547164,4.931409854,461,-2.1221,0.16771,-2.2898,-2.7318,4.44,1365,https://www.goodreads.com/search?q=+Stolen+Legacy,0
"2012_Johnson,TGeronimo_HoldItTillItHurts_PW.txt",FIC,English,PW,,2012,Johnson,TGeronimo,T Geronimo,Johnson,HoldItTillItHurts,,CoffeeHousePress,PEN/FaulknerAwardforFiction,Shortlist,M,US,166832,60,0.2389950166,15.75075529,4.292123064,3.636215888,8479,-2.2336,0.23216,-2.4658,-3.0279,3.65,235,https://www.goodreads.com/search?q=+Hold+It+Till+It+Hurts,0
"2012_Jones,Dan_ThePlantagenets_HIST.txt",NON,English,HIST,,2012,Jones,Dan,Dan,Jones,ThePlantagenets,,,,,M,UK,228188,196,0.0661570126,25.1724214,4.699784166,4.87323093,6139,-2.3158,0.15268,-2.4685,-3.123,4.2,15726,https://www.goodreads.com/search?q=Dan+Jones+The+Plantagenets,0
"2012_Jones,PaulAntony_ExtinctionPoint_SF.txt",FIC,English,SF,,2012,Jones,PaulAntony,PaulAntony,Jones,ExtinctionPoint,,,,,M,UK,95681,8,0.8241469816,21.81012081,4.316917188,4.320872429,5986,-2.2906,0.15632,-2.4469,-2.9306,3.62,7911,https://www.goodreads.com/search?q=+Extinction+Point,0
"2012_Kaplan,RoberD_TheRevengeofGeography_HIST.txt",NON,English,HIST,,2012,Kaplan,RoberD,RoberD,Kaplan,TheRevengeofGeography,,,,,M,US,133863,62,0.1754385965,34.82388137,4.958443306,5.870925917,316,-2.2475,0.1173,-2.3648,-2.882,3.76,4805,https://www.goodreads.com/search?q=+The+Revengeof+Geography,0
"2012_Keizer,Garret_Privacy_NF.txt",NON,English,MIX,,2012,Keizer,Garret,Garret,Keizer,Privacy,,,,,M,,52802,18,0.1097560976,27.68851599,4.652795084,5.201694116,341,-2.3501,0.061203,-2.4113,-2.7879,3.53,124,https://www.goodreads.com/search?q=Garret+Keizer+Privacy,0
"2012_Kellerman,Jonathan_Victims_MY.txt",FIC,English,MY,,2012,Kellerman,Jonathan,Jonathan,Kellerman,Victims,,,,,M,US,113702,78,0.1889546351,12.71265653,4.235935539,3.252719986,4997,-2.218,0.23265,-2.4506,-2.9253,3.98,16100,https://www.goodreads.com/search?q=Jonathan+Kellerman+Victims,1
"2012_Kelly,Leslie_BringingDownSam_ROM.txt",FIC,English,ROM,,2012,Kelly,Leslie,Leslie,Kelly,BringingDownSam,,,,,F,US,83530,14,0.417443774,15.98966309,4.142401214,3.589766687,5358,-2.2876,0.25519,-2.5428,-2.9954,3.56,738,https://www.goodreads.com/search?q=Leslie+Kelly+Bringing+Down+Sam,0
"2012_King,Thomas_TheInconvenientIndian_HIST.txt",NON,English,HIST,,2012,King,Thomas,Thomas,King,TheInconvenientIndian,,,,,M,US/Canada,90118,63,0.076754386,22.5746493,4.646617696,4.652929966,946,-2.1876,0.09982,-2.2874,-2.7231,4.23,13450,https://www.goodreads.com/search?q=Thomas+King+The+Inconvenient+Indian,0.03
"2012_Kingsolver,Barbara_FlightBehavior_BS.txt",FIC,English,BS,,2012,Barbara,Kingsolver,Kingsolver,Barbara,FlightBehavior,,,,,F,US,182371,59,0.2362811791,14.62360677,4.309548201,3.597776426,7856,-2.356,0.20525,-2.5612,-3.1204,3.79,87929,https://www.goodreads.com/search?q=Kingsolver+Barbara+Flight+Behavior,0
"2012_Kinney,Jeff_TheThirdWheel_MG.txt",FIC,English,MID,,2012,Kinney,Jeff,Jeff,Kinney,TheThirdWheel,,,,,M,,23328,20,0.1582733813,19.61984861,3.911156437,3.635635995,807,-2.3122,0.072833,-2.385,-2.7424,4.21,86125,https://www.goodreads.com/search?q=Jeff+Kinney+The+Third+Wheel,1
"2012_Knowles,Jo_SeeYouatHarry's_MG.txt",FIC,English,MID,,2012,Knowles,John,John,Knowles,SeeYouAtHarrys,,,,,M,,69569,27,0.2091333679,10.95402299,3.74826038,2.646163912,4449,-2.3816,0.16181,-2.5435,-2.9633,4.12,13053,https://www.goodreads.com/search?q=+See+You+At+Harrys,1
"2012_Kress,Nancy_AftertheFall_SF.txt",FIC,English,SF,,2012,Kress,Nancy,Nancy,Kress,AftertheFall,,,,,F,US,47898,26,0.2645089286,13.44316587,4.278719684,3.409420971,2224,-2.3444,0.16375,-2.5081,-2.8753,4.37,10456,https://www.goodreads.com/search?q=+Afterthe+Fall,0
"2012_Lam,Vincent_TheHeadmastersWager_PW.txt",FIC,English,PW,,2012,Lam,Vincent,Vincent,Lam,TheHeadmastersWager,,Doubleday,GovernorGeneralLiteraryAwardforfiction,Shortlist,M,Canada,167325,46,0.3885542169,14.295173,4.281298189,3.542096214,9923,-2.2458,0.19107,-2.4369,-3.0137,3.88,4779,https://www.goodreads.com/search?q=Vincent+Lam+The+Headmasters+Wager,0
"2012_Landay,William_DefendingJacob_BS.txt",FIC,English,BS,NYT,2012,William,Landay,Landay,William,DefendingJacob,,,,,M,US,168994,55,0.2647149461,13.11149042,4.089085913,3.257908619,4433,-2.0887,0.32882,-2.4175,-2.9951,3.99,283070,https://www.goodreads.com/search?q=Landay+William+Defending+Jacob,1
"2012_Lawson,Jenny_LetsPretendThisNeverHappened_ME.txt",NON,English,MEM,,2012,Lawson,Jenny,Jenny,Lawson,LetsPretendThisNeverHappened,,,,,F,,120144,26,0.5478927203,19.95747508,4.115498453,3.884817466,4121,-2.317,0.11327,-2.4303,-2.8963,3.89,183184,https://www.goodreads.com/search?q=Jenny+Lawson+Lets+Pretend+This+Never+Happened,1
"2012_LeBillon,Karen_FrenchKidsEatEverything_ME.txt",NON,English,MEM,,2012,LeBillon,Karen,Karen,LeBillon,FrenchKidsEatEverything,,,,,F,,95905,20,0.269441402,19.59244127,4.461267215,4.193551072,2269,-2.2372,0.16482,-2.402,-2.8821,3.92,8302,https://www.goodreads.com/search?q=+French+Kids+Eat+Everything,1
"2012_LeeStewart,Trenton_TheExtraordinaryEducationofNicholasBenedict_MG.txt",FIC,English,MID,,2012,LeeStewart,Trenton,Trenton,LeeStewart,TheExtraordinaryEducationOfNicholasBenedict,,,,,M,,164564,38,0.2576530612,15.70716808,4.30309075,3.697245651,9491,-2.2406,0.25555,-2.4962,-3.0576,4.37,15749,https://www.goodreads.com/search?q=+The+Extraordinary+Education+Of+Nicholas+Benedict,0
"2012_Leonard,John_ReadingforMyLife_NF.txt",NON,English,MIX,,2012,Leonard,John,John,Leonard,ReadingforMyLife,,,,,M,,169580,166,0.0446428571,27.53369053,4.588439775,4.919976269,1428,-2.2694,0.13575,-2.4051,-2.9393,4,84,https://www.goodreads.com/search?q=+Readingfor+My+Life,1
"2012_Lerangis,Peter_DeadofTheNight_MG.txt",FIC,English,MID,,2012,Lerangis,Peter,Peter,Lerangis,DeadOfNight,,,,,M,,49753,37,0.1781415503,9.871626984,4.227027867,2.829074275,3586,-2.2339,0.15662,-2.3905,-2.7877,4.16,18302,https://www.goodreads.com/search?q=Peter+Lerangis+Dead+Of+Night,0
"2012_Lerner,EdwardM_Energized_SF.txt",FIC,English,SF,,2012,Lerner,EdwardM,EdwardM,Lerner,Energized,,,,,M,US,114835,60,0.1686788548,12.50108861,4.528750148,3.506825216,5008,-2.2745,0.14374,-2.4182,-2.883,4,2446,https://www.goodreads.com/search?q=+Energized,0
"2012_Lyons,CJ_BlindFaith_BS.txt",FIC,English,BS,,2012,CJ,Lyons,Lyons,CJ,BlindFaith,,,,,F,US,127482,36,0.1578678908,13.11678156,4.153941014,3.274022756,8710,-2.2946,0.21998,-2.5145,-3.0308,3.54,2724,https://www.goodreads.com/search?q=Lyons+CJ+Blind+Faith,0
"2012_Maddow,Rachel_Drift_TheUnmooringofAmericanMilitary_NF.txt",NON,English,MIX,,2012,Maddow,Rachel,Rachel,Maddow,Drift,,,,,F,,89945,50,0.2725388601,26.82523114,4.680568503,5.036956649,1102,-2.2663,0.083528,-2.3498,-2.7964,4.06,19654,https://www.goodreads.com/search?q=Rachel+Maddow+Drift,0
"2012_Makos,Adam_AHigherCall_HIST.txt",NON,English,HIST,,2012,Makos,Adam,Adam,Makos,AHigherCall,,,,,M,US,141508,75,0.2539336345,16.12259314,4.468083192,3.786654569,9175,-2.2641,0.16923,-2.4334,-2.9454,4.3,23321,https://www.goodreads.com/search?q=Adam+Makos+A+Higher+Call,0
"2012_Malone,MicahelS_FourPercent_HIST.txt",NON,English,HIST,,2012,Malone,MicahelS,MicahelS,Malone,FourPercent,,,,,M,US,90347,66,0.0936708861,27.72230746,4.699110207,4.98009387,1462,-2.1302,0.19125,-2.3215,-2.7614,3.89,7034,https://www.goodreads.com/search?q=+Four+Percent,0
"2012_Mantel,Hilary_BringUptheBod_PW.txt",FIC,English,PW,,2012,Mantel,Hilary,Hilary,Mantel,BringUptheBod,,FourthEstate,TheManBookerPrize,Winner,F,UK,174345,98,0.1049367994,15.09611222,4.07296729,3.405305826,5872,-2.36,0.2223,-2.5823,-3.17,4.25,88053,https://www.goodreads.com/search?q=+Bring+Upthe+Bod,0
"2012_Maraniss,David_BarackObama_The Story_NF.txt",NON,English,MIX,,2012,Maraniss,David,David,Maraniss,BarackObama,,,,,M,,278355,246,0.1694817381,23.98578199,4.56375722,4.723034922,6081,-2.2362,0.18633,-2.4225,-3.1297,4.08,1182,https://www.goodreads.com/search?q=David+Maraniss+Barack+Obama,0
"2012_Marquet,LDavid_TurntheShipAround_ME.txt",NON,English,MEM,,2012,Marquet,David,David,Marquet,TurntheShipAround,,,,,M,,66778,15,0.1461187215,18.16100082,4.594132829,4.313403492,1071,-2.2558,0.17036,-2.4262,-2.8352,4.23,13557,https://www.goodreads.com/search?q=+Turnthe+Ship+Around,1
"2012_McLain,Paula_TheParisWife_BS.txt",FIC,English,BS,,2012,Paula,McLain,McLain,Paula,TheParisWife,,,,,M,US,168272,102,0.3126992561,17.5521018,4.174358541,3.730541521,6708,-2.3685,0.1882,-2.5567,-3.0995,3.82,284920,https://www.goodreads.com/search?q=McLain+Paula+The+Paris+Wife,1
"2012_McPherson,Catriona_DandyGilver_MY.txt",FIC,English,MY,,2012,McPherson,Catriona,Catriona,McPherson,DandyGilver,,,,,F,Scotland,136125,67,0.1666146646,16.20342816,4.058413671,3.418708258,7675,-2.2955,0.22854,-2.524,-3.0612,3.5,1718,https://www.goodreads.com/search?q=Catriona+McPherson+Dandy+Gilver,1
"2012_Mead,Richelle_TheImmortalCrown_SF.txt",FIC,English,SF,YA,2012,Mead,Richelle,Richelle,Mead,TheImmortalCrown,,,,,F,US,163416,59,0.2418841502,15.1381195,4.261084606,3.622100642,7742,-2.3171,0.24217,-2.5593,-3.1075,4.29,8269,https://www.goodreads.com/search?q=Richelle+Mead+The+Immortal+Crown,0
"2012_Mealer,Bryan_MuckCity_NF.txt",NON,English,MIX,,2012,Mealer,Bryan,Bryan,Mealer,MuckCity,,,,,M,,124652,126,0.1698240866,19.00762428,4.447009788,4.08556541,4428,-2.2762,0.21802,-2.4942,-2.9839,3.79,496,https://www.goodreads.com/search?q=Bryan+Mealer+Muck+City,0
"2012_Meyer,Dakota_IntotheFire_ME.txt",NON,English,MEM,,2012,Meyer,Dakota,Dakota,Meyer,IntotheFire,,,,,M,,68734,52,0.1009251472,15.42158403,4.247884308,3.622133244,2991,-2.2777,0.14593,-2.4236,-2.856,4.11,13858,https://www.goodreads.com/search?q=+Intothe+Fire,1
"2012_Millhauser,Steven_WeOthersNew&SelectedStories_PW.txt",FIC,English,PW,,2012,Millhauser,Steven,Steven,Millhauser,WeOthersNew&SelectedStories,,AlfredA.Knopf,PEN/FaulknerAwardforFiction,Shortlist,M,US,188353,56,0.1359461115,20.75515152,4.334061362,4.202034327,9174,-2.2028,0.1277,-2.3305,-2.9506,3.91,888,https://www.goodreads.com/search?q=Steven+Millhauser+We+Others+New&+Selected+Stories,1
"2012_Molles,DJ_TheRemaining_SF.txt",FIC,English,SF,,2012,Molles,DJ,DJ,Molles,TheRemaining,,,,,M,US,117094,28,0.4580250885,14.69000125,4.17550757,3.522859306,7676,-2.2435,0.19194,-2.4355,-2.9338,4.09,11447,https://www.goodreads.com/search?q=DJ+Molles+The+Remaining,0
"2012_Moore,Alison_TheLighthouse_PW.txt",FIC,English,PW,,2012,Moore,Alison,Alison,Moore,TheLighthouse,,SaltPublishing,TheManBookerPrize,Shortlist,F,UK,57685,10,0.4048672566,19.98094908,4.148576262,3.89417932,4425,-2.2182,0.25814,-2.4764,-2.8983,3.36,4759,https://www.goodreads.com/search?q=Alison+Moore+The+Lighthouse,0
"2012_Moorjani,Anita_Dyingtobe_Me.txt",NON,English,MEM,,2012,Moorjani,Anita,Anita,Moorjani,Dyingtobe,,,,,F,,72340,13,0.2801302932,20.79333142,4.230578525,4.184376053,1834,-2.2362,0.1266,-2.3628,-2.8155,4.13,13750,https://www.goodreads.com/search?q=+Dyingtobe,1
"2012_Morgan,KelliAnne_TheRancher_ROM.txt",FIC,English,ROM,,2012,Morgan,KelliAnne,KelliAnne,Morgan,TheRancher,,,,,F,US,114169,52,0.2269807281,14.13857585,4.189857265,3.462289713,9703,-2.3914,0.18129,-2.5726,-3.0732,4.06,2769,https://www.goodreads.com/search?q=+The+Rancher,0
"2012_Morgan,Sophie_DiaryofaSubmissive_ME.txt",NON,English,MEM,,2012,Morgan,Sophie,Sophie,Morgan,DiaryofaSubmissive,,,,,F,,103021,9,0.3163481953,19.07089967,4.044532311,3.822281477,6128,-2.3913,0.2016,-2.5929,-3.0708,3.44,3210,https://www.goodreads.com/search?q=+Diaryofa+Submissive,1
"2012_Morton,Kate_TheSecretKeeper_MY.txt",FIC,English,MY,,2012,Morton,Kate,Kate,Morton,TheSecretKeeper,,,,,F,Australia,195560,67,0.2086462722,19.09579143,4.223677407,3.894511096,11025,-2.3684,0.20921,-2.5776,-3.1893,4.14,148046,https://www.goodreads.com/search?q=Kate+Morton+The+Secret+Keeper,0
"2012_Mull,Brandon_SeedsofRebellion_MG.txt",FIC,English,MID,,2012,Mull,Brandon,Brandon,Mull,SeedsOfRebellion,,,,,M,,166012,57,0.2575173477,11.95879556,4.471234484,3.4259684,10392,-2.0778,0.25604,-2.3338,-2.9138,4.28,28622,https://www.goodreads.com/search?q=Brandon+Mull+Seeds+Of+Rebellion,0
"2012_MullalyHunt,Lynda_OnefortheMurphys_MG.txt",FIC,English,MID,,2012,Mullaly,Lynda,Lynda,Mullaly,OneForTheMurphys,,,,,F,,62706,24,0.1968306922,10.51937594,3.764077007,2.557261988,3543,-2.3777,0.21194,-2.5896,-2.9752,4.33,28802,https://www.goodreads.com/search?q=Lynda+Mullaly+One+For+The+Murphys,1
"2012_Mullin,Mike_AshenWinter_SF.txt",FIC,English,SF,,2012,Mullin,Mike,Mike,Mullin,AshenWinter,,,,,M,US,144229,54,0.2574291638,12.5068505,4.026658217,3.070416751,10203,-2.2203,0.19645,-2.4168,-2.9416,4.08,10943,https://www.goodreads.com/search?q=Mike+Mullin+Ashen+Winter,1
"2012_Mundy,Liza_TheRicherSex_NF.txt",NON,English,MIX,,2012,Mundy,Liza,Liza,Mundy,TheRicherSex,,,,,F,,125384,72,0.0669950739,23.77849422,4.621095106,4.71488271,1585,-2.1991,0.17279,-2.3719,-2.8944,3.58,282,https://www.goodreads.com/search?q=Liza+Mundy+The+Richer+Sex,0
"2012_Murphy,Paul_ShootingVictoria_NF.txt",NON,English,MIX,,2012,Murphy,Paul,Paul,Murphy,ShootingVictoria,,,,,M,,202752,203,0.1206212822,27.81616134,4.681320994,5.054826888,8043,-2.2572,0.17263,-2.4298,-3.0264,3.67,666,https://www.goodreads.com/search?q=Paul+Murphy+Shooting+Victoria,0
"2012_Naam,Ramez_Nexus_SF.txt",FIC,English,SF,,2012,Naam,Ramez,Ramez,Naam,Nexus,,,,,M,US/Egypt,152272,72,0.26587473,10.55319149,4.300303702,3.076174586,10120,-2.0921,0.21674,-2.3088,-2.8729,4.04,19281,https://www.goodreads.com/search?q=Ramez+Naam+Nexus,0
"2012_Nielsen,Jennifer_TheFalsePrince_MG.txt",FIC,English,MID,,2012,Nielsen,Jennifer,Jennifer,Nielsen,TheFalsePrince,,,,,F,,96618,26,0.2336569579,13.40427303,3.995306346,3.204989911,5103,-2.3748,0.20392,-2.5787,-3.0266,4.2,86631,https://www.goodreads.com/search?q=Jennifer+Nielsen+The+False+Prince,1
"2012_Niven,Penelope_ThortonWilder_NF.txt",NON,English,MIX,,2012,Niven,Penelope,Penelope,Niven,ThortonWilder,,,,,F,,305684,206,0.2285714286,29.21571251,4.606321489,5.019300765,5576,-2.3666,0.17272,-2.5393,-3.2578,4.23,62,https://www.goodreads.com/search?q=+Thorton+Wilder,0
"2012_OBrien,CaraghM_Promised_SF.txt",FIC,English,SF,YA,2012,OBrien,CaraghM,CaraghM,OBrien,Promised,,,,,M,US,101620,41,0.33454039,12.60168651,4.177971917,3.186441588,7347,-2.1993,0.29337,-2.4927,-2.9683,4.31,297413,https://www.goodreads.com/search?q=+Promised,0
"2012_OConnor,AnneMarie_TheLadyinGold_HIST.txt",NON,English,HIST,,2012,OConnor,AnneMarie,AnneMarie,OConnor,TheLadyinGold,,,,,F,US,128788,161,0.092057101,17.05801325,4.67709484,4.209961749,4727,-2.2369,0.14395,-2.3808,-2.8953,3.97,8410,https://www.goodreads.com/search?q=+The+Ladyin+Gold,0
"2012_Ohlin,Alix_Inside_PW.txt",FIC,English,PW,,2012,Ohlin,Alix,Alix,Ohlin,Inside,,HouseofAnansiPress,ScotiabankGillerPrize,Shortlist,F,Canada,113395,35,0.2353998203,16.09809767,4.243465486,3.654074799,6393,-2.4182,0.17605,-2.5942,-3.0816,3.47,3716,https://www.goodreads.com/search?q=Alix+Ohlin+Inside,0
2012_OlenHelaine_PoundFoolish.txt,NON,English,MIX,,2012,Olen,Helaine,Helaine,Olen,PoundFoolish,,,,,F,,101162,46,0.1789215686,26.30317213,4.694816791,5.011195767,799,-2.309,0.11787,-2.4268,-2.8606,3.66,1689,https://www.goodreads.com/search?q=Helaine+Olen+Pound+Foolish,0
"2012_Oreilly,Bill_KillingKennedy_HIST.txt",NON,English,HIST,,2012,Oreilly,Bill,Bill,Oreilly,KillingKennedy,,,,,M,US,102227,95,0.2389434889,19.33554,4.566130778,4.358719474,2714,-2.2978,0.1033,-2.4011,-2.8417,4.07,54135,https://www.goodreads.com/search?q=Bill+Oreilly+Killing+Kennedy,0
"2012_Otsuka,Julie_BuddhaIn_PW.txt",FIC,English,PW,,2012,Otsuka,Julie,Julie,Otsuka,BuddhaIn,,AlfredA.Knopf,PEN/FaulknerAwardforFiction,Winner,F,US,40677,5,0.3571428571,16.1995221,4.152283412,3.665429706,1257,-2.2735,0.054141,-2.3276,-2.7273,3.66,48906,https://www.goodreads.com/search?q=Julie+Otsuka+Buddha+In,0
"2012_Owen,Mark_NoEasyDay_ME.txt",NON,English,MEM,,2012,Owen,Mark,Mark,Owen,NoEasyDay,,,,,M,,85530,26,0.1097992916,15.7891822,4.131630464,3.603584349,4297,-2.2529,0.13851,-2.3914,-2.8644,4,50286,https://www.goodreads.com/search?q=Mark+Owen+No+Easy+Day,1
"2012_Parnell,Sean_OutlawPlatoon_ME.txt",NON,English,MEM,,2012,Parnell,Sean,Sean,Parnell,OutlawPlatoon,,,,,M,,126609,73,0.1143478261,13.73497505,4.288793703,3.498724021,7407,-2.3015,0.20981,-2.5113,-3.0049,4.38,10907,https://www.goodreads.com/search?q=Sean+Parnell+Outlaw+Platoon,1
"2012_Patterson,James_11thHour_BS.txt",FIC,English,BS,,2012,James,Patterson,Patterson,James,11thHour,,,,,M,US,89637,64,0.1136809094,14.01454034,4.069216536,3.26854919,5272,-2.2182,0.23388,-2.4521,-2.9011,4.07,42887,https://www.goodreads.com/search?q=Patterson+James+11th+Hour,1
"2012_Patterson,James_GuiltyWives_BS.txt",FIC,English,BS,,2012,James,Patterson,Patterson,James,GuiltyWives,,,,,M,US,125489,55,0.0908382066,13.55319149,4.226310833,3.381186246,6850,-2.2247,0.17652,-2.4012,-2.9026,3.87,32652,https://www.goodreads.com/search?q=Patterson+James+Guilty+Wives,1
"2012_Patterson,James_PrivateGames_BS.txt",FIC,English,BS,,2012,James,Patterson,Patterson,James,PrivateGames,,,,,M,US,103428,56,0.2526078376,15.58589512,4.370167871,3.668830599,7598,-2.244,0.16926,-2.4133,-2.8901,3.86,22575,https://www.goodreads.com/search?q=Patterson+James+Private+Games,0.05
"2012_Patterson,James_Zoo_BS.txt",FIC,English,BS,,2013,James,Patterson,Patterson,James,Zoo,,,,,M,US,97935,45,0.1510373444,13.9131979,4.242615983,3.425244675,6357,-2.1453,0.22298,-2.3683,-2.8419,3.5,43136,https://www.goodreads.com/search?q=Patterson+James+Zoo,1
"2012_Petersen,Grant_JustRide_NF.txt",NON,English,MIX,,2012,Petersen,Grant,Grant,Petersen,JustRide,,,,,M,,48679,0,NA,22.21770881,4.218636969,4.199093108,40,-2.0716,0.091923,-2.1635,-2.5321,3.79,2234,https://www.goodreads.com/search?q=Grant+Petersen+Just+Ride,0
"2012_Phillips,Kevin_1775AGoodYearforRevolution_NF.txt",NON,English,MIX,,2012,Phillips,Kevin,Kevin,Phillips,1775AGoodYearforRevolution,,,,,M,,243721,130,0.0657503715,28.41233388,5.191692526,5.58139146,2322,-2.2701,0.13106,-2.4011,-3.0675,3.68,805,https://www.goodreads.com/search?q=+1775+A+Good+Yearfor+Revolution,0
"2012_Phillips,Richard_TheSecondShip_SF.txt",FIC,English,SF,YA,2012,Phillips,Richard,Richard,Phillips,TheSecondShip,,,,,M,US,129524,50,0.2631440589,15.49886323,4.370306072,3.734530618,7375,-2.2273,0.19915,-2.4264,-2.9574,3.77,11220,https://www.goodreads.com/search?q=Richard+Phillips+The+Second+Ship,0
"2012_Picoult,Jodi_LoneWolf_BS.txt",FIC,English,BS,,2012,Jodi,Picoult,Picoult,Jodi,LoneWolf,,,,,F,US,147822,42,0.1813929314,16.265625,3.978011903,3.472459881,6242,-2.2535,0.29286,-2.5464,-3.0908,3.71,74715,https://www.goodreads.com/search?q=Picoult+Jodi+Lone+Wolf,1
"2012_Popkin,Samuel_TheCandidate_NF.txt",NON,English,MIX,,2012,Popkin,Samuel,Samuel,Popkin,TheCandidate,,,,,M,,117469,118,0.1051810237,28.2853359,4.82547739,5.306571327,1235,-2.359,0.09183,-2.4509,-2.913,3.76,134,https://www.goodreads.com/search?q=Samuel+Popkin+The+Candidate,0
"2012_Powell,Colin_ItWorkedforMe_ME.txt",NON,English,MEM,,2012,Powell,Colin,Colin,Powell,ItWorkedforMe,,,,,M,,85355,24,0.103202847,17.51231022,4.433026956,4.122352751,1473,-2.1963,0.11866,-2.315,-2.7529,4.06,5281,https://www.goodreads.com/search?q=+It+Workedfor+Me,1
"2012_Powers,Kevin_YellowBirds_PW.txt",FIC,English,PW,,2012,Powers,Kevin,Kevin,Powers,YellowBirds,,"Little,Brown",TheNationalBookAwards,Shortlist,M,US,61840,13,0.4188596491,17.03581267,4.085831393,3.645155722,3960,-2.2248,0.28345,-2.5082,-2.9317,3.74,24622,https://www.goodreads.com/search?q=Kevin+Powers+Yellow+Birds,1
"2012_Rajaniemi,Hannu_TheFractalPrince_Sf.txt",FIC,English,SF,,2012,Rajaniemi,Hannu,Hannu,Rajaniemi,TheFractalPrince,,,,,M,Finland,99434,42,0.2102702703,13.10583894,4.169410076,3.33513421,4516,-2.1961,0.2845,-2.4806,-2.9928,4.05,7992,https://www.goodreads.com/search?q=Hannu+Rajaniemi+The+Fractal+Prince,1
"2012_Ramirez,John_OutoftheDevilsCauldron_ME.txt",NON,English,MEM,,2012,Ramirez,John,John,Ramirez,OutoftheDevilsCauldron,,,,,M,,66013,27,0.1162123386,17.28994238,4.078098978,3.689068932,3717,-2.3152,0.11078,-2.4259,-2.8559,4.59,782,https://www.goodreads.com/search?q=+Outofthe+Devils+Cauldron,1
"2012_Rankin,Ian_StandinginAnotherMansGrave_MY.txt",FIC,English,MY,,2012,Rankin,Ian,Ian,Rankin,StandinginAnotherMansGrave,,,,,M,Scotland,139974,70,0.3564444444,12.21626811,4.160587935,3.116317743,7742,-2.4076,0.23707,-2.6447,-3.1377,4.06,15897,https://www.goodreads.com/search?q=+Standingin+Another+Mans+Grave,0
"2012_Redekop,Corey_Husk_CT.txt",FIC,English,NYT,,2012,Redekop,Corey,Corey,Redekop,Husk,,,,,M,Canada,128191,42,0.1179331307,14.62199156,4.30463272,3.624828454,7331,-2.1302,0.28375,-2.414,-2.9315,3.81,179,https://www.goodreads.com/search?q=Corey+Redekop+Husk,1
"2012_Rhodes,Richard_MakingoftheAtomicBomb_HIST.txt",NON,English,HIST,,2012,Rhodes,Richard,Richard,Rhodes,MakingoftheAtomicBomb,,,,,M,US,370117,292,0.0483635137,25.11651737,4.821673319,5.051905676,10758,-2.1821,0.20475,-2.3869,-3.198,4.36,18963,https://www.goodreads.com/search?q=+Makingofthe+Atomic+Bomb,0
"2012_Richardson,Joel_MideastBeast_HIST.txt",NON,English,HIST,,2012,Richardson,Joel,Joel,Richardson,MideastBeast,,,,,M,US,100031,70,0.1061167748,27.92601898,4.613299979,4.85126559,866,-2.1649,0.1197,-2.2846,-2.7526,4.3,341,https://www.goodreads.com/search?q=Joel+Richardson+Mideast+Beast,0
"2012_Richler,Nancy_ImposterBride_PW.txt",FIC,English,PW,,2012,Richler,Nancy,Nancy,Richler,ImposterBride,,HarperCollins,ScotiabankGillerPrize,Shortlist,F,Canada,126159,35,0.1597711268,16.73640223,4.034379292,3.560677685,6117,-2.2696,0.22551,-2.4951,-3.0251,3.35,6883,https://www.goodreads.com/search?q=Nancy+Richler+Imposter+Bride,1
"2012_Ricks,Thomas_TheGenerals_NF.txt",NON,English,MIX,,2012,Ricks,Thomas,Thomas,Ricks,TheGenerals,,,,,M,,208462,263,0.0471027373,24.43868699,4.774185894,4.797462358,3955,-2.3288,0.12124,-2.45,-3.0525,4.09,3314,https://www.goodreads.com/search?q=Thomas+Ricks+The+Generals,0
"2012_Riordan,Rick_TheMarkofAthena_MG.txt",FIC,English,MID,,2012,Riordan,Rick,Rick,Riordan,TheMarkOfAthena,,,,,M,,172164,85,0.1367521368,11.848049,4.277431918,3.160053409,9495,-2.2848,0.14859,-2.4334,-2.9989,4.46,514102,https://www.goodreads.com/search?q=Rick+Riordan+The+Mark+Of+Athena,0
"2012_Roberts,Adam_JackGlass_SF.txt",FIC,English,SF,,2012,Roberts,Adam,Adam,Roberts,JackGlass,,,,,M,UK,166594,48,0.1775871035,14.21207985,4.246267207,3.477471101,7500,-2.2336,0.22706,-2.4606,-3.0195,3.7,2366,https://www.goodreads.com/search?q=Adam+Roberts+Jack+Glass,0.01
"2012_Roberts,Nora_PerfectHope_BS.txt",FIC,English,BS,,2012,Nora,Roberts,Roberts,Nora,PerfectHope,,,,,F,US,123421,39,0.1751638747,11.36473297,3.970620206,2.845131438,6083,-2.2892,0.19838,-2.4876,-2.9937,4.17,43018,https://www.goodreads.com/search?q=Roberts+Nora+Perfect+Hope,0
"2012_Roberts,Nora_TheWitness_BS.txt",FIC,English,BS,,2012,Nora,Roberts,Roberts,Nora,TheWitness,,,,,F,US,182628,68,0.145200486,12.10659596,4.001649079,2.972313413,8204,-2.2001,0.27666,-2.4768,-3.0635,4.22,73730,https://www.goodreads.com/search?q=Roberts+Nora+The+Witness,0
"2012_Robinson,KimStanley_2312_SF.txt",FIC,English,SF,,2012,Robinson,KimStanley,KimStanley,Robinson,2312,,,,,F,US,200411,35,0.262745098,17.43917508,4.359868778,3.994363585,6599,-2.1171,0.26751,-2.3846,-3.0007,3.5,18588,https://www.goodreads.com/search?q=+2312,0
"2012_Robinson,Marilynne_WhenIWasaChildIReadBooks_NF.txt",NON,English,MIX,,2012,Robinson,Marilynne,Marilynne,Robinson,WhenIWasaChildIReadBooks,,,,,F,,75045,31,0.2070240296,27.40869248,4.709627446,5.325031545,223,-2.3319,0.12646,-2.4584,-2.8953,3.89,2545,https://www.goodreads.com/search?q=+When+I+Wasa+Child+I+Read+Books,0.06
"2012_Robotham,Michael_SayYoureSorry_MY.txt",FIC,English,MY,,2012,Robotham,Michael,Michael,Robotham,SayYoureSorry,,,,,M,Australia,141725,58,0.0961538462,10.9728244,4.168018105,2.988184816,7378,-2.1263,0.33056,-2.4569,-2.9867,4.19,10812,https://www.goodreads.com/search?q=Michael+Robotham+Say+Youre+Sorry,1
"2012_Roll,Rich_FindingUltra_ME.txt",NON,English,MEM,,2012,Roll,Rich,Rich,Roll,FindingUltra,,,,,M,,87625,35,0.2260726073,18.05956307,4.344650586,4.018232544,2964,-2.3061,0.12475,-2.4308,-2.8689,4,19118,https://www.goodreads.com/search?q=Rich+Roll+Finding+Ultra,1
"2012_Ronald,RD_TheZombieRoom_MY.txt",FIC,English,MY,,2012,Ronald,RD,RD,Ronald,TheZombieRoom,,,,,M,UK,94614,43,0.2192923899,16.77850683,4.297433621,3.859635709,6976,-2.2185,0.23124,-2.4497,-2.9241,4.09,51182,https://www.goodreads.com/search?q=RD+Ronald+The+Zombie+Room,0
"2012_Rowell,Rainbow_Eleanor&Park_YA.txt",FIC,English,YA,,2012,Rowell,Rainbow,Rainbow,Rowell,ElanorAndPark,,,,,F,,103676,28,0.3814627995,11.73601992,3.97931278,2.870798414,5385,-2.2907,0.22664,-2.5173,-2.9963,3.75,4,https://www.goodreads.com/search?q=+Elanor+And+Park,0
"2012_Rowling,JK_TheCasualVacancy_BS.txt",FIC,English,BS,,2012,JK,Rowling,Rowling,JK,TheCasualVacancy,,,,,F,UK,202850,90,0.0811094278,18.59985329,4.348150761,3.956524484,11750,-2.3142,0.20669,-2.5209,-3.1346,3.3,318983,https://www.goodreads.com/search?q=Rowling+JK+The+Casual+Vacancy,0
"2012_Rubin,Gretchen_HappieratHome_ME.txt",NON,English,MEM,,2012,Rubin,Gretchen,Gretchen,Rubin,HappieratHome,,,,,F,,95645,20,0.3203631647,19.76136364,4.366099197,4.153238371,1937,-2.1779,0.15833,-2.3363,-2.7867,3.53,18459,https://www.goodreads.com/search?q=+Happierat+Home,1
"2012_Runcie,James_SidneyChambersandTheShadow_MY.txt",FIC,English,MY,,2012,Runcie,James,James,Runcie,SidneyChambersandTheShadow,,,,,M,UK,133135,72,0.3449691992,14.05415391,4.162628337,3.398877084,4481,-2.328,0.22036,-2.5483,-3.0639,3.67,8186,https://www.goodreads.com/search?q=+Sidney+Chambersand+The+Shadow,0
"2012_Sacks,Oliver_Hallucinations_NF.txt",NON,English,MIX,,2012,Sacks,Oliver,Oliver,Sacks,Hallucinations,,,,,M,,98959,42,0.064516129,27.44287299,4.729229206,5.223664007,2161,-2.1605,0.18537,-2.3458,-2.8074,3.9,21497,https://www.goodreads.com/search?q=Oliver+Sacks+Hallucinations,1
"2012_Sandford,John_MadRiver_BS.txt",FIC,English,BS,,2012,John,Sandford,Sandford,John,MadRiver,,,,,M,US,127348,66,0.3092042186,16.21854305,3.9812667,3.332586826,7227,-2.2575,0.23936,-2.4969,-3.0005,4.2,21570,https://www.goodreads.com/search?q=Sandford+John+Mad+River,0
"2012_Sawyer,RobertJ_Triggers_SF.txt",FIC,English,SF,,2012,Sawyer,RobertJ,RobertJ,Sawyer,Triggers,,,,,M,Canada,126138,65,0.1576086957,15.02000476,4.234557788,3.488301727,6548,-2.1654,0.26133,-2.4268,-2.9368,3.92,57130,https://www.goodreads.com/search?q=+Triggers,0
"2012_Schwalbe,Will_TheEndofyouLifeBookClub_ME.txt",NON,English,MEM,,2012,Schwalbe,Will,Will,Schwalbe,TheEndofyouLifeBookClub,,,,,M,,109477,55,0.6130750605,20.49747238,4.163755596,4.012534638,2574,-2.3501,0.20281,-2.5529,-3.0048,3.8,53238,https://www.goodreads.com/search?q=+The+Endofyou+Life+Book+Club,1
"2012_Schwarzenegger,Arnold_TotalRecall_ME.txt",NON,English,MEM,,2012,Schwarzenegger,Arnold,Arnold,Schwarzenegger,TotalRecall,,,,,M,,269417,176,0.0967090069,18.65897915,4.24537259,3.981742812,5851,-2.2803,0.16831,-2.4486,-3.1396,4.12,19086,https://www.goodreads.com/search?q=Arnold+Schwarzenegger+Total+Recall,1
"2012_Scott,JenniferL_LessonsfromMadameChic_ME.txt",NON,English,MEM,,2012,Scott,JenniferL,JenniferL,Scott,LessonsfromMadameChic,,,,,F,,64289,9,0.424437299,17.90779944,4.355845489,4.129255151,777,-2.1554,0.089937,-2.2453,-2.6775,3.69,7223,https://www.goodreads.com/search?q=+Lessonsfrom+Madame+Chic,1
"2012_Scottoline,Lisa_ComeHome_MY.txt",FIC,English,MY,,2012,Scottoline,Lisa,Lisa,Scottoline,ComeHome,,,,,F,US,137799,60,0.2840300107,12.49650857,4.043970153,3.008244797,7365,-2.1085,0.30554,-2.414,-2.9462,3.59,18647,https://www.goodreads.com/search?q=Lisa+Scottoline+Come+Home,0
"2012_Self,Will_Umbrella_PW.txt",FIC,English,PW,,2012,Self,Will,Will,Self,Umbrella,,Bloomsbury,TheManBookerPrize,Shortlist,M,UK,164075,69,0.195992714,27.29579105,4.485083589,4.667103917,6298,-2.3454,0.1846,-2.53,-3.0485,3.15,1881,https://www.goodreads.com/search?q=Will+Self+Umbrella,0
"2012_Semple,Maria_WheredYouGoBernadette_BS.txt",FIC,English,BS,,2012,Maria,Semple,Semple,Maria,WheredYouGoBernadette,,,,,F,US,109993,71,0.1459882583,13.85302267,4.175107854,3.294956236,4506,-2.2021,0.1686,-2.3707,-2.8542,3.89,530583,https://www.goodreads.com/search?q=Semple+Maria+Whered+You+Go+Bernadette,1
"2012_Sensoy,Ozlem_IsEveryoneREallyEqual_HIST.txt",NON,English,HIST,,2012,Sensoy,Ozlem,Ozlem,Sensoy,IsEveryoneREallyEqual,,,,,F,US,103660,52,0.1323251418,24.22528628,5.03055744,5.230529429,188,-2.0801,0.1257,-2.2058,-2.6799,4.08,927,https://www.goodreads.com/search?q=+Is+Everyone+R+Eally+Equal,0
"2012_Shapiro,BA_TheArtForger_MY.txt",FIC,English,MY,,2012,Shapiro,BA,BA,Shapiro,TheArtForger,,,,,F,US,123039,56,0.1487783595,14.09058635,4.083041179,3.298185387,4967,-2.2689,0.26283,-2.5317,-3.0302,3.73,82881,https://www.goodreads.com/search?q=BA+Shapiro+The+Art+Forger,1
"2012_Shawn,Melanie_SweetReunion_ROM.txt",FIC,English,ROM,,2012,Shawn,Melanie,Melanie,Shawn,SweetReunion,,,,,F,US,99335,27,0.2985452245,15.98053411,4.186152019,3.632563492,5845,-2.1543,0.30434,-2.4586,-2.9703,3.97,3637,https://www.goodreads.com/search?q=Melanie+Shawn+Sweet+Reunion,0
"2012_Sheehan,Madeline_Undeniable_ROM.txt",FIC,English,ROM,,2012,Sheehan,Madeline,Madeline,Sheehan,Undeniable,,,,,F,US,84478,38,0.1633686148,12.19722784,3.978910422,2.95583839,5572,-2.2319,0.22751,-2.4594,-2.9377,4.03,49120,https://www.goodreads.com/search?q=Madeline+Sheehan+Undeniable,1
"2012_Shepherd,Mike_KrisLongknife_SF.txt",FIC,English,SF,,2012,Shepherd,Mike,Mike,Shepherd,KrisLongknife,,,,,M,US,137079,71,0.4251030692,13.81287787,4.160770935,3.357130001,6397,-2.3835,0.1366,-2.5201,-3.015,3.89,5620,https://www.goodreads.com/search?q=Mike+Shepherd+Kris+Longknife,0
"2012_Shiller,RobertJ_FinanceandtheGoodSociety_NF.txt",NON,English,MIX,,2012,Shiller,RobertJ,RobertJ,Shiller,FinanceandtheGoodSociety,,,,,M,,112063,22,0.126984127,28.80056541,4.977191612,5.708610987,201,-2.1756,0.083472,-2.2591,-2.7326,3.63,697,https://www.goodreads.com/search?q=+Financeandthe+Good+Society,0
"2012_Silver,Charlotte_CharlotteAuChocolat_MemoriesofaResta_NF.txt",NON,English,MIX,,2012,Silver,Charlotte,Charlotte,Silver,CharlotteAuChocolat,,,,,F,,59556,28,0.0984340045,19.55219961,4.302618528,4.011209647,1909,-2.2905,0.15485,-2.4453,-2.8557,3.23,816,https://www.goodreads.com/search?q=Charlotte+Silver+Charlotte+Au+Chocolat,1
"2012_Skinner,Jeffrey_The65PracticesofModeratelySuccessful_NF.txt",NON,English,MIX,,2012,Skinner,Jeffrey,Jeffrey,Skinner,The65PracticesofModeratelySuccessful,,,,,M,,61275,20,0.1950549451,18.36230147,4.302687762,4.041162654,965,-2.1493,0.20235,-2.3516,-2.7719,3.84,73,https://www.goodreads.com/search?q=+The65+Practicesof+Moderately+Successful,1
"2012_Slattery,BrianFrancis_LostEverything_SF.txt",FIC,English,SF,,2012,Slattery,BrianFrancis,BrianFrancis,Slattery,LostEverything,,,,,M,US,91565,27,0.2739463602,14.09776751,4.161978192,3.357015624,5465,-2.3304,0.24411,-2.5745,-3.0364,3.73,1918,https://www.goodreads.com/search?q=+Lost+Everything,0
"2012_Sloan,Robin_MrPenumbras24Hour_MY.txt",FIC,English,MY,,2012,Sloan,Robin,Robin,Sloan,MrPenumbras24Hour,,,,,M,US,98656,35,0.2069164265,14.30004348,4.168725352,3.373356273,4157,-2.3165,0.15962,-2.4761,-2.9274,3.73,191274,https://www.goodreads.com/search?q=+Mr+Penumbras24+Hour,1
"2012_Smith,Daniel_MonkeyMind_NF.txt",NON,English,MIX,,2012,Smith,Daniel,Daniel,Smith,MonkeyMind,,,,,M,,73821,18,0.1863013699,17.59318398,4.389135536,4.03797653,1696,-2.2199,0.17779,-2.3977,-2.8045,3.25,7647,https://www.goodreads.com/search?q=Daniel+Smith+Monkey+Mind,1
"2012_Smitherd,Luke_TheStoneMan_SF.txt",FIC,English,SF,,2012,Smitherd,Luke,Luke,Smitherd,TheStoneMan,,,,,M,UK,174440,24,0.3640897756,19.08533917,4.087542612,3.775459592,9571,-2.3511,0.19707,-2.5482,-3.1328,3.68,5061,https://www.goodreads.com/search?q=Luke+Smitherd+The+Stone+Man,1
"2012_Snicket,Lemony_WhoCouldThatBeAtThisHour_ MG.txt",FIC,English,MID,,2012,Snicket,Lemony,Lemony,Snicket,WhoCouldThatBeAtThisHour,,,,,M,,45987,21,0.2160228898,15.92899203,4.042982828,3.434424473,2554,-2.2025,0.31164,-2.5141,-2.8989,3.83,26516,https://www.goodreads.com/search?q=Lemony+Snicket+Who+Could+That+Be+At+This+Hour,1
"2012_Snyder,Carrie_TheJulietStories_PW.txt",FIC,English,PW,,2012,Snyder,Carrie,Carrie,Snyder,TheJulietStories,,HouseofAnansiPress,GovernorGeneralLiteraryAwardforfiction,Shortlist,F,Canada,103727,49,0.3773972603,14.77592593,4.308568235,3.539103182,5159,-2.3073,0.13081,-2.4381,-2.9018,3.63,226,https://www.goodreads.com/search?q=Carrie+Snyder+The+Juliet+Stories,0
"2012_Sorensen,Jessica_CoincidenceofCallie_BS.txt",FIC,English,BS,,2012,Jessica,Sorensen,Sorensen,Jessica,CoincidenceofCallie,,,,,F,US,110206,13,0.3611111111,14.17075993,3.788613107,3.057794483,8548,-2.3502,0.25767,-2.6078,-3.0943,4.17,114103,https://www.goodreads.com/search?q=+Coincidenceof+Callie,1
"2012_Spalding,Linda_Purchase_PW.txt",FIC,English,PW,,2012,Spalding,Linda,Linda,Spalding,Purchase,,McClelland&Stewart,GovernorGeneralLiteraryAwardforfiction,Winner,F,Canada,115198,56,0.1536502547,17.61706683,4.110213763,3.74237563,7044,-2.4001,0.16295,-2.563,-3.0499,3.4,2080,https://www.goodreads.com/search?q=Linda+Spalding+Purchase,0
"2012_Spence,Simon_TheStoneRoses_NF.txt",NON,English,MIX,,2012,Spence,Simon,Simon,Spence,TheStoneRoses,,,,,M,,121997,109,0.1845688351,21.32814685,4.322733319,4.184583419,3974,-2.4406,0.1284,-2.569,-3.0488,3.88,362,https://www.goodreads.com/search?q=Simon+Spence+The+Stone+Roses,0
"2012_Stead,Rebecca_Liar&Spy_MG.txt",FIC,English,MID,,2012,Stead,Rebecca,Rebecca,Stead,LiarAndSpy,,,,,F,,50825,30,0.2631975867,11.82526757,3.848759696,2.785518427,2538,-2.3128,0.22414,-2.537,-2.8924,3.81,25586,https://www.goodreads.com/search?q=Rebecca+Stead+Liar+And+Spy,1
"2012_Stedman,ML_LightBetweenOceans_BS.txt",FIC,English,BS,,2012,ML,Stedman,Stedman,ML,LightBetweenOceans,,,,,F,Australia,130486,62,0.2494172494,14.72255444,4.091981594,3.367743142,6898,-2.312,0.25294,-2.565,-3.0673,4.03,431315,https://www.goodreads.com/search?q=Stedman+ML+Light+Between+Oceans,0
"2012_Stedman,ML_TheLightBetweenOceans_CT.txt",FIC,English,NYT,,2012,Stedman,ML,ML,Stedman,TheLightBetweenOceans,,,,,F,Australia,130486,59,0.2496354622,14.81953436,4.091192387,3.375948544,6898,-2.312,0.25294,-2.565,-3.0673,4.03,431315,https://www.goodreads.com/search?q=ML+Stedman+The+Light+Between+Oceans,0
"2012_Strayed,Cheryl_TinyBeautifulThings_ME.txt",NON,English,MEM,,2012,Strayed,Cheryl,Cheryl,Strayed,TinyBeautifulThings,,,,,F,,112379,20,0.2696629213,18.00945513,4.066824435,3.802885429,1670,-2.2225,0.20493,-2.4274,-2.9391,4.29,77180,https://www.goodreads.com/search?q=Cheryl+Strayed+Tiny+Beautiful+Things,1
"2012_Strayed,Cheryl_Wild_ME.txt",NON,English,MEM,,2012,Strayed,Cheryl,Cheryl,Strayed,Wild,,,,,F,,153737,49,0.0974539069,19.15487167,3.986913425,3.718532984,8405,-2.3412,0.19818,-2.5394,-3.0536,4.03,702847,https://www.goodreads.com/search?q=Cheryl+Strayed+Wild,1
"2012_Suarez,Daniel_KillDecision_SF.txt",FIC,English,SF,,2012,Suarez,Daniel,Daniel,Suarez,KillDecision,,,,,M,US,152759,46,0.2460483149,12.42347105,4.460782438,3.461809478,8406,-2.1719,0.19497,-2.3669,-2.8919,3.97,10994,https://www.goodreads.com/search?q=Daniel+Suarez+Kill+Decision,0
"2012_Swan,Susan_TheWesternLight_CT.txt",FIC,English,NYT,,2012,Swan,Susan,Susan,Swan,TheWesternLight,,,,,F,Canada,97917,66,0.3019760646,15.2780465,4.126918856,3.402296049,5502,-2.264,0.17716,-2.4411,-2.8997,3.5,106,https://www.goodreads.com/search?q=Susan+Swan+The+Western+Light,1
"2012_Swank,DeniseGrover_TwentyNineandaHalfReasons_MY.txt",FIC,English,MY,,2012,Swank,DeniseGrover,DeniseGrover,Swank,TwentyNineandaHalfReasons,,,,,F,US,120672,46,0.1800356506,11.52990636,3.932019069,2.895259379,7529,-2.3427,0.19783,-2.5405,-3.0338,4.19,11288,https://www.goodreads.com/search?q=+Twenty+Nineanda+Half+Reasons,1
"2012_Talbot,David_SeasonoftheWitch_HIST.txt",NON,English,HIST,,2012,Talbot,David,David,Talbot,SeasonoftheWitch,,,,,M,US,176517,205,0.0531822145,21.90852675,4.613909676,4.547519773,5737,-2.2722,0.10827,-2.3805,-2.9296,4.28,5301,https://www.goodreads.com/search?q=+Seasonofthe+Witch,0
"2012_Thayil,Jeet_Narcopolis_PW.txt",FIC,English,PW,,2012,Thayil,Jeet,Jeet,Thayil,Narcopolis,,Faber&Faber,TheManBookerPrize,Shortlist,M,India,98501,41,0.1437024514,19.00463052,4.124564684,3.932060244,5163,-2.2949,0.15672,-2.4516,-2.9313,3.42,7251,https://www.goodreads.com/search?q=Jeet+Thayil+Narcopolis,1
"2012_Thuy,Kim_Ru_PW.txt",FIC,English,PW,,2012,Thuy,Kim,Kim,Thuy,Ru,French,RandomHouse,ScotiabankGillerPrize,Shortlist,F,Canada,27668,8,0.2328767123,24.1010453,4.31121328,4.487073713,577,-2.3299,0.088175,-2.418,-2.7939,3.8,16422,https://www.goodreads.com/search?q=Kim+Thuy+Ru,0.95
"2012_Tough,Paul_HowChildrenSucceed_NF.txt",NON,English,MIX,,2012,Tough,Paul,Paul,Tough,HowChildrenSucceed,,,,,M,,90192,69,0.0799396682,28.14981273,4.658489701,5.011723058,1086,-2.19,0.11729,-2.3073,-2.7668,3.89,23245,https://www.goodreads.com/search?q=Paul+Tough+How+Children+Succeed,0
"2012_TwanEng,Tan_TheGardenofEveningMists_PW.txt",FIC,English,PW,,2012,TwanEng,Tan,Twan Eng,Tan,TheGardenofEveningMists,,MyrmidonBooks,TheManBookerPrize,Shortlist,M,Malaysia,152973,59,0.243438914,14.86184786,4.152903352,3.542335618,9846,-2.2213,0.26758,-2.4889,-3.0546,4.12,22173,https://www.goodreads.com/search?q=+The+Gardenof+Evening+Mists,1
"2012_Unger,Lisa_Heartbroken_MY.txt",FIC,English,MY,,2012,Unger,Lisa,Lisa,Unger,Heartbroken,,,,,F,US,142372,41,0.1712252613,13.15214781,4.102334492,3.259379181,6966,-2.3343,0.19153,-2.5259,-3.0832,3.58,6327,https://www.goodreads.com/search?q=Lisa+Unger+Heartbroken,0
"2012_Valente,Catherynne_TheGirlWhoFellBeneathFairyland_MG.txt",FIC,English,MID,,2012,Valente,Catherynne,Catherynne,Valente,TheGirlWhoFellBeneathFairyland,,,,,F,,93346,42,0.4745277619,16.52434059,4.199087395,3.630681719,4064,-2.1978,0.2743,-2.4721,-2.9218,4.18,9889,https://www.goodreads.com/search?q=Catherynne+Valente+The+Girl+Who+Fell+Beneath+Fairyland,0
"2012_Varley,John_SlowApocalypse_SF.txt",FIC,English,SF,,2012,Varley,John,John,Varley,SlowApocalypse,,,,,M,US,215070,66,0.3169191919,15.14684133,4.11040314,3.53511765,9541,-2.2276,0.25546,-2.4831,-3.1241,3.49,908,https://www.goodreads.com/search?q=John+Varley+Slow+Apocalypse,0
"2012_Walker,KarenThompson_TheAgeofMiracles_SF.txt",FIC,English,SF,YA,2012,Walker,KarenThompson,KarenThompson,Walker,TheAgeofMiracles,,,,,F,US,89241,24,0.2589498807,14.47307817,4.199313218,3.469464217,4955,-2.3366,0.23435,-2.5709,-2.9929,3.66,90274,https://www.goodreads.com/search?q=+The+Ageof+Miracles,1
"2012_Walling,MichaelG_ForgottenSacrifice_HIST.txt",NON,English,HIST,,2012,Walling,MichaelG,MichaelG,Walling,ForgottenSacrifice,,,,,M,US,122838,96,0.0793933988,22.59297407,4.634115644,4.550201755,6401,-2.2165,0.18875,-2.4053,-2.927,4.04,1172,https://www.goodreads.com/search?q=+Forgotten+Sacrifice,0.03
"2012_Walter,Jess_BeautifulRuins_BS.txt",FIC,English,BS,,2012,Jess,Walter,Walter,Jess,BeautifulRuins,,,,,M,US,145337,75,0.1558816454,16.32633116,4.221124677,3.651049671,6975,-2.2486,0.13942,-2.388,-2.9266,3.68,168073,https://www.goodreads.com/search?q=Walter+Jess+Beautiful+Ruins,0
"2012_Wangersky,Russell_WhirlAwayStories_PW.txt",FIC,English,PW,,2012,Wangersky,Russell,Russell,Wangersky,WhirlAwayStories,,ThomasAllen,ScotiabankGillerPrize,Shortlist,M,Canada,64534,22,0.1564327485,24.51899696,4.125934547,4.205970061,2366,-2.39,0.1274,-2.5174,-2.9021,4,1,https://www.goodreads.com/search?q=+Whirl+Away+Stories,1
"2012_Weber,David_ARisingThunder_SF.txt",FIC,English,SF,,2012,Weber,David,David,Weber,ARisingThunder,,,,,M,US,198722,183,0.0694503622,21.14738746,4.520505838,4.4124613,5769,-2.2924,0.19394,-2.4863,-3.0899,4.1,8882,https://www.goodreads.com/search?q=David+Weber+A+Rising+Thunder,0
"2012_Weird,Theresa_TheManWhoLeft_ME.txt",NON,English,MEM,,2012,Weird,Theresa,Theresa,Weird,TheManWhoLeft,,,,,F,,69839,21,0.273006135,13.37399464,3.955374499,3.194878543,3055,-2.3208,0.14368,-2.4645,-2.8875,4.11,25942,https://www.goodreads.com/search?q=+The+Man+Who+Left,1
"2012_Whitney,Craig_LivingwithGuns_NF.txt",NON,English,MIX,,2012,Whitney,Craig,Craig,Whitney,LivingWithGuns,,,,,M,,94960,45,0.0771929825,36.25811378,4.746918909,5.594638597,1262,-2.2805,0.11324,-2.3937,-2.8378,3.34,109,https://www.goodreads.com/search?q=Craig+Whitney+Living+With+Guns,0
"2012_Williams,WalterJon_TheFourthWall_SF.txt",FIC,English,SF,,2012,Williams,WalterJon,WalterJon,Williams,TheFourthWall,,,,,M,US,152292,72,0.1482090043,14.92766124,4.062361731,3.390659886,7105,-2.2419,0.23446,-2.4764,-2.996,4.37,924,https://www.goodreads.com/search?q=+The+Fourth+Wall,1
"2012_Young,Neil_WagingHeavyPeace_NF.txt",NON,English,MIX,,2012,Young,Neil,Neil,Young,WagingHeavyPeace,,,,,M,,132554,105,0.0674562307,16.58998748,4.076608127,3.717441779,3527,-2.2735,0.21225,-2.4857,-3.0172,3.59,10114,https://www.goodreads.com/search?q=Neil+Young+Waging+Heavy+Peace,1
"2013_Aguirre,AA_BronzeGods_SF.txt",FIC,English,SF,,2013,Aguirre,AA,AA,Aguirre,BronzeGods,,,,,F,US,138804,43,0.2836176121,13.43177859,4.2929806,3.428378848,7849,-2.3927,0.21526,-2.6079,-3.1154,3.68,2037,https://www.goodreads.com/search?q=AA+Aguirre+Bronze+Gods,0
"2013_Albom,Mitch_FirstPhoneCall_BS.txt",FIC,English,BS,,2013,Mitch,Albom,Albom,Mitch,FirstPhoneCall,,,,,M,US,89977,59,0.173260573,11.22887807,4.255139506,3.049974872,5054,-2.3668,0.18384,-2.5506,-2.9864,3.77,59776,https://www.goodreads.com/search?q=Albom+Mitch+First+Phone+Call,0
"2013_AlireSaenz,Benjamin_EverythingBeginsandEndsattheKentucky_PW.txt",FIC,English,PW,,2013,AlireSaenz,Benjamin,Benjamin Alire,Saenz,EverythingBeginsandEndsattheKentucky,,CincoPuntosPress,PEN/FaulknerAwardforFiction,Winner,M,US,76597,34,0.1119081779,10.24434934,3.76908858,2.60876511,4004,-2.3413,0.12653,-2.4678,-2.8948,4.19,1912,https://www.goodreads.com/search?q=+Everything+Beginsand+Endsatthe+Kentucky,1
2013_AmandaLindhout_SaraCorbett_AHouseintheSky_ME.txt,NON,English,MEM,,2013,Lindhout,Amanda,Amanda,Lindhout,AHouseintheSky,,,,,F,,154392,54,0.2687891441,17.52065365,4.229757995,3.853226175,7671,-2.3482,0.17148,-2.5197,-3.0516,4.23,56759,https://www.goodreads.com/search?q=+A+Houseinthe+Sky,1
"2013_Ambrose,Stephen_UndauntedCourage_HIST.txt",NON,English,HIST,,2013,Ambrose,Stephen,Stephen,Ambrose,UndauntedCourage,,,,,M,US,259491,157,0.3471980741,23.49610648,4.55454776,4.642211924,8061,-2.3448,0.14027,-2.485,-3.172,4.18,57787,https://www.goodreads.com/search?q=Stephen+Ambrose+Undaunted+Courage,0
"2013_Anderson,Scott_LawrenceinArabia_NF.txt",NON,English,MIX,,2013,Anderson,Scott,Scott,Anderson,LawrenceinArabia,,,,,M,,260566,122,0.2135633551,32.21636993,4.749332364,5.444945942,6464,-2.3586,0.20082,-2.5594,-3.2326,4.03,15204,https://www.goodreads.com/search?q=+Lawrencein+Arabia,0
"2013_Angelini,Jude_Hyena_ME.txt",NON,English,MEM,,2013,Angelini,Jude,Jude,Angelini,Hyena,,,,,M,,50328,22,0.1833333333,13.24769676,3.704563252,2.858891156,2467,-2.3383,0.15193,-2.4902,-2.8687,4.09,1447,https://www.goodreads.com/search?q=Jude+Angelini+Hyena,1
"2013_Armstrong,KL_LokisWolves_MG.txt",FIC,English,MID,,2013,Armstrong,KL,KL,Armstrong,LokisWolves,,,,,F,,93356,46,0.2963340122,12.35031089,4.025830696,2.996791212,6000,-2.2473,0.17915,-2.4264,-2.8981,3.87,8351,https://www.goodreads.com/search?q=KL+Armstrong+Lokis+Wolves,0
"2013_Ashby,Madeline_iD_SF.txt",FIC,English,SF,,2013,Ashby,Madeline,Madeline,Ashby,iD,,,,,F,US/Canada,109597,42,0.3598372781,10.89541704,4.162150459,2.988437293,5508,-2.2959,0.20803,-2.5039,-2.9748,3.63,670,https://www.goodreads.com/search?q=Madeline+Ashby+i+D,0
"2013_Asher,Neal_JupiterWar_SF.txt",FIC,English,SF,,2013,Asher,Neal,Neal,Asher,JupiterWar,,,,,M,UK,165663,53,0.195680458,20.86435768,4.513377218,4.448962707,9182,-2.3251,0.24111,-2.5662,-3.1087,4.12,2663,https://www.goodreads.com/search?q=Neal+Asher+Jupiter+War,0
"2013_Asher,Neal_TheDeparture_SF.txt",FIC,English,SF,,2013,Asher,Neal,Neal,Asher,TheDeparture,,,,,M,UK,178804,36,0.3233468286,20.4020995,4.585403513,4.452806868,10647,-2.3161,0.2148,-2.5309,-3.1034,3.85,4317,https://www.goodreads.com/search?q=Neal+Asher+The+Departure,0
"2013_Aslan,Reza_Zealot_HIST.txt",NON,English,HIST,,2013,Aslan,Reza,Reza,Aslan,Zealot,,,,,M,Iran/US,113992,96,0.2536782155,28.80768259,4.65205293,5.098411554,1380,-2.2599,0.10397,-2.3639,-2.8704,3.84,66735,https://www.goodreads.com/search?q=Reza+Aslan+Zealot,0
"2013_Atkinson,Kate_LifeAfterLife_BS.txt",FIC,English,BS,,2013,Kate,Atkinson,Atkinson,Kate,LifeAfterLife,,,,,F,UK,173859,113,0.2155963303,16.44212219,4.295732922,3.73108677,8850,-2.3944,0.1712,-2.5656,-3.0856,3.77,214131,https://www.goodreads.com/search?q=Atkinson+Kate+Life+After+Life,0
"2013_Atkinson,Rick_TheGunsatLastLight_HIST.txt",NON,English,HIST,,2013,Atkinson,Rick,Rick,Atkinson,TheGunsatLastLight,,,,,M,US,324047,159,0.1131928181,25.31023979,4.861828101,4.939902711,12015,-2.245,0.24116,-2.4861,-3.2249,4.44,8706,https://www.goodreads.com/search?q=+The+Gunsat+Last+Light,0
"2013_Atwood,Margaret_MaddAddam_CT.txt",FIC,English,NYT,,2013,Atwood,Margaret,Margaret,Atwood,MaddAddam,,,,,F,Canada,150067,57,0.3730103806,14.5597167,4.1602354,3.419357587,4938,-2.2316,0.22438,-2.4559,-2.9739,4,70189,https://www.goodreads.com/search?q=+Madd+Addam,0
"2013_Baker,Kevin_TheBigCrowd_CT.txt",FIC,English,NYT,,2013,Baker,Kevin,Kevin,Baker,TheBigCrowd,,,,,M,US,205209,88,0.2867734992,16.87574013,4.121073197,3.578505401,9976,-2.3228,0.23718,-2.56,-3.1603,3.18,240,https://www.goodreads.com/search?q=Kevin+Baker+The+Big+Crowd,0
"2013_Baker,Nicholson_TravellingSprinkler_CT.txt",FIC,English,NYT,,2013,Baker,Nicholson,Nicholson,Baker,TravellingSprinkler,,,,,M,US,79385,39,0.2022116904,16.05683657,4.089427645,3.522741882,3001,-2.2302,0.20762,-2.4378,-2.8606,3.69,982,https://www.goodreads.com/search?q=Nicholson+Baker+Travelling+Sprinkler,1
"2013_Baldacci,David_KingandMaxwell_BS.txt",FIC,English,BS,,2013,David,Baldacci,Baldacci,David,KingandMaxwell,,,,,M,US,153208,44,0.2350802139,11.70330762,4.073409992,3.022148486,8096,-2.1942,0.32388,-2.5181,-3.0769,4.17,47741,https://www.goodreads.com/search?q=+Kingand+Maxwell,0
"2013_Baldacci,David_TheHit_BS.txt",FIC,English,BS,,2013,David,Baldacci,Baldacci,David,TheHit,,,,,M,US,145916,35,0.3562126967,11.71263445,4.141137429,3.145472009,6945,-2.1498,0.31126,-2.461,-3.0252,4.13,62017,https://www.goodreads.com/search?q=Baldacci+David+The+Hit,0
"2013_Barry,Max_Lexicon_SF.txt",FIC,English,SF,,2013,Barry,Max,Max,Barry,Lexicon,,,,,M,Australia,145523,35,0.2950879765,10.41458527,4.138252911,2.880305879,8735,-2.171,0.2687,-2.4397,-2.995,3.92,35604,https://www.goodreads.com/search?q=Max+Barry+Lexicon,0
"2013_Bass,Gary_TheBloodTelegram_NF.txt",NON,English,MIX,,2013,Bass,Gary,Gary,Bass,TheBloodTelegram,,,,,M,,168505,94,0.1970724741,24.22092856,4.857095584,4.987770739,4935,-2.2854,0.17902,-2.4645,-3.0364,4.34,2001,https://www.goodreads.com/search?q=Gary+Bass+The+Blood+Telegram,0
"2013_Baxter,Stephen_Proxima_SF.txt",FIC,English,SF,,2013,Baxter,Stephen,Stephen,Baxter,Proxima,,,,,M,UK,179514,62,0.2187789084,14.86535277,4.341791218,3.660496723,6939,-2.2419,0.22752,-2.4694,-3.0277,3.8,6216,https://www.goodreads.com/search?q=Stephen+Baxter+Proxima,0
"2013_Bazelon,Emily_SticksandStones_NF.txt",NON,English,MIX,,2013,Bazelon,Emily,Emily,Bazelon,SticksandStones,,,,,F,,129007,107,0.1076345432,21.494002,4.447935772,4.316118254,3482,-2.1477,0.2043,-2.352,-2.894,4.37,13596,https://www.goodreads.com/search?q=+Sticksand+Stones,0.99
"2013_Beck,Glenn_MiraclesandMassacres_HIST.txt",NON,English,HIST,,2013,Beck,Glenn,Glenn,Beck,MiraclesandMassacres,,,,,M,US,100513,103,0.049047426,17.79306072,4.53291602,4.131278426,4622,-2.2877,0.079315,-2.367,-2.7857,4.08,2538,https://www.goodreads.com/search?q=+Miraclesand+Massacres,0
"2013_Bering,Jesse_PervTheSexualDeviantinAllofUs_NF.txt",NON,English,MIX,,2013,Bering,Jesse,Jesse,Bering,PervTheSexualDeviantinAllofUs,,,,,M,,86662,33,0.091954023,30.93966441,4.748186845,5.465981198,577,-2.2269,0.14622,-2.3732,-2.803,3.73,2892,https://www.goodreads.com/search?q=+Perv+The+Sexual+Deviantin+Allof+Us,0.01
"2013_Berne,Suzanne_TheDogsOfLittlefield_CT.txt",FIC,English,NYT,,2013,Berne,Suzanne,Suzanne,Berne,TheDogsofLittlefield,,Simon&Schuster,,,F,,89308,50,0.1401515152,16.86647781,4.387428359,3.869391519,5084,-2.3302,0.14128,-2.4715,-2.915,2.86,1048,https://www.goodreads.com/search?q=+The+Dogsof+Littlefield,0
"2013_Beukes,Lauren_TheShiningGirls_MY.txt",FIC,English,SF,,2013,Beukes,Lauren,Lauren,Beukes,TheShiningGirls,,,,,F,SouthAfrica,118429,48,0.1984517945,13.04715214,4.141418154,3.240791869,5598,-2.2328,0.27275,-2.5055,-3.0087,3.55,45076,https://www.goodreads.com/search?q=Lauren+Beukes+The+Shining+Girls,0
"2013_Bick,IlsaJ_Monsters_SF.txt",FIC,English,SF,YA,2013,Bick,IlsaJ,IlsaJ,Bick,Monsters,,,,,F,US,251785,77,0.1062143751,13.99660904,4.069137747,3.21095927,16050,-2.2467,0.23668,-2.4834,-3.1467,4.24,929463,https://www.goodreads.com/search?q=+Monsters,0
"2013_Black,Holly_DollBones_MG.txt",FIC,English,MID,,2013,Black,Holly,Holly,Black,DollBones,,,,,F,,59250,16,0.3181542198,14.74614236,4.072744145,3.366022931,3373,-2.2389,0.24562,-2.4845,-2.8937,3.68,27245,https://www.goodreads.com/search?q=Holly+Black+Doll+Bones,0
"2013_Bock,Dennis_GoingHomeAgain_PW.txt",FIC,English,PW,,2013,Bock,Dennis,Dennis,Bock,GoingHomeAgain,,HarperCollins,ScotiabankGillerPrize,Shortlist,M,Canada,80512,23,0.1442048518,17.43061269,4.077680635,3.663546783,4164,-2.4115,0.19471,-2.6062,-3.0302,3.27,483,https://www.goodreads.com/search?q=Dennis+Bock+Going+Home+Again,1
"2013_BolzWeber,Nadia_Pastrix_ME.txt",NON,English,MEM,,2013,BolzWeber,Nadia,Nadia,BolzWeber,Pastrix,,,,,F,,59604,32,0.3024017467,22.17410714,4.168596431,4.160295471,1422,-2.3335,0.10609,-2.4396,-2.8487,4.29,12967,https://www.goodreads.com/search?q=+Pastrix,1
"2013_Bonert,Kenneth_LionSeeker_PW.txt",FIC,English,PW,,2013,Bonert,Kenneth,Kenneth,Bonert,LionSeeker,,AlfredA.Knopf,GovernorGeneralLiteraryAwardforfiction,Shortlist,M,SouthAfrica/Canada,202419,104,0.4090724166,12.96062236,4.067791379,3.181099936,10702,-2.1822,0.3011,-2.4833,-3.1134,3.68,721,https://www.goodreads.com/search?q=Kenneth+Bonert+Lion+Seeker,1
"2013_Boot,Max_AnEpicHistoryof_HIST.txt",NON,English,HIST,,2013,Boot,Max,Max,Boot,AnEpicHistoryof,,,,,M,US,234037,152,0.0473452824,27.78216999,4.913210755,5.296660637,3408,-2.286,0.11301,-2.399,-3.0161,5,5,https://www.goodreads.com/search?q=+An+Epic+Historyof,0
"2013_Bova,Ben_NewEarth_SF.txt",FIC,English,SF,,2013,Bova,Ben,Ben,Bova,NewEarth,,,,,M,US,119919,35,0.3062848051,12.82830552,4.398363097,3.344724239,7184,-2.285,0.17452,-2.4596,-2.9464,3.38,1808,https://www.goodreads.com/search?q=Ben+Bova+New+Earth,0
"2013_Boyden,Joseph_Orenda_PW.txt",FIC,English,PW,,2013,Boyden,Joseph,Joseph,Boyden,Orenda,,HamishHamilton,GovernorGeneralLiteraryAwardforfiction,Shortlist,M,Canada,193481,43,0.1306376361,17.01829536,3.954158237,3.476000596,12103,-2.2956,0.23743,-2.533,-3.168,4.22,17182,https://www.goodreads.com/search?q=Joseph+Boyden+Orenda,1
"2013_Boyden,Joseph_TheOrenda_CT.txt",FIC,English,NYT,,2013,Boyden,Joseph,Joseph,Boyden,TheOrenda,,,,,M,Canada,193480,42,0.1321274086,17.01820741,3.954175972,3.47601369,12103,-2.2956,0.23743,-2.533,-3.168,4.22,17182,https://www.goodreads.com/search?q=Joseph+Boyden+The+Orenda,1
"2013_Brosh,Allie_HyperboleandaHalf_ME.txt",NON,English,MEM,,2013,Brosh,Allie,Allie,Brosh,HyperboleandaHalf,,,,,F,,26790,2,0.6666666667,18.56548857,4.199848822,3.99698388,678,-2.1025,0.15232,-2.2548,-2.6442,4.15,196662,https://www.goodreads.com/search?q=+Hyperboleanda+Half,1
"2013_Brown,Dan_Inferno_BS.txt",FIC,English,BS,,2013,Dan,Brown,Brown,Dan,Inferno,,,,,M,US,183371,42,0.4067489115,16.071078,4.604575441,4.021701099,11237,-2.1678,0.2524,-2.4202,-2.9762,3.87,513816,https://www.goodreads.com/search?q=Brown+Dan+Inferno,0
"2013_Brown,DanielJames_TheBoysintheBoat_HIST.txt",NON,English,HIST,,2013,Brown,DanielJames,DanielJames,Brown,TheBoysintheBoat,,,,,M,US,168661,73,0.2364246492,23.9916074,4.488368482,4.551100804,6582,-2.2457,0.19595,-2.4417,-3.0059,4.36,258999,https://www.goodreads.com/search?q=+The+Boysinthe+Boat,0
"2013_Bulawayo,NoViolet_WeNeed_PW.txt",FIC,English,PW,,2013,Bulawayo,NoViolet,NoViolet,Bulawayo,WeNeed,,Chatto&Windus,TheManBookerPrize,Shortlist,F,US,90482,39,0.095,18.94514238,3.992889292,3.712875318,4819,-2.2479,0.14118,-2.3891,-2.8566,3.74,19534,https://www.goodreads.com/search?q=NoViolet+Bulawayo+We+Need,1
"2013_Buruma,Ian_YearZero_NF.txt",NON,English,MIX,,2013,Buruma,Ian,Ian,Buruma,YearZero,,,,,M,,135120,88,0.0960518562,23.38525441,4.786249872,4.930540562,1823,-2.3309,0.078995,-2.4099,-2.9052,3.91,1921,https://www.goodreads.com/search?q=Ian+Buruma+Year+Zero,0
"2013_Busby,Sian_ACommonplaceKilling_MY.txt",FIC,English,MY,,2013,Busby,Sian,Sian,Busby,ACommonplaceKilling,,,,,F,UK,89092,25,0.2234273319,17.18927262,4.16701125,3.74678211,4507,-2.3597,0.17827,-2.5379,-3.0238,3.36,1056,https://www.goodreads.com/search?q=Sian+Busby+A+Commonplace+Killing,0
"2013_Butler,Katy_KnockingonHeavensDoor_NF.txt",NON,English,MIX,,2013,Butler,Katy,Katy,Butler,KnockingonHeavensDoor,,,,,F,,100917,30,0.0871212121,22.95133045,4.499083158,4.558834784,2732,-2.2295,0.15999,-2.3894,-2.8718,4.11,3011,https://www.goodreads.com/search?q=+Knockingon+Heavens+Door,1
"2013_Cain,Chelsea_LetMeGo_CT.txt",FIC,English,NYT,,2013,Cain,Chelsea,Chelsea,Cain,LetMeGo,,,,,F,US,142692,35,0.3539878258,12.13264178,4.180290032,3.127906595,11728,-2.146,0.25324,-2.3993,-2.9547,4.02,8711,https://www.goodreads.com/search?q=Chelsea+Cain+Let+Me+Go,0
"2013_Cannadine,David_TheUndividedPast_NF.txt",NON,English,MIX,,2013,Cannadine,David,David,Cannadine,TheUndividedPast,,,,,M,,109275,55,0.1208791209,53.67141454,5.202451724,6.970994154,371,-2.322,0.059324,-2.3814,-2.8362,3.49,182,https://www.goodreads.com/search?q=David+Cannadine+The+Undivided+Past,0
"2013_Cantor,Jillian_Margot_CT.txt",FIC,English,NYT,,2013,Cantor,Jillian,Jillian,Cantor,Margot,,,,,F,US,100236,37,0.4297729184,14.7319224,3.889270868,3.192590871,5668,-2.3695,0.22734,-2.5969,-3.0648,3.83,6673,https://www.goodreads.com/search?q=Jillian+Cantor+Margot,1
"2013_Carpenter,Lea_ElevenDays_CT.txt",FIC,English,NYT,,2013,Carpenter,Lea,Lea,Carpenter,ElevenDays,,,,,F,US,91530,11,0.4328063241,15.77559462,4.193348609,3.636889801,2265,-2.2951,0.22364,-2.5188,-2.9696,3.66,814,https://www.goodreads.com/search?q=Lea+Carpenter+Eleven+Days,0
"2013_Catton,Eleanor_Luminaries_PW.txt",FIC,English,PW,,2013,Catton,Eleanor,Eleanor,Catton,Luminaries,,McClelland&Stewart,GovernorGeneralLiteraryAwardforfiction,Winner,F,Canada/NewZealand,338379,84,0.1053510155,16.81804175,4.270418074,3.723973795,18114,-2.1878,0.27458,-2.4624,-3.2642,3.73,75955,https://www.goodreads.com/search?q=Eleanor+Catton+Luminaries,0
"2013_Chainani,Soman_TheSchoolforGoodandEvil_MG.txt",FIC,English,MID,,2013,Chainani,Soman,Soman,Chainani,TheSchoolForGoodAndEvil,,,,,M,,136682,57,0.2857391911,12.80393443,4.371623174,3.249091258,10978,-2.2624,0.20389,-2.4663,-2.9743,4.02,84091,https://www.goodreads.com/search?q=Soman+Chainani+The+School+For+Good+And+Evil,0
"2013_Chapman,Marina_TheGirlWithNoName_ME.txt",NON,English,MEM,,2013,Chapman,Marina,Marina,Chapman,TheGirlWithNoName,,,,,F,,102507,22,0.1886409736,17.67057404,4.056174089,3.708822684,4361,-2.3449,0.20056,-2.5455,-3.0123,3.93,6369,https://www.goodreads.com/search?q=Marina+Chapman+The+Girl+With+No+Name,1
"2013_Child,Lee_HighHeat_BS.txt",FIC,English,BS,,2013,Lee,Child,Child,Lee,HighHeat,,,,,M,UK,24843,5,0.5255474453,12.72043011,4.074946576,3.094941576,1209,-2.2785,0.19147,-2.4699,-2.8297,3.96,19744,https://www.goodreads.com/search?q=Child+Lee+High+Heat,0
"2013_Child,Lee_NeverGoBack_BS.txt",FIC,English,BS,,2013,Lee,Child,Child,Lee,NeverGoBack,,,,,M,UK,149149,40,0.4185709104,12.54618102,4.133747457,3.161775477,5774,-2.2583,0.27651,-2.5348,-3.0544,4.06,66558,https://www.goodreads.com/search?q=Child+Lee+Never+Go+Back,0
"2013_Clanchy,Kate_MeetingtheEnglish_CT.txt",FIC,English,NYT,,2013,Clanchy,Kate,Kate,Clanchy,MeetingtheEnglish,,,,,F,Scotland,93535,28,0.2364882679,16.6254888,4.110883951,3.450357977,4562,-2.2859,0.21676,-2.5026,-2.9485,3.38,625,https://www.goodreads.com/search?q=+Meetingthe+English,0
"2013_Clancy,Tom_CommandAuthority_BS.txt",FIC,English,BS,,2013,Tom,Clancy,Clancy,Tom,CommandAuthority,,,,,M,US,234507,112,0.2847079542,17.5779177,4.277683348,3.892439339,10825,-2.0968,0.32988,-2.4267,-3.1087,4.13,15154,https://www.goodreads.com/search?q=Clancy+Tom+Command+Authority,0
"2013_Clark,MaryHiggins_DaddysGone_BS.txt",FIC,English,BS,,2013,MaryHiggins,Clark,Clark,MaryHiggins,DaddysGone,,,,,F,US,105460,67,0.1231028668,15.88492243,4.167795618,3.658957578,5678,-2.3261,0.2509,-2.5769,-3.0529,3.75,12288,https://www.goodreads.com/search?q=+Daddys+Gone,0
"2013_Clarke,Erskine_BytheRiversofWater_HIST.txt",NON,English,HIST,,2013,Clarke,Erskine,Erskine,Clarke,BytheRiversofWater,,,,,M,US,189433,119,0.1822299652,31.44116183,4.688427878,5.278043459,4881,-2.2173,0.19088,-2.4082,-3.033,4,49,https://www.goodreads.com/search?q=+Bythe+Riversof+Water,0
"2013_Cleveland,WIlliamL_AHistoryoftheModerMiddleEast_HIST.txt",NON,English,HIST,,2013,Cleveland,WIlliamL,WIlliamL,Cleveland,AHistoryoftheModerMiddleEast,,,,,M,US,270468,157,0.0530891028,28.53941121,5.139398964,5.769976483,2169,-2.2477,0.14335,-2.3911,-3.1206,4.07,1532,https://www.goodreads.com/search?q=+A+Historyofthe+Moder+Middle+East,0
"2013_Coady,Lynn_HellgoingStories_PW.txt",FIC,English,PW,,2013,Coady,Lynn,Lynn,Coady,HellgoingStories,,HouseofAnansiPress,ScotiabankGillerPrize,Winner,F,Canada,63790,49,0.0800956366,14.54400365,4.147051075,3.460884715,3043,-2.3725,0.099283,-2.4718,-2.8406,3.36,1843,https://www.goodreads.com/search?q=Lynn+Coady+Hellgoing+Stories,0.96
"2013_Coetzee,JM_TheChildhoodofJesus_CT.txt",FIC,English,NYT,,2013,Coetzee,JM,JM,Coetzee,TheChildhoodofJesus,,,,,M,SouthAfrica,105374,28,0.209941138,11.90532143,3.923262983,2.987251683,3535,-2.2329,0.18538,-2.4183,-2.8728,3.45,6239,https://www.goodreads.com/search?q=+The+Childhoodof+Jesus,0
"2013_Colfer,Chris_TheEnchantressReturns_MG.txt",FIC,English,MID,,2013,Colfer,Chris,Chris,Colfer,TheEnchantressReturns,,,,,M,,156032,57,0.220172618,13.78009361,4.220264214,3.352556171,10569,-2.2621,0.18952,-2.4516,-2.9752,4.46,53128,https://www.goodreads.com/search?q=Chris+Colfer+The+Enchantress+Returns,0
"2013_Collins,Ciaran_TheGamal_CT.txt",FIC,English,NYT,,2013,Collins,Ciaran,Ciaran,Collins,TheGamal,,,,,M,Ireland,140038,43,0.2336691583,11.32260673,3.927266878,2.960231929,5187,-2.224,0.1904,-2.4144,-2.9666,3.7,457,https://www.goodreads.com/search?q=Ciaran+Collins+The+Gamal,1
"2013_Connelly,Michael_GodsofGuilt_BS.txt",FIC,English,BS,,2013,Michael,Connelly,Connelly,Michael,GodsofGuilt,,,,,M,US,150007,77,0.069953775,13.78740809,4.05081697,3.331145208,7183,-2.3057,0.24337,-2.5491,-3.0901,4.16,50794,https://www.goodreads.com/search?q=+Godsof+Guilt,1
"2013_Connelly,Michael_TheGodsofGuilt_MY.txt",FIC,English,MY,,2013,Connelly,Michael,Michael,Connelly,TheGodsofGuilt,,,,,M,US,140867,69,0.0760723861,13.81997449,4.035966548,3.31910675,6813,-2.3132,0.24834,-2.5616,-3.0964,4.16,50698,https://www.goodreads.com/search?q=+The+Godsof+Guilt,1
"2013_Connors,Jimmy_TheOutsider.txt",NON,English,MIX,,2013,Connors,Jimmy,Jimmy,Connors,TheOutsider,,,,,M,,150999,84,0.1105544422,17.05239977,3.964593537,3.496408716,4141,-2.3663,0.20907,-2.5754,-3.1112,3.51,1422,https://www.goodreads.com/search?q=Jimmy+Connors+The+Outsider,1
"2013_Cook,JaneHampton_AmericanPhoenix_HIST.txt",NON,English,HIST,,2013,Cook,JaneHampton,JaneHampton,Cook,AmericanPhoenix,,,,,F,US,173634,104,0.2211769416,19.09114898,4.691403647,4.45027193,6217,-2.3014,0.18722,-2.4886,-3.0486,3.92,261,https://www.goodreads.com/search?q=+American+Phoenix,0
"2013_Cornwell,Patricia_Dust_MY.txt",FIC,English,MY,,2013,Cornwell,Patricia,Patricia,Cornwell,Dust,,,,,F,US,160244,48,0.194591029,16.48940111,4.117169738,3.650264903,6141,-2.3019,0.19651,-2.4984,-3.0552,3.63,18699,https://www.goodreads.com/search?q=Patricia+Cornwell+Dust,1
"2013_Coulter,Catherine_Bombshell_MY.txt",FIC,English,MY,,2013,Coulter,Catherine,Catherine,Coulter,Bombshell,,,,,F,US,123999,85,0.1068552775,15.25578248,4.117053432,3.436834359,6319,-2.2431,0.20869,-2.4518,-2.9715,4.06,8470,https://www.goodreads.com/search?q=Catherine+Coulter+Bombshell,0
"2013_Crace,Jim_Harvest_PW.txt",FIC,English,PW,,2013,Crace,Jim,Jim,Crace,Harvest,,Picador,TheManBookerPrize,Shortlist,M,UK,85327,25,0.1877394636,18.38547727,4.113900829,3.796879016,2204,-2.3681,0.13502,-2.5032,-2.9523,3.6,8435,https://www.goodreads.com/search?q=Jim+Crace+Harvest,1
"2013_Crain,Caleb_NecessaryErrors_CT.txt",FIC,English,NYT,,2013,Crain,Caleb,Caleb,Crain,NecessaryErrors,,,,,M,US,223738,57,0.4383619476,15.0341352,4.166220605,3.535253369,10982,-2.2654,0.27184,-2.5372,-3.1862,3.27,895,https://www.goodreads.com/search?q=Caleb+Crain+Necessary+Errors,0
"2013_Crais,Robert_Suspect_MY.txt",FIC,English,MY,,2013,Crais,Robert,Robert,Crais,Suspect,,,,,M,US,96023,59,0.3217073171,12.29802766,4.217768244,3.189116641,6558,-2.2074,0.18989,-2.3973,-2.8653,4.17,22630,https://www.goodreads.com/search?q=Robert+Crais+Suspect,0
"2013_Crouch,Blake_Wayward_MY.txt",FIC,English,MY,,2013,Crouch,Blake,Blake,Crouch,Wayward,,,,,M,US,99451,31,0.3675099867,11.48925601,4.201228974,3.072279992,5588,-2.1078,0.36335,-2.4712,-2.9372,4.14,57542,https://www.goodreads.com/search?q=Blake+Crouch+Wayward,0
"2013_Cullen,Lynn_MrsPoe_CT.txt",FIC,English,NYT,,2013,Cullen,Lynn,Lynn,Cullen,MrsPoe,,,,,F,US,124117,56,0.2358405754,12.65080012,4.111597854,3.120424935,8236,-2.326,0.24628,-2.5722,-3.0598,4.29,119618,https://www.goodreads.com/search?q=Lynn+Cullen+Mrs+Poe,1
"2013_Dalrymple,William_ReturnofaKing_NF.txt",NON,English,MIX,,2013,Dalrymple,William,William,Dalrymple,ReturnofaKing,,,,,M,,194428,145,0.1156791616,32.23810313,4.610688799,5.249009015,7921,-2.3114,0.20652,-2.5179,-3.1284,4.33,3688,https://www.goodreads.com/search?q=+Returnofa+King,0
"2013_Daniels,Elise_Awake_ROM.txt",FIC,English,ROM,,2013,Daniels,Elise,Elise,Daniels,Awake,,,,,F,US,65001,29,0.2132107023,12.22972719,3.936683492,3.05824314,4040,-2.3615,0.19726,-2.5588,-2.9663,3.54,180,https://www.goodreads.com/search?q=Elise+Daniels+Awake,1
"2013_Davidson,Craig_CataractCity_PW.txt",FIC,English,PW,,2013,Davidson,Craig,Craig,Davidson,CataractCity,,Doubleday,ScotiabankGillerPrize,Shortlist,M,Canada,144370,46,0.2090501122,13.92860589,4.141317514,3.31726336,9022,-2.3062,0.16669,-2.4729,-2.9702,3.63,1227,https://www.goodreads.com/search?q=Craig+Davidson+Cataract+City,1
"2013_Day,Sylvia_EntwinedwithYou_BS.txt",FIC,English,BS,,2013,Sylvia,Day,Day,Sylvia,EntwinedwithYou,,,,,F,US,135764,43,0.3291746641,12.17505156,3.974454229,2.991391835,9774,-2.3149,0.31867,-2.6335,-3.1419,4.19,192971,https://www.goodreads.com/search?q=+Entwinedwith+You,1
"2013_Deaton,Angus_TheGreatEscape_NF.txt",NON,English,MIX,,2013,Deaton,Angus,Angus,Deaton,TheGreatEscape,,,,,M,,118013,11,0.1573033708,31.630394,4.749009812,5.534437058,134,-2.2256,0.083857,-2.3094,-2.8244,3.84,2024,https://www.goodreads.com/search?q=Angus+Deaton+The+Great+Escape,0
"2013_DeSa,Anthony_KickingtheSky_CT.txt",FIC,English,NYT,,2013,DeSa,Anthony,Anthony,DeSa,KickingtheSky,,,,,M,US,104600,33,0.1988926746,13.0652011,3.994546056,3.140278257,7866,-2.3599,0.20387,-2.5637,-3.0318,3.55,586,https://www.goodreads.com/search?q=+Kickingthe+Sky,1
"2013_Dreze,Jean_AnUncertainGloryIndiaanditsContradictions_NF.txt",NON,English,MIX,,2013,Dreze,Jean,Jean,Dreze,AnUncertainGlory,,,,,F,,115048,7,0.2972972973,37.01673102,5.02285324,6.112723189,140,-2.1016,0.1387,-2.2403,-2.7577,4.15,1454,https://www.goodreads.com/search?q=Jean+Dreze+An+Uncertain+Glory,0
"2013_Dune,Lyla_LowTideBikini_ROM.txt",FIC,English,ROM,,2013,Dune,Lyla,Lyla,Dune,LowTideBikini,,,,,F,US,100269,28,0.3164556962,12.20857178,4.09808834,3.149571402,6467,-2.1901,0.27361,-2.4637,-2.9235,3.65,929,https://www.goodreads.com/search?q=Lyla+Dune+Low+Tide+Bikini,0
"2013_Eichar,Donnie_DeadMountain_HIST.txt",NON,English,HIST,,2013,Eichar,Donnie,Donnie,Eichar,DeadMountain,,,,,M,US,77223,42,0.1119030649,23.35137587,4.593621612,4.624900987,2563,-2.1711,0.18283,-2.3539,-2.7927,3.99,18938,https://www.goodreads.com/search?q=Donnie+Eichar+Dead+Mountain,1
"2013_Elliot,Kendra_Buried_ROM.txt",FIC,English,ROM,,2013,Elliot,Kendra,Kendra,Elliot,Buried,,,,,F,US,115659,42,0.2201482295,10.78606733,4.131369998,2.974108102,6772,-2.2213,0.2208,-2.4421,-2.9614,4.34,16735,https://www.goodreads.com/search?q=Kendra+Elliot+Buried,0
"2013_Evanovich,Janet_TakedownTwenty_BS.txt",FIC,English,BS,,2013,Janet,Evanovich,Evanovich,Janet,TakedownTwenty,,,,,F,US,90571,52,0.2045075125,12.32929485,3.940121322,2.986562534,4724,-2.3286,0.17285,-2.5015,-2.9204,3.83,61061,https://www.goodreads.com/search?q=Evanovich+Janet+Takedown+Twenty,1
"2013_Fairstein,Linda_DeathAngel_MY.txt",FIC,English,MY,,2013,Fairstein,Linda,Linda,Fairstein,DeathAngel,,,,,F,US,139564,70,0.2083451604,14.38655809,4.081061611,3.361670409,5776,-2.3097,0.17177,-2.4815,-3.0146,3.91,4202,https://www.goodreads.com/search?q=Linda+Fairstein+Death+Angel,1
"2013_Farr,Tracy_TheLifeAndLovesOfLenaGaunt_CT.txt",FIC,English,NYT,,2013,Farr,Tracy,Tracy,Farr,TheLifeandLovesoflenaGaunt,,AardvarkBureau,,,F,,92218,36,0.1345083488,18.98270893,4.131424017,3.797795657,4999,-2.1405,0.22507,-2.3656,-2.8331,4.07,164,https://www.goodreads.com/search?q=+The+Lifeand+Lovesoflena+Gaunt,1
"2013_Fawcett,Brian_HumanHappiness_CT.txt",FIC,English,NYT,,2013,Fawcett,Brian,Brian,Fawcett,HumanHappiness,,,,,M,US,90171,26,0.1022727273,22.14959469,4.233004231,4.250692925,2368,-2.2755,0.14157,-2.4171,-2.8772,3.5,28,https://www.goodreads.com/search?q=Brian+Fawcett+Human+Happiness,1
"2013_Fielding,Helen_BridgetJonesMadAbouttheBoy_CT.txt",FIC,English,NYT,,2013,Fielding,Helen,Helen,Fielding,BridgetJonesMadAbouttheBoy,,,,,F,UK,121469,70,0.1215411559,14.97398915,4.256374415,3.411623356,5456,-2.2031,0.175,-2.3781,-2.8906,3.37,49106,https://www.goodreads.com/search?q=+Bridget+Jones+Mad+Aboutthe+Boy,1
"2013_Fink,Sheri_FiveDaysatMemorialLifeandDeathina_NF.txt",NON,English,MIX,,2013,Fink,Sheri,Sheri,Fink,FiveDaysatMemorial,,,,,F,,186115,119,0.1685977773,20.35155823,4.701502178,4.586356991,6633,-2.2199,0.20429,-2.4242,-3.0345,3.91,28225,https://www.goodreads.com/search?q=+Five+Daysat+Memorial,0
"2013_Flood,Cynthia_RedGirlRatBoy_CT.txt",FIC,English,NYT,,2013,Flood,Cynthia,Cynthia,Flood,RedGirlRatBoy,,,,,F,Canada,48159,53,0.0744416873,10.79556153,4.360475134,3.063544086,2484,-2.3082,0.089799,-2.398,-2.7374,3.19,27,https://www.goodreads.com/search?q=Cynthia+Flood+Red+Girl+Rat+Boy,0.01
"2013_French,Nicci_TuesdaysGone_MY.txt",FIC,English,MY,,2013,French,Nicci,Nicci,French,TuesdaysGone,,,,,o,UK,157243,62,0.331112756,12.230147,4.046060353,3.023369811,8077,-2.1871,0.32098,-2.5081,-3.0657,3.95,12904,https://www.goodreads.com/search?q=Nicci+French+Tuesdays+Gone,0
"2013_Froning,Rich_FirstWhatitTakes_ME.txt",NON,English,MEM,,2013,Froning,Rich,Rich,Froning,FirstWhatitTakes,,,,,M,,74521,36,0.0908119658,21.12872129,4.123432513,4.006913694,1726,-2.2168,0.16646,-2.3833,-2.8043,3.78,1881,https://www.goodreads.com/search?q=+First+Whatit+Takes,1
"2013_Gabriel,Julia_Cupcakes&Chardonnay_ROM.txt",FIC,English,ROM,,2013,Gabriel,Julia,Julia,Gabriel,Cupcakes&Chardonnay,,,,,F,US,56140,11,0.4494296578,13.18769086,4.191402035,3.400180203,3179,-2.3333,0.17942,-2.5127,-2.9065,3.61,316,https://www.goodreads.com/search?q=Julia+Gabriel+Cupcakes&+Chardonnay,0
"2013_Galbraith,Robert_TheCuckoosCalling_BS.txt",FIC,English,BS,,2013,Robert,Galbraith,Galbraith,Robert,TheCuckoosCalling,,,,,F,UK,183896,73,0.1990333161,17.53394355,4.296681996,3.821407327,10115,-2.1738,0.31677,-2.4905,-3.0923,3.87,530457,https://www.goodreads.com/search?q=Galbraith+Robert+The+Cuckoos+Calling,0
"2013_Galland,Nicole_Godiva_CT.txt",FIC,English,NYT,,2013,Galland,Nicole,Nicole,Galland,Godiva,,,,,F,US,97234,30,0.2699662542,16.2327212,4.326381687,3.806885713,4832,-2.2345,0.29056,-2.525,-3.0022,3.36,447,https://www.goodreads.com/search?q=Nicole+Galland+Godiva,0
"2013_Gates,HenryLouisJr_TheAfricanAmericans_HIST.txt",NON,English,HIST,,2013,Gates,HenryLouisJr,HenryLouisJr,Gates,TheAfricanAmericans,,,,,M,US,116318,110,0.0438652257,30.07187177,4.908157545,5.335343134,1637,-2.2407,0.074343,-2.3151,-2.7811,3.96,96436,https://www.goodreads.com/search?q=+The+African+Americans,0
"2013_Gilbert,Elizabeth_TheSignatureofAllThings_CT.txt",FIC,English,NYT,,2013,Gilbert,Elizabeth,Elizabeth,Gilbert,TheSignatureofAllThings,,,,,F,US,228184,67,0.3639520202,16.9363913,4.415619618,4.008781509,7227,-2.2043,0.20326,-2.4075,-3.0766,3.85,106376,https://www.goodreads.com/search?q=+The+Signatureof+All+Things,0
"2013_Gillmor,Don_MountPleasant_CT.txt",FIC,English,NYT,,2013,Gillmor,Don,Don,Gillmor,MountPleasant,,,,,M,Canada,94951,49,0.3688320909,14.46982627,4.356652014,3.638738747,4124,-2.2589,0.22422,-2.4832,-2.9198,3.18,418,https://www.goodreads.com/search?q=Don+Gillmor+Mount+Pleasant,0
"2013_GoldbergSloan,Holly_,Countingby7s_MG.txt",FIC,English,MID,,2013,GoldberSloan,Holly,Holly,GoldberSloan,CountingBySevens,,,,,F,,74424,16,0.3313388182,13.95275591,4.05140582,3.359939077,2965,-2.2973,0.21226,-2.5096,-2.9508,3.99,2921,https://www.goodreads.com/search?q=+Counting+By+Sevens,1
"2013_Goodwin,DorisKearns_TheBullyPulpit_HIST.txt",NON,English,HIST,,2013,Goodwin,DorisKearns,DorisKearns,Goodwin,TheBullyPulpit,,,,,F,US,395930,242,0.2160275743,26.82634325,4.896676919,5.242730834,11819,-2.3026,0.18919,-2.4918,-3.3261,4.09,21856,https://www.goodreads.com/search?q=+The+Bully+Pulpit,0
"2013_Grabenstein,Chris_EscapefromMr.LemoncellosLibrary_MG .txt",FIC,English,MID,,2013,Grabenstein,Chris,Chris,Grabenstein,EscapeFromMrLemmoncellosLibrary,,,,,M,,64595,31,0.2475285171,12.25711575,4.30588997,3.167785852,3147,-2.2706,0.13322,-2.4038,-2.8061,4.12,50007,https://www.goodreads.com/search?q=Chris+Grabenstein+Escape+From+Mr+Lemmoncellos+Library,0
"2013_Grady,Wayne_EmancipationDay_CT.txt",FIC,English,NYT,,2013,Grady,Wayne,Wayne,Grady,EmancipationDay,,,,,M,US,97762,42,0.2900398406,15.58208479,4.081706133,3.435960839,4820,-2.2521,0.19943,-2.4516,-2.9176,3.59,1267,https://www.goodreads.com/search?q=Wayne+Grady+Emancipation+Day,0
"2013_Grande,Reyna_TheDistanceBetweenUs_ME.txt",NON,English,MEM,,2013,Grande,Reyna,Reyna,Grande,TheDistanceBetweenUs,,,,,F,,131436,56,0.2259230571,15.99561884,3.943185646,3.452398272,7061,-2.2952,0.18467,-2.4799,-3.0093,4.32,8801,https://www.goodreads.com/search?q=Reyna+Grande+The+Distance+Between+Us,1
"2013_Gratz,Alan_PrisonerB-3087_MG.txt",FIC,English,MID,,2013,Gratz,Alan,Alan,Gratz,PrisonerB3087,,,,,M,,54539,23,0.1733333333,13.38380368,3.957194821,3.1806075,2876,-2.3382,0.12604,-2.4643,-2.8487,4.45,27763,https://www.goodreads.com/search?q=+Prisoner+B3087,1
"2013_Gray,Amelia_Threats_ PW.txt",FIC,English,PW,,2013,Gray,Amelia,Amelia,Gray,Threats,,"Farrar,Straus&Giroux",PEN/FaulknerAwardforFiction,Shortlist,F,US,76177,11,0.5376923077,15.2110623,4.244356399,3.597056609,4688,-2.2136,0.23398,-2.4476,-2.8826,3.02,2335,https://www.goodreads.com/search?q=Amelia+Gray+Threats,0
"2013_Grisham,John_SycamoreRow_BS.txt",FIC,English,BS,NYT,2013,John,Grisham,Grisham,John,SycamoreRow,,,,,M,US,210957,97,0.2228834995,15.03935268,4.237211004,3.593767889,9223,-2.3146,0.22708,-2.5417,-3.1478,4.06,118443,https://www.goodreads.com/search?q=Grisham+John+Sycamore+Row,0
"2013_Hadfield,Chris_AstronautsGuide_ME.txt",NON,English,MEM,,2013,Hadfield,Chris,Chris,Hadfield,AstronautsGuide,,,,,M,,103588,27,0.3645418327,25.21002677,4.315563349,4.558165566,1775,-2.2774,0.16262,-2.44,-2.9053,4.15,54309,https://www.goodreads.com/search?q=Chris+Hadfield+Astronauts+Guide,1
"2013_Haig,Matt_TheHumans_SF.txt",FIC,English,SF,,2013,Haig,Matt,Matt,Haig,TheHumans,,,,,M,UK,90291,18,0.261997406,11.39750063,4.113864738,3.082450545,3686,-2.263,0.22255,-2.4855,-2.9419,4.09,85125,https://www.goodreads.com/search?q=Matt+Haig+The+Humans,1
"2013_Harris,Charlaine_DeadEverAfter_BS.txt",FIC,English,BS,,2013,Charlaine,Harris,Harris,Charlaine,DeadEverAfter,,,,,F,US,120171,84,0.1092487279,13.87976438,3.971971396,3.193458082,6360,-2.2989,0.24834,-2.5472,-3.0283,3.49,82338,https://www.goodreads.com/search?q=Harris+Charlaine+Dead+Ever+After,1
"2013_Hart,MotherDolores_EaroftheHeart_ME.txt",NON,English,MEM,,2013,Hart,MotherDolores,MotherDolores,Hart,EaroftheHeart,,,,,F,,180969,152,0.1230895197,20.24261745,4.389515021,4.333758336,4781,-2.331,0.17574,-2.5067,-3.0846,4,659,https://www.goodreads.com/search?q=+Earofthe+Heart,1
"2013_Haskell,Molly_MyBrotherMySister_NF.txt",NON,English,MIX,,2013,Haskell,Molly,Molly,Haskell,MyBrotherMySister,,,,,F,,79989,34,0.2280524723,21.63034072,4.348737635,4.330453858,1430,-2.3354,0.16139,-2.4968,-2.9351,3.17,174,https://www.goodreads.com/search?q=Molly+Haskell+My+Brother+My+Sister,1
"2013_Hawking,Stephen_MyBriefHistory_ME.txt",NON,English,MEM,,2013,Hawking,Stephen,Stephen,Hawking,MyBriefHistory,,,,,M,,23564,11,0.1346153846,23.23865878,4.450565106,4.665381958,445,-2.1496,0.13868,-2.2883,-2.6495,3.61,10254,https://www.goodreads.com/search?q=Stephen+Hawking+My+Brief+History,0.62
"2013_Hertling,William_TheLastFirewall_SF.txt",FIC,English,SF,,2013,Hertling,William,William,Hertling,TheLastFirewall,,,,,M,US,109380,26,0.2236180905,13.45056567,4.364354009,3.52060858,7794,-2.1668,0.25044,-2.4172,-2.9027,3.99,3331,https://www.goodreads.com/search?q=William+Hertling+The+Last+Firewall,0
"2013_Hosseini,Khaled_AndtheMountainsEchoed_BS.txt",FIC,English,BS,,2013,Khaled,Hosseini,Hosseini,Khaled,AndtheMountainsEchoed,,,,,M,Afghanistan/US,147664,68,0.1241199478,15.1295082,4.153298418,3.508998137,7244,-2.3267,0.12936,-2.4561,-3.0069,4.06,337498,https://www.goodreads.com/search?q=+Andthe+Mountains+Echoed,1
"2013_Howey,Hugh_Dust_SF.txt",FIC,English,SF,,2013,Howey,Hugh,Hugh,Howey,Dust,,,,,M,US,142939,50,0.2136363636,12.79897923,4.152797465,3.25925084,10530,-2.2122,0.24728,-2.4595,-3.0052,4.25,73870,https://www.goodreads.com/search?q=Hugh+Howey+Dust,0
"2013_Huang,Eddie_FreshOfftheBoat_ME.txt",NON,English,MEM,,2013,Huang,Eddie,Eddie,Huang,FreshOfftheBoat,,,,,M,,120575,87,0.0763411279,16.44279285,4.036917855,3.495289192,2599,-2.2411,0.1906,-2.4317,-2.9007,3.68,12195,https://www.goodreads.com/search?q=+Fresh+Offthe+Boat,1
"2013_Hudspeth,EB_TheResurrectionist_SF.txt",FIC,English,SF,,2013,Hudspeth,EB,EB,Hudspeth,TheResurrectionist,,,,,M,US,23215,12,0.4794117647,19.92703863,4.657032283,4.2968152,462,-2.2977,0.043706,-2.3414,-2.7115,3.58,5128,https://www.goodreads.com/search?q=EB+Hudspeth+The+Resurrectionist,0
"2013_Humphries,Suzanne_DissolvingIllusions_HIST.txt",NON,English,HIST,,2013,Humphries,Suzanne,Suzanne,Humphries,DissolvingIllusions,,,,,F,US,117113,18,0.1206896552,29.20523691,5.043807406,5.61783471,851,-2.1027,0.098626,-2.2014,-2.694,4.65,774,https://www.goodreads.com/search?q=Suzanne+Humphries+Dissolving+Illusions,0
"2013_Hunter,Erin_TheSunTrail_MG.txt",FIC,English,MID,,2013,Hunter,Erin,Erin,Hunter,TheSunTrail,,,,,F,,101308,37,0.3530799476,13.77777778,4.182305662,3.255116475,9037,-2.4278,0.13862,-2.5664,-3.0095,4.34,9189,https://www.goodreads.com/search?q=Erin+Hunter+The+Sun+Trail,0
"2013_Ireland,Ann_TheBlueGuitar_CT.txt",FIC,English,NYT,,2013,Ireland,Ann,Ann,Ireland,TheBlueGuitar,,,,,F,Canada,86355,46,0.2450243255,15.15265836,4.358039183,3.67162976,4889,-2.398,0.16234,-2.5603,-2.9795,3.47,55,https://www.goodreads.com/search?q=Ann+Ireland+The+Blue+Guitar,0
"2013_Istvan,Zoltan_TheTranshumanistWager_SF.txt",FIC,English,SF,,2013,Istvan,Zoltan,Zoltan,Istvan,TheTranshumanistWager,,,,,M,US,183670,33,0.4066193853,16.51708633,4.730628301,4.249454337,5713,-2.0874,0.26596,-2.3534,-2.9658,3.52,934,https://www.goodreads.com/search?q=Zoltan+Istvan+The+Transhumanist+Wager,0
"2013_Jackson,Kevin_Mayflower_HIST.txt",NON,English,HIST,,2013,Jackson,Kevin,Kevin,Jackson,Mayflower,,,,,M,US,21924,24,0.1415662651,24.85714286,4.614851485,4.717482916,520,-2.2568,0.14121,-2.398,-2.7514,3.6,1852,https://www.goodreads.com/search?q=Kevin+Jackson+Mayflower,0
"2013_Jackson,Phil_ElevenRings_ME.txt",NON,English,MEM,,2013,Jackson,Phil,Phil,Jackson,ElevenRings,,,,,M,,131818,119,0.124303233,21.54945235,4.305150674,4.214733826,3454,-2.3266,0.2466,-2.5732,-3.0805,4.16,11919,https://www.goodreads.com/search?q=Phil+Jackson+Eleven+Rings,1
"2013_Jaymes,River_TheBackupBoyfriend_ROM.txt",FIC,English,ROM,,2013,Jaymes,River,River,Jaymes,TheBackupBoyfriend,,,,,F,US,87514,17,0.4034876729,13.91983458,4.311121235,3.475309836,5961,-2.4481,0.17491,-2.6231,-3.0504,3.95,10760,https://www.goodreads.com/search?q=River+Jaymes+The+Backup+Boyfriend,0
"2013_Johnson,George_TheCancerChronicles_NF.txt",NON,English,MIX,,2013,Johnson,George,George,Johnson,TheCancerChronicles,,,,,M,,77864,18,0.2914979757,21.49158156,4.79156602,4.900889094,1068,-2.1311,0.17384,-2.3049,-2.7207,3.67,949,https://www.goodreads.com/search?q=George+Johnson+The+Cancer+Chronicles,0
"2013_Johnston,Wayne_TheSonofaCertainWoman_CT.txt",FIC,English,NYT,,2013,Johnston,Wayne,Wayne,Johnston,TheSonofaCertainWoman,,,,,M,Canada,169621,60,0.1760716224,17.97213393,4.062083034,3.698007711,6421,-2.1776,0.23083,-2.4084,-3.0201,3.15,948,https://www.goodreads.com/search?q=+The+Sonofa+Certain+Woman,1
"2013_Jordan,Robert_AMemoryofLight_BS.txt",FIC,English,BS,,2013,Robert,Jordan,Jordan,Robert,AMemoryofLight,,,,,M,US,443916,274,0.0763274336,12.67281395,4.281037766,3.272034797,27997,-2.2321,0.30974,-2.5419,-3.4713,4.53,122851,https://www.goodreads.com/search?q=+A+Memoryof+Light,0
"2013_Karsak,Melanie_ChasingtheStarGarden_SF.txt",FIC,English,SF,,2013,Karsak,Melanie,Melanie,Karsak,ChasingtheStarGarden,,,,,F,US,82483,42,0.2712106768,12.20162722,4.114000707,3.170185866,7015,-2.2234,0.18592,-2.4093,-2.8513,3.67,852,https://www.goodreads.com/search?q=+Chasingthe+Star+Garden,1
"2013_Kaufman,Amie_TheseBrokenStars_SF.txt",FIC,English,SF,YA,2013,Kaufman,Amie,Amie,Kaufman,TheseBrokenStars,,,,,F,US,139702,15,0.3767038414,15.31652231,3.976361291,3.337552971,7578,-2.3665,0.21786,-2.5843,-3.0902,3.9,68280,https://www.goodreads.com/search?q=Amie+Kaufman+These+Broken+Stars,1
"2013_Kiernan,Denise_TheGirlsofAtomicCity_HIST.txt",NON,English,HIST,,2013,Kiernan,Denise,Denise,Kiernan,TheGirlsofAtomicCity,,,,,F,US,125267,81,0.1115681234,19.46953684,4.530756903,4.328282118,2709,-2.1769,0.21399,-2.3909,-2.8916,3.69,28195,https://www.goodreads.com/search?q=+The+Girlsof+Atomic+City,0
"2013_Kilmeade,Brian_GeorgeWashingtonsSecretSix_HIST.txt",NON,English,HIST,,2013,Kilmeade,Brian,Brian,Kilmeade,GeorgeWashingtonsSecretSix,,,,,M,US,75544,64,0.1427919708,28.61515152,4.697067292,5.168347531,1824,-2.3103,0.15285,-2.4632,-2.8904,3.83,17360,https://www.goodreads.com/search?q=Brian+Kilmeade+George+Washingtons+Secret+Six,0
"2013_Kincaid,SJ_Vortex_SF.txt",FIC,English,SF,YA,2013,Kincaid,SJ,SJ,Kincaid,Vortex,,,,,F,US,137483,45,0.3861219922,13.78413876,4.262764019,3.430139072,8582,-2.1994,0.2621,-2.4615,-2.9769,4.28,7033,https://www.goodreads.com/search?q=SJ+Kincaid+Vortex,0
"2013_King,Stephen_Joyland_BS.txt",FIC,English,BS,,2013,Stephen,King,King,Stephen,Joyland,,,,,M,US,102488,37,0.1428571429,14.3400028,3.958299653,3.205689508,4562,-2.4222,0.15131,-2.5735,-3.008,3.93,138329,https://www.goodreads.com/search?q=King+Stephen+Joyland,1
"2013_Kline,ChristinaBaker_OrphanTrain_BS.txt",FIC,English,BS,,2013,ChristinaBaker,Kline,Kline,ChristinaBaker,OrphanTrain,,,,,F,UK,113020,56,0.1381550455,15.26266036,4.08778946,3.36467769,5009,-2.2258,0.21355,-2.4394,-2.9342,4.18,409655,https://www.goodreads.com/search?q=+Orphan+Train,1
"2013_Knox,Amanda_WaitingtoBeHeard_NF.txt",NON,English,MIX,,2013,Knox,Amanda,Amanda,Knox,WaitingtoBeHeard,,,,,F,,148213,79,0.1827608555,15.39395513,4.256787535,3.66179924,7164,-2.2585,0.22084,-2.4794,-3.0502,3.85,16604,https://www.goodreads.com/search?q=+Waitingto+Be+Heard,1
"2013_Koch,Herman_TheDinner_CT.txt",FIC,English,NYT,,2013,Koch,Herman,Herman,Koch,TheDinner,,,,,M,Netherlands,93806,17,0.2368225687,16.16787315,4.093767824,3.581019171,3951,-2.3255,0.17796,-2.5035,-2.9559,3.23,145133,https://www.goodreads.com/search?q=Herman+Koch+The+Dinner,1
"2013_Krauthammer,Charles_ThingsthatMatter_HIST.txt",NON,English,HIST,,2013,Krauthammer,Charles,Charles,Krauthammer,ThingsthatMatter,,,,,M,US,111040,54,0.0581929556,19.23103568,4.760974489,4.618798561,707,-2.1471,0.083815,-2.2309,-2.6573,3.97,39,https://www.goodreads.com/search?q=Charles+Krauthammer+Thingsthat+Matter,0
"2013_Krueger,WilliamKent_OrdinaryGrace_MY.txt",FIC,English,MY,YA,2013,Krueger,WilliamKent,WilliamKent,Krueger,OrdinaryGrace,,,,,M,US,124332,47,0.1974675912,14.76977904,4.004942773,3.35136606,7944,-2.2832,0.22798,-2.5111,-3.0424,4.23,116266,https://www.goodreads.com/search?q=+Ordinary+Grace,1
"2013_Kushner,Rachel_Flamethrowers_PW.txt",FIC,English,PW,,2013,Kushner,Rachel,Rachel,Kushner,Flamethrowers,,Scribner,TheNationalBookAwards,Shortlist,F,US,167917,64,0.2792140641,15.94199184,4.231740713,3.706847537,7673,-2.3161,0.17482,-2.4909,-3.0249,3.49,20421,https://www.goodreads.com/search?q=Rachel+Kushner+Flamethrowers,1
"2013_Kyle,Chris_AmericanGun_HIST.txt",NON,English,HIST,,2013,Kyle,Chris,Chris,Kyle,AmericanGun,,,,,M,US,76815,71,0.0573183214,20.1720063,4.501695322,4.324117107,1951,-2.247,0.14282,-2.3898,-2.8169,4.03,3726,https://www.goodreads.com/search?q=Chris+Kyle+American+Gun,0
"2013_Kyle,Chris_AmericanSniper_ME.txt",NON,English,MEM,,2013,Kyle,Chris,Chris,Kyle,AmericanSniper,,,,,M,,125394,25,0.1355932203,15.65468165,4.054523678,3.411188571,4122,-2.2895,0.22321,-2.5127,-3.0119,4.01,122291,https://www.goodreads.com/search?q=Chris+Kyle+American+Sniper,1
"2013_Lahiri,Jhumpa_Lowland_PW.txt",FIC,English,PW,,2013,Lahiri,Jhumpa,Jhumpa,Lahiri,Lowland,,Bloomsbury,TheManBookerPrize,Shortlist,F,US,132042,35,0.2083140878,14.76814674,4.3086036,3.704770743,5481,-2.3264,0.15321,-2.4797,-3.0483,3.86,90014,https://www.goodreads.com/search?q=Jhumpa+Lahiri+Lowland,0
"2013_Lawson,Mary_RoadEnds_CT.txt",FIC,English,NYT,,2013,Lawson,Mary,Mary,Lawson,RoadEnds,,,,,F,Canada,119247,52,0.2147621165,16.04507535,4.037500738,3.521517148,5730,-2.2697,0.23032,-2.5001,-3.0075,4.11,5175,https://www.goodreads.com/search?q=Mary+Lawson+Road+Ends,1
"2013_Layne,Kennedy_SinfulResurrection_ROM.txt",FIC,English,ROM,,2013,Layne,Kennedy,Kennedy,Layne,SinfulResurrection,,,,,F,US,117326,26,0.2965706447,16.60665251,4.156017626,3.702766519,6649,-2.4666,0.20298,-2.6696,-3.1455,4.14,791,https://www.goodreads.com/search?q=Kennedy+Layne+Sinful+Resurrection,0
"2013_Leckie,Ann_AncillaryJustice_SF.txt",FIC,English,SF,,2013,Leckie,Ann,Ann,Leckie,AncillaryJustice,,,,,F,US,136589,37,0.2041573868,15.24430804,4.337305848,3.611238975,6039,-2.2532,0.21037,-2.4636,-3.0065,3.98,93361,https://www.goodreads.com/search?q=Ann+Leckie+Ancillary+Justice,1
"2013_LeirenYoung,Mark_FreeMagicSecretsRevealed_CT.txt",FIC,English,NYT,,2013,LeirenYoung,Mark,Mark,LeirenYoung,FreeMagicSecretsRevealed,,,,,M,Canada,89281,56,0.267662495,13.90669782,4.002822265,3.245595803,3940,-2.3016,0.13986,-2.4415,-2.8777,4.38,21,https://www.goodreads.com/search?q=+Free+Magic+Secrets+Revealed,1
"2013_Lemaitre,Pierre_Alex_CT.txt",FIC,English,NYT,,2013,Lemaitre,Pierre,Pierre,Lemaitre,Alex,,,,,M,France,120198,41,0.2979351032,15.50141862,4.209162565,3.574888257,5272,-2.235,0.27774,-2.5128,-3.003,4.08,15137,https://www.goodreads.com/search?q=Pierre+Lemaitre+Alex,0
"2013_Lepore,Jill_Book of Ages_TheLifeandOpinionsofJan_NF.txt",NON,English,MIX,,2013,Lepore,Jill,Jill,Lepore,BookofAges,,,,,F,,108288,105,0.2246650636,23.50510093,4.394192358,4.386933171,3190,-2.1931,0.17501,-2.3681,-2.8652,3.67,4320,https://www.goodreads.com/search?q=+Bookof+Ages,0
"2013_Lindhout,Amanda_AHouseintheSky_NF.txt",NON,English,MIX,,2013,Lindhout,Amanda,Amanda,Lindhout,AhouseintheSky,,,,,F,,154392,54,0.2687891441,17.56450512,4.228048863,3.854979792,7668,-2.3482,0.17148,-2.5197,-3.0516,4.23,56729,https://www.goodreads.com/search?q=+Ahouseinthe+Sky,1
"2013_Lord,Karen_TheBestofAllPossibleWorlds_SF.txt",FIC,English,SF,,2013,Lord,Karen,Karen,Lord,TheBestofAllPossibleWorlds,,,,,F,Barbados,108331,33,0.218625498,15.45598516,4.315843222,3.75965206,6390,-2.2861,0.24606,-2.5322,-3.0213,3.59,4568,https://www.goodreads.com/search?q=+The+Bestof+All+Possible+Worlds,1
"2013_Lynn,J_WaitForYou_BS.txt",FIC,English,BS,,2013,J,Lynn,Lynn,J,WaitForYou,,,,,F,US,133748,25,0.4474959612,11.77877587,3.915401202,2.898569425,10026,-2.2949,0.28965,-2.5846,-3.103,4.16,150306,https://www.goodreads.com/search?q=Lynn+J+Wait+For+You,1
2013_LyubomirskySonja_TheMythsOfHappiness.txt,NON,English,MIX,,2013,Lyubomirsky,Sonja,Sonja,Lyubomirsky,TheMythsofHappiness,,,,,F,,85276,4,0.4418604651,32.07070327,4.755834059,5.452073366,306,-2.2807,0.087766,-2.3684,-2.8133,3.67,1749,https://www.goodreads.com/search?q=+The+Mythsof+Happiness,0.01
"2013_MacMillan,Margaret_TheWarthatEndedPeace_HIST.txt",NON,English,HIST,,2013,MacMillan,Margaret,Margaret,MacMillan,TheWarthatEndedPeace,,,,,F,Canada,285305,162,0.0978456014,29.22009422,4.79663698,5.324426668,4260,-2.3476,0.16609,-2.5137,-3.2562,4.2,6035,https://www.goodreads.com/search?q=+The+Warthat+Ended+Peace,0
"2013_Madden,JM_EmbattledHearts_ROM.txt",FIC,English,ROM,,2013,Madden,JM,JM,Madden,EmbattledHearts,,,,,F,US,76436,20,0.3343669251,13.25403156,4.113486437,3.309318511,5749,-2.4144,0.17513,-2.5895,-3.0243,4.01,4913,https://www.goodreads.com/search?q=JM+Madden+Embattled+Hearts,0
"2013_Malcolm,Janet_FortyoneFalseStarts_NF.txt",NON,English,MIX,,2013,Malcolm,Janet,Janet,Malcolm,FortyoneFalseStarts,,,,,F,,124379,121,0.0666423889,27.22236813,4.538721857,4.920583245,2170,-2.2945,0.14939,-2.4439,-2.9405,3.92,607,https://www.goodreads.com/search?q=+Fortyone+False+Starts,1
"2013_Mallon,Thomas_Watergate_PW.txt",FIC,English,PW,,2013,Mallon,Thomas,Thomas,Mallon,Watergate,,Pantheon,PEN/FaulknerAwardforFiction,Shortlist,M,US,185479,168,0.0718908518,20.49944739,4.336022343,4.126597074,8213,-2.3907,0.21883,-2.6095,-3.1899,3.59,1728,https://www.goodreads.com/search?q=Thomas+Mallon+Watergate,0
"2013_Manchester,William_TheGloryandtheDream_HIST.txt",NON,English,HIST,,2013,Manchester,William,William,Manchester,TheGloryandtheDream,,,,,M,US,740033,610,0.0256972736,22.68508982,4.759563776,4.748412998,20124,-2.2458,0.19133,-2.4371,-3.3036,4.43,1979,https://www.goodreads.com/search?q=+The+Gloryandthe+Dream,0
"2013_Manco,Jean_AncestralJourneys_HIST.txt",NON,English,HIST,,2013,Manco,Jean,Jean,Manco,AncestralJourneys,,,,,F,UK,96578,48,0.0519480519,22.97288297,4.864962027,4.934619582,322,-2.2032,0.095988,-2.2992,-2.7597,3.95,563,https://www.goodreads.com/search?q=Jean+Manco+Ancestral+Journeys,0
"2013_Manning,Kate_MyNotoriousLife_CT.txt",FIC,English,NYT,,2013,Manning,Kate,Kate,Manning,MyNotoriousLife,,,,,F,US,180626,108,0.0912431108,13.64450823,4.024691196,3.231882931,10081,-2.3067,0.19056,-2.4973,-3.0936,4.03,12907,https://www.goodreads.com/search?q=Kate+Manning+My+Notorious+Life,1
"2013_Marias,Javier_TheInfatuations_CT.txt",FIC,English,NYT,,2013,Marias,Javier,Javier,Marias,TheInfatuations,,,,,M,Spain,131409,25,0.2904656319,37.01661972,4.191892152,5.031252432,2473,-2.3971,0.18358,-2.5807,-3.1176,3.52,9785,https://www.goodreads.com/search?q=+The+Infatuations,1
"2013_Martin,Barry_UnderOneRoof_ME.txt",NON,English,MEM,,2013,Martin,Barry,Barry,Martin,UnderOneRoof,,,,,M,,84436,22,0.6150712831,19.06004515,3.869116779,3.590385216,3115,-2.423,0.17604,-2.599,-3.0305,4.03,314,https://www.goodreads.com/search?q=Barry+Martin+Under+One+Roof,1
"2013_Marton,Dana_Deathtrap_ROM.txt",FIC,English,ROM,,2013,Marton,Dana,Dana,Marton,Deathtrap,,,,,F,US,86431,32,0.3021907216,12.14089057,4.073864269,3.136905926,4695,-2.4399,0.17159,-2.6115,-3.0394,4.19,787,https://www.goodreads.com/search?q=Dana+Marton+Deathtrap,0
"2013_Mather,Matthew_TheAtopiaChronicles_SF.txt",FIC,English,SF,,2013,Mather,Matthew,Matthew,Mather,TheAtopiaChronicles,,,,,M,Canada,152999,57,0.116599911,15.52028809,4.301679536,3.694321086,9261,-2.2729,0.24287,-2.5158,-3.0415,3.55,5843,https://www.goodreads.com/search?q=Matthew+Mather+The+Atopia+Chronicles,1
"2013_Mather,Matthew_TheDystopiaChronicles_SF.txt",FIC,English,SF,,2013,Mather,Matthew,Matthew,Mather,TheDystopiaChronicles,,,,,M,Canada,125494,46,0.2334710744,13.67483927,4.406649863,3.552723082,7898,-2.1911,0.26365,-2.4548,-2.9496,3.85,1722,https://www.goodreads.com/search?q=Matthew+Mather+The+Dystopia+Chronicles,0
"2013_Mathis,Ayana_TheTwelveTribesofHattie_CT.txt",FIC,English,NYT,,2013,Mathis,Ayana,Ayana,Mathis,TheTwelveTribesofHattie,,,,,F,US,106271,49,0.2306594348,13.86987732,4.050431894,3.266650992,5907,-2.2355,0.18141,-2.4169,-2.9131,3.5,38297,https://www.goodreads.com/search?q=+The+Twelve+Tribesof+Hattie,0.99
"2013_McAdam,Colin_ABeautifulTruth_PW.txt",FIC,English,PW,,2013,McAdam,Colin,Colin,McAdam,ABeautifulTruth,,HamishHamilton,GovernorGeneralLiteraryAwardforfiction,Shortlist,M,Canada,88069,45,0.1619517259,15.10876651,4.21437327,3.685388207,4505,-2.1812,0.1827,-2.3639,-2.8524,3.42,867,https://www.goodreads.com/search?q=Colin+McAdam+A+Beautiful+Truth,0
"2013_McBride,James_GoodLordBird_PW.txt",FIC,English,PW,,2013,McBride,James,James,McBride,GoodLordBird,,RiverheadBooks,TheNationalBookAwards,Winner,M,US,162661,79,0.1048051457,15.85389864,3.951824968,3.335014816,8538,-2.2808,0.19992,-2.4807,-3.0458,3.89,28661,https://www.goodreads.com/search?q=James+McBride+Good+Lord+Bird,1
"2013_McCarthy,Kate_FightingRedemption_ROM.txt",FIC,English,ROM,,2013,McCarthy,Kate,Kate,McCarthy,FightingRedemption,,,,,F,Australia,110298,28,0.335471799,12.69690342,4.062799718,3.098170916,9858,-2.321,0.23587,-2.5569,-3.0468,4.21,11062,https://www.goodreads.com/search?q=Kate+McCarthy+Fighting+Redemption,0
"2013_McCreight,Kimberly_ReconstructingAmelia_MY.txt",FIC,English,MY,YA,2013,McCreight,Kimberly,Kimberly,McCreight,ReconstructingAmelia,,,,,F,US,142005,56,0.1976333818,13.44362397,4.042520009,3.188788306,5924,-2.2543,0.27311,-2.5274,-3.0758,3.83,127544,https://www.goodreads.com/search?q=Kimberly+McCreight+Reconstructing+Amelia,1
"2013_McDonnell,Evelyn_QueensofNoise_NF.txt",NON,English,MIX,,2013,McDonnell,Evelyn,Evelyn,McDonnell,QueensofNoise,,,,,F,,144480,107,0.1582027168,19.62510187,4.395120217,4.117120096,3042,-2.2443,0.19135,-2.4357,-2.9726,3.66,296,https://www.goodreads.com/search?q=+Queensof+Noise,0
"2013_McGill,Robert_OnceWeHadaCountry_CT.txt",FIC,English,NYT,,2013,McGill,Robert,Robert,McGill,OnceWeHadaCountry,,,,,M,Canada,128516,35,0.2860328966,14.74652897,4.119266567,3.377103748,7644,-2.2754,0.28404,-2.5594,-3.0945,3.54,70,https://www.goodreads.com/search?q=+Once+We+Hada+Country,0
"2013_McGinnis,MarkWayne_ScrapyardShip_SF.txt",FIC,English,SF,,2013,McGinnis,MarkWayne,MarkWayne,McGinnis,ScrapyardShip,,,,,M,US,89730,37,0.4205145119,15.23429542,4.46681049,3.792414354,4997,-2.2854,0.18471,-2.4702,-2.9046,3.82,2163,https://www.goodreads.com/search?q=+Scrapyard+Ship,0
"2013_McIntosh,Will_LoveMinusEighty_SF.txt",FIC,English,SF,,2013,McIntosh,Will,Will,McIntosh,LoveMinusEighty,,,,,M,US,131098,32,0.2653942286,13.21419212,4.202738421,3.367025015,7077,-2.3439,0.20345,-2.5473,-3.0452,3.81,2913,https://www.goodreads.com/search?q=Will+McIntosh+Love+Minus+Eighty,0
"2013_McMillan,Terry_WhoAskedYou_CT.txt",FIC,English,NYT,,2013,McMillan,Terry,Terry,McMillan,WhoAskedYou,,,,,F,US,130988,51,0.1724303554,14.73762376,3.770898254,3.132626742,3356,-2.4191,0.19485,-2.6139,-3.1275,3.99,6144,https://www.goodreads.com/search?q=Terry+McMillan+Who+Asked+You,1
"2013_Melton,GlennonDoyle_CarryOnWarrior_ME.txt",NON,English,MEM,,2013,Melton,GlennonDoyle,GlennonDoyle,Melton,CarryOnWarrior,,,,,F,,78727,36,0.2093690249,14.61425654,4.076366359,3.446770253,2273,-2.2173,0.14709,-2.3644,-2.785,4.12,26772,https://www.goodreads.com/search?q=+Carry+On+Warrior,1
"2013_Messud,Claire_TheWomanUpstairs_CT.txt",FIC,English,NYT,,2013,Messud,Claire,Claire,Messud,TheWomanUpstairs,,,,,F,US,112216,34,0.2529898804,21.64660494,4.104577958,3.990474571,3179,-2.2923,0.25188,-2.5442,-3.0292,3.31,31915,https://www.goodreads.com/search?q=Claire+Messud+The+Woman+Upstairs,1
"2013_Meyer,Tijan_CarterReed_ROM.txt",FIC,English,ROM,,2013,Meyer,Tijan,Tijan,Meyer,CarterReed,,,,,F,US,119754,24,0.2628262826,10.4215473,3.837596349,2.707027976,9644,-2.3164,0.25861,-2.575,-3.0978,4.01,35269,https://www.goodreads.com/search?q=+Carter+Reed,1
"2013_MiscavigeHill,Jenna_BeyondBelief_ME.txt",NON,English,MEM,,2013,MiscavigeHill,Jenna,Jenna,MiscavigeHill,BeyondBelief,,,,,F,,152161,75,0.1355633803,21.13053743,4.176511971,4.068907573,4302,-2.3303,0.17253,-2.5028,-3.0704,3.74,37023,https://www.goodreads.com/search?q=+Beyond+Belief,1
"2013_Mitter,Rana_ForgottenAlly_NF.txt",NON,English,MIX,,2013,Mitter,Rana,Rana,Mitter,ForgottenAlly,,,,,F,,171813,109,0.2267243342,26.76631874,4.79255284,5.158379729,3542,-2.3431,0.16576,-2.5088,-3.0749,4.12,1653,https://www.goodreads.com/search?q=Rana+Mitter+Forgotten+Ally,0
"2013_Monk,Devon_ColdCopper_SF.txt",FIC,English,SF,,2013,Monk,Devon,Devon,Monk,ColdCopper,,,,,M,US,143451,37,0.1990960452,12.92002162,4.041581249,3.114928413,8559,-2.2682,0.26129,-2.5295,-3.057,4.02,658,https://www.goodreads.com/search?q=Devon+Monk+Cold+Copper,0
"2013_Moore,Addison_BeautifulOblivion_ROM.txt",FIC,English,ROM,,2013,Moore,Addison,Addison,Moore,BeautifulOblivion,,,,,F,US,101731,20,0.2219321149,13.945305,3.846469536,3.141650054,5446,-2.5043,0.18549,-2.6898,-3.1423,3.81,4667,https://www.goodreads.com/search?q=Addison+Moore+Beautiful+Oblivion,1
"2013_Moore,Lisa_Caught_PW.txt",FIC,English,PW,NYT,2013,Moore,Lisa,Lisa,Moore,Caught,,HouseofAnansiPress,ScotiabankGillerPrize,Shortlist,F,Canada,101697,37,0.388951522,12.65202787,4.068836129,3.236104272,8049,-2.2085,0.26614,-2.4746,-2.9592,3.44,2017,https://www.goodreads.com/search?q=Lisa+Moore+Caught,0.91
"2013_Moreno,Rita_RitaMoreno_NF.txt",NON,English,MIX,,2013,Moreno,Rita,Rita,Moreno,RitaMoreno,,,,,F,,95376,67,0.1629213483,18.52680653,4.236322693,3.969981012,3029,-2.2346,0.12851,-2.3631,-2.8221,4.06,30867,https://www.goodreads.com/search?q=Rita+Moreno+Rita+Moreno,1
"2013_Moriarty,Liane_TheHusbandsSecret_BS.txt",FIC,English,BS,,2013,Liane,Moriarty,Moriarty,Liane,TheHusbandsSecret,,,,,F,Australia,136195,51,0.142118863,12.92908677,4.204474469,3.288461317,6310,-2.3579,0.17108,-2.529,-3.0423,3.95,601831,https://www.goodreads.com/search?q=Moriarty+Liane+The+Husbands+Secret,0
"2013_Moss,Michael_SaltSugarFat_NF.txt",NON,English,MIX,,2013,Moss,Michael,Michael,Moss,SaltSugarFat,,,,,M,,155165,72,0.1276243094,25.46192977,4.620608691,4.834414149,1914,-2.2612,0.11598,-2.3772,-2.9069,3.99,29346,https://www.goodreads.com/search?q=Michael+Moss+Salt+Sugar+Fat,0
"2013_Moyes,Jojo_MeBeforeYou_CT.txt",FIC,English,NYT,,2013,Moyes,Jojo,Jojo,Moyes,MeBeforeYou,,,,,F,UK,154119,33,0.331638639,13.99809264,4.008895426,3.229962526,7823,-2.3686,0.21546,-2.5841,-3.1262,4.26,1386892,https://www.goodreads.com/search?q=Jojo+Moyes+Me+Before+You,1
"2013_Mull,Brandon_ChasingtheProphecy_MG.txt",FIC,English,MID,,2013,Mull,Brandon,Brandon,Mull,ChasingTheProphecy,,,,,M,,173695,54,0.1538461538,11.65660023,4.454962696,3.385067971,9558,-2.0259,0.30203,-2.3279,-2.9509,4.37,19752,https://www.goodreads.com/search?q=Brandon+Mull+Chasing+The+Prophecy,0
"2013_Mummert,Teresa_TheNote_ROM.txt",FIC,English,ROM,,2013,Mummert,Teresa,Teresa,Mummert,TheNote,,,,,F,US,82728,18,0.3653136531,12.48159324,3.824968587,2.960032772,6586,-2.3194,0.25369,-2.5731,-3.035,4.07,7583,https://www.goodreads.com/search?q=Teresa+Mummert+The+Note,1
"2013_Munro,Alice_DearLife_BS.txt",FIC,English,BS,,2013,Alice,Munro,Munro,Alice,DearLife,,,,,F,Canada,106161,39,0.1011470282,16.00015072,4.029274474,3.576897561,3660,-2.3795,0.15132,-2.5308,-3.0298,3.75,33700,https://www.goodreads.com/search?q=Munro+Alice+Dear+Life,1
"2013_Nawaz,Maajid_Radical_ME.txt",NON,English,MEM,,2013,Nawaz,Maajid,Maajid,Nawaz,Radical,,,,,F,,113447,93,0.0429610046,19.17954353,4.380971784,4.182731229,3506,-2.213,0.16544,-2.3785,-2.8861,4.04,2732,https://www.goodreads.com/search?q=Maajid+Nawaz+Radical,1
"2013_Nielsen,Jennifer_TheRunawayKing_MG.txt",FIC,English,MID,,2013,Nielsen,Jennifer,Jennifer,Nielsen,TheRunawayKing,,,,,F,,96877,28,0.1188969259,13.26173854,3.964627773,3.156682389,5840,-2.4411,0.18107,-2.6221,-3.0625,4.24,40532,https://www.goodreads.com/search?q=Jennifer+Nielsen+The+Runaway+King,1
"2013_Norman,Howard_IHatetoLeaveThisBeautifulPlace_NF.txt",NON,English,MIX,,2013,Norman,Howard,Howard,Norman,IhateToLeaveThisBeautifulPlace,,,,,M,,78212,49,0.1026282854,18.43752947,4.291265088,3.944740525,2806,-2.2654,0.1551,-2.4205,-2.8636,3.68,928,https://www.goodreads.com/search?q=+Ihate+To+Leave+This+Beautiful+Place,1
"2013_Northup,Solomon_TwelveYearsaSlave_ME.txt",NON,English,MEM,,2013,Northup,Solomon,Solomon,Northup,TwelveYearsaSlave,,,,,M,,90282,61,0.0532889259,24.13957219,4.370145365,4.523563856,3760,-2.2601,0.16688,-2.4269,-2.9019,4.19,108392,https://www.goodreads.com/search?q=+Twelve+Yearsa+Slave,1
"2013_O'Connell,Carol_ItHappensintheDark_MY.txt",FIC,English,MY,,2013,O'Connell,Carol,Carol,O'Connell,ItHappensintheDark,,,,,F,US,139956,53,0.1496746204,13.36861209,4.196108808,3.34769036,7305,-2.4088,0.14918,-2.558,-3.0546,3.72,1877,https://www.goodreads.com/search?q=+It+Happensinthe+Dark,0
"2013_OBrien,Edna_CountryGirlAMemoir_NF.txt",NON,English,MIX,,2013,Obrien,Edna,Edna,Obrien,CountryGirlAMemoir,,,,,F,,126273,55,0.118226601,27.97983603,4.25928117,4.590780559,5589,-2.4309,0.14248,-2.5734,-3.0639,3.47,1965,https://www.goodreads.com/search?q=Edna+Obrien+Country+Girl+A+Memoir,1
"2013_Ozeki,Ruth_TaleforTimeBeing_PW.txt",FIC,English,PW,,2013,Ozeki,Ruth,Ruth,Ozeki,TaleforTimeBeing,,Canongate,TheManBookerPrize,Shortlist,F,US,171985,56,0.1863354037,16.94934463,4.10274164,3.672317194,7556,-2.0889,0.29716,-2.386,-2.9811,4.03,100142,https://www.goodreads.com/search?q=+Talefor+Time+Being,1
"2013_Park,LindaSue_TrustNoOne_MG.txt",FIC,English,MID,,2013,Park,LindaSue,LindaSue,Park,TrustNoOne,,,,,F,,52418,32,0.2110694184,12.11416686,4.139447903,3.081298386,3394,-2.2595,0.14592,-2.4054,-2.807,4.19,22300,https://www.goodreads.com/search?q=+Trust+No+One,0
"2013_Patterson,James_12thofNever_BS.txt",FIC,English,BS,,2013,James,Patterson,Patterson,James,12thofNever,,,,,M,US,88031,67,0.1403508772,13.80661857,4.094791002,3.267395926,5367,-2.2383,0.20037,-2.4387,-2.8927,4.05,40270,https://www.goodreads.com/search?q=+12thof+Never,1
"2013_Patterson,James_AlexCrossRun_BS.txt",FIC,English,BS,,2013,James,Patterson,Patterson,James,AlexCrossRun,,,,,M,US,98847,65,0.1427285007,13.86937,4.038614738,3.202815944,4713,-2.3045,0.30963,-2.6142,-3.0875,4.02,61724,https://www.goodreads.com/search?q=Patterson+James+Alex+Cross+Run,1
"2013_Patterson,James_Mistress_BS.txt",FIC,English,BS,,2013,James,Patterson,Patterson,James,Mistress,,,,,M,US,110038,54,0.1678512849,13.83081951,4.05336744,3.266823932,4745,-2.2333,0.19067,-2.424,-2.9112,3.58,17887,https://www.goodreads.com/search?q=Patterson+James+Mistress,1
"2013_Patterson,James_PrivateBerlin_BS.txt",FIC,English,BS,,2013,James,Patterson,Patterson,James,PrivateBerlin,,,,,M,US,94307,62,0.2279453614,13.20086786,4.277332153,3.306644959,6957,-2.2513,0.2183,-2.4696,-2.8998,3.95,16745,https://www.goodreads.com/search?q=Patterson+James+Private+Berlin,1
"2013_Patterson,James_SecondHoneymoon_BS.txt",FIC,English,BS,,2013,James,Patterson,Patterson,James,SecondHoneymoon,,,,,M,US,93977,65,0.224933687,12.41439894,4.098933969,3.106258551,4891,-2.2793,0.22147,-2.5007,-2.9367,3.95,20163,https://www.goodreads.com/search?q=Patterson+James+Second+Honeymoon,1
"2013_Peace,David_RedorDead_CT.txt",FIC,English,NYT,,2013,Peace,David,David,Peace,RedorDead,,,,,M,UK,362880,203,0.4653927813,9.520161608,4.276451718,2.723056883,17206,-1.7927,0.36303,-2.1557,-3.0182,3.75,4,https://www.goodreads.com/search?q=+Redor+Dead,1
"2013_Pessl,Marisha_NightFilm_CT.txt",FIC,English,NYT,MY,2013,Pessl,Marisha,Marisha,Pessl,NightFilm,,,,,F,US,239856,83,0.1804026846,14.66919454,4.25206018,3.524105408,14437,-2.284,0.21055,-2.4945,-3.1419,3.78,86084,https://www.goodreads.com/search?q=Marisha+Pessl+Night+Film,1
"2013_Phillips,JayneAnne_QuietDell_CT.txt",FIC,English,NYT,MY,2013,Phillips,JayneAnne,JayneAnne,Phillips,QuietDell,,,,,F,US,171331,74,0.1542846635,14.39151617,4.272757083,3.460061786,8518,-2.2071,0.19957,-2.4066,-2.989,3.7,7275,https://www.goodreads.com/search?q=+Quiet+Dell,0
"2013_Piatigorsky,Anton_TheIronBridge_CT.txt",FIC,English,NYT,,2013,Piatigorsky,Anton,Anton,Piatigorsky,TheIronBridge,,,,,M,Canada,82000,55,0.0926334363,16.87590039,4.355693684,3.803272422,4711,-2.3129,0.09413,-2.407,-2.8241,3.38,52,https://www.goodreads.com/search?q=Anton+Piatigorsky+The+Iron+Bridge,0
"2013_Picoult,Jodi_TheStoryteller_BS.txt",FIC,English,BS,,2013,Jodi,Picoult,Picoult,Jodi,TheStoryteller,,,,,F,US,193974,75,0.1222972973,15.09407828,4.01193282,3.387313409,9711,-2.3424,0.2298,-2.5722,-3.1753,4.27,191461,https://www.goodreads.com/search?q=Picoult+Jodi+The+Storyteller,1
"2013_Pierpont,Claudia_RothUnbound_NF.txt",NON,English,MIX,,2013,Pierpont,Claudia,Claudia,Pierpont,RothUnbound,,,,,F,,159094,136,0.1780695692,27.27014056,4.519484769,4.854127024,2827,-2.35,0.1937,-2.5438,-3.0576,4.11,419,https://www.goodreads.com/search?q=Claudia+Pierpont+Roth+Unbound,0
"2013_Pistorius,Martin_GhostBoy_ME.txt",NON,English,MEM,,2013,Pistorius,Martin,Martin,Pistorius,GhostBoy,,,,,M,,82318,24,0.3504928806,19.27370639,3.94990279,3.769765916,3403,-2.2482,0.21465,-2.4628,-2.9403,4.02,22576,https://www.goodreads.com/search?q=Martin+Pistorius+Ghost+Boy,1
"2013_Pollack,Kenneth_Unthinkable_NF.txt",NON,English,MIX,,2013,Pollack,Kenneth,Kenneth,Pollack,Unthinkable,,,,,M,,166241,56,0.1560509554,30.50293578,4.8723329,5.511759463,392,-2.2257,0.13261,-2.3583,-2.9626,3.8,98,https://www.goodreads.com/search?q=Kenneth+Pollack+Unthinkable,0
"2013_Priest,Christopher_TheAdjacent_SF.txt",FIC,English,SF,,2013,Priest,Christopher,Christopher,Priest,TheAdjacent,,,,,M,UK,174543,39,0.2204270052,17.69315763,4.319385565,3.99722764,9107,-2.1898,0.21359,-2.4034,-3.0378,3.46,1343,https://www.goodreads.com/search?q=Christopher+Priest+The+Adjacent,1
"2013_Pynchon,Thomas_BleedingEdge_PW.txt",FIC,English,PW,,2013,Pynchon,Thomas,Thomas,Pynchon,BleedingEdge,,ThePenguinPress,TheNationalBookAwards,Shortlist,M,US,185091,76,0.251497006,17.8918318,4.377226124,3.927434944,3836,-2.3609,0.23599,-2.5969,-3.1221,3.58,11733,https://www.goodreads.com/search?q=Thomas+Pynchon+Bleeding+Edge,0
"2013_Quick,Amanda_TheMysteryWoman_MY.txt",FIC,English,MY,,2013,Quick,Amanda,Amanda,Quick,TheMysteryWoman,,,,,F,US,102079,39,0.217057101,13.026927,4.319080303,3.495949858,5723,-2.2458,0.26094,-2.5067,-2.9928,3.91,6271,https://www.goodreads.com/search?q=Amanda+Quick+The+Mystery+Woman,0
"2013_RaeMiller,Kimberly_ComingClean_ME.txt",NON,English,MEM,,2013,RaeMiller,Kimberly,Kimberly,RaeMiller,ComingClean,,,,,F,,76898,24,0.1862348178,19.90113872,4.078983854,3.889183644,2312,-2.2972,0.20409,-2.5013,-2.928,3.96,33764,https://www.goodreads.com/search?q=+Coming+Clean,1
"2013_Raimondo,Lynne_DantesWood_MY.txt",FIC,English,MY,,2013,Raimondo,Lynne,Lynne,Raimondo,DantesWood,,,,,F,US,128424,47,0.1471275105,14.76307622,4.122177251,3.467992269,5255,-2.3064,0.2182,-2.5246,-3.0291,3.78,376,https://www.goodreads.com/search?q=Lynne+Raimondo+Dantes+Wood,1
"2013_Rankin,Ian_SaintsoftheShadowBible_MY.txt",FIC,English,MY,,2013,Rankin,Ian,Ian,Rankin,SaintsoftheShadowBible,,,,,M,Scotland,130543,58,0.3088836309,12.32700661,4.140191703,3.102558419,6926,-2.4413,0.23374,-2.6751,-3.1354,4.14,11793,https://www.goodreads.com/search?q=+Saintsofthe+Shadow+Bible,0
"2013_Rapp,Emily_TheStillPointoftheTurningWorld_NF.txt",NON,English,MIX,,2013,Rapp,Emily,Emily,Rapp,TheStillPointoftheTurningWorld,,,,,F,,77251,18,0.5814266487,21.79768623,4.286681035,4.266802797,2043,-2.332,0.12433,-2.4564,-2.8753,3.73,2138,https://www.goodreads.com/search?q=+The+Still+Pointofthe+Turning+World,1
"2013_Ravitch,Diane_ReignofError_NF.txt",NON,English,MIX,,2013,Ravitch,Diane,Diane,Ravitch,ReignofError,,,,,F,,138081,36,0.1416837782,24.78122757,5.016074346,5.229117843,350,-2.1044,0.14827,-2.2527,-2.7919,4.12,2241,https://www.goodreads.com/search?q=+Reignof+Error,0
"2013_Reichs,Kathy_BonesoftheLost_MY.txt",FIC,English,MY,,2013,Reichs,Kathy,Kathy,Reichs,BonesoftheLost,,,,,F,US,108632,65,0.1078803203,9.852348993,4.36528192,2.94659623,6488,-2.1859,0.18012,-2.366,-2.8636,3.9,15693,https://www.goodreads.com/search?q=+Bonesofthe+Lost,1
"2013_Reynard,Sylvain_GabrielsRedemption_ROM.txt",FIC,English,ROM,,2013,Reynard,Sylvain,Sylvain,Reynard,GabrielsRedemption,,,,,F,US,174015,73,0.2245762712,11.42805543,4.200807737,3.109603414,10111,-2.2353,0.28378,-2.519,-3.0988,4.21,39318,https://www.goodreads.com/search?q=Sylvain+Reynard+Gabriels+Redemption,0
"2013_Reynolds,Alastair_OntheSteelBreeze_SF.txt",FIC,English,SF,,2013,Reynolds,Alastair,Alastair,Reynolds,OntheSteelBreeze,,,,,M,UK,230211,54,0.2322567373,14.92066887,4.3977547,3.75809848,7663,-2.2352,0.28886,-2.5241,-3.1496,4.04,6268,https://www.goodreads.com/search?q=+Onthe+Steel+Breeze,1
"2013_Reza,Yasmina_HappyaretheHappy_CT.txt",FIC,English,NYT,,2013,Reza,Yasmina,Yasmina,Reza,HappyaretheHappy,,,,,F,France,55746,39,0.1187122736,13.9365,4.0730119,3.369102869,2830,-2.3595,0.097425,-2.4569,-2.8484,3.47,3146,https://www.goodreads.com/search?q=+Happyarethe+Happy,1
"2013_Ricca,Brad_SuperBoys_NF.txt",NON,English,MIX,,2013,Ricca,Brad,Brad,Ricca,SuperBoys,,,,,M,,143877,156,0.2137203166,22.1043171,4.464151822,4.426662804,3211,-2.2902,0.15906,-2.4493,-2.9667,3.79,290,https://www.goodreads.com/search?q=Brad+Ricca+Super+Boys,0
"2013_Riddle,AG_TheAtlantisGene_SF.txt",FIC,English,SF,,2013,Riddle,AG,AG,Riddle,TheAtlantisGene,,,,,M,US,168110,63,0.209631728,12.93950123,4.197735386,3.321023576,9190,-2.1396,0.25218,-2.3917,-2.9513,3.76,73929,https://www.goodreads.com/search?q=AG+Riddle+The+Atlantis+Gene,0.99
"2013_Riley,Naomi_TilFaithDoUsPart_NF.txt",NON,English,MIX,,2013,Riley,Naomi,Naomi,Riley,TilFaithDoUsPart,,,,,F,,102817,72,0.082854799,22.89910913,4.675767354,4.826085724,947,-2.226,0.15043,-2.3765,-2.8791,3.37,84,https://www.goodreads.com/search?q=Naomi+Riley+Til+Faith+Do+Us+Part,0
"2013_Riordan,Rick_TheHouseofHades_MG.txt",FIC,English,MID,,2013,Riordan,Angie,Angie,Riordan,TheHouseOfHades,,,,,F,,167564,89,0.110650274,11.79363739,4.275463238,3.15682102,9906,-2.2854,0.15771,-2.4431,-2.9938,4.54,333120,https://www.goodreads.com/search?q=+The+House+Of+Hades,0
"2013_Ripley,Amanda_TheSmartestKidsintheWorld_NF.txt",NON,English,MIX,,2013,Ripley,Amanda,Amanda,Ripley,TheSmartestKidsintheWorld,,,,,F,,85866,24,0.3134130146,18.95915213,4.677566571,4.350117646,1272,-2.1694,0.13924,-2.3086,-2.7909,4.07,13297,https://www.goodreads.com/search?q=+The+Smartest+Kidsinthe+World,0
"2013_Roberts,Nora_DarkWitch_BS.txt",FIC,English,BS,,2013,Nora,Roberts,Roberts,Nora,DarkWitch,,,,,F,US,139680,31,0.1944350187,11.95992808,3.886525665,2.811200099,7264,-2.226,0.2739,-2.4999,-3.0489,3.95,59453,https://www.goodreads.com/search?q=Roberts+Nora+Dark+Witch,0
"2013_Roberts,Nora_TheLast_Boyfriend_BS.txt",FIC,English,BS,,2013,Nora,Roberts,Roberts,Nora,LastBoyfriend,,,,,F,US,126859,37,0.1775062882,11.12895868,3.949629342,2.774563237,6660,-2.2971,0.20507,-2.5022,-3.0154,4.08,46095,https://www.goodreads.com/search?q=Roberts+Nora+Last+Boyfriend,0
"2013_Roberts,Nora_WhiskeyBeach_BS.txt",FIC,English,BS,,2013,Nora,Roberts,Roberts,Nora,WhiskeyBeach,,,,,F,US,183674,46,0.2444839858,12.26128171,3.979670465,2.991160747,8422,-2.2134,0.2986,-2.512,-3.0996,4.04,38219,https://www.goodreads.com/search?q=Roberts+Nora+Whiskey+Beach,0
"2013_Robinson,KimStanley_Shaman_SF.txt",FIC,English,SF,,2013,Robinson,KimStanley,KimStanley,Robinson,Shaman,,,,,F,US,181310,32,0.3307109557,19.31295271,4.092201457,3.818842505,8737,-2.2635,0.21403,-2.4775,-3.0907,3.48,21765,https://www.goodreads.com/search?q=+Shaman,0
"2013_Rosenblatt,Roger_TheBoyDetective_CT.txt",FIC,English,NYT,,2013,Rosenblatt,Roger,Roger,Rosenblatt,TheBoyDetective,,,,,M,US,79318,38,0.0906515581,17.46323206,4.234802387,3.831918262,1562,-2.2485,0.23214,-2.4806,-2.8885,3.32,322,https://www.goodreads.com/search?q=Roger+Rosenblatt+The+Boy+Detective,1
"2013_Rowell,Rainbow_Fangirl_YA.txt",FIC,English,YA,,2013,Rowell,Rainbow,Rainbow,Rowell,Fangirl,,,,,F,,146847,31,0.3575148141,11.30810103,4.018862112,2.81749708,8120,-2.2915,0.23342,-2.5249,-3.0564,3.99,680730,https://www.goodreads.com/search?q=Rainbow+Rowell+Fangirl,0
"2013_Russell,RachelRenee_TalesfromaNotSoHappyHeartbreaker_MG.txt",FIC,English,MID,,2013,Russell,RachelRenee,RachelRenee,Russell,TalesFromANotSoHappyHeartbreaker,,,,,F,,36511,18,0.2025440313,11.0605877,4.123763901,2.748300516,1762,-2.3208,0.10781,-2.4286,-2.8223,4.36,23253,https://www.goodreads.com/search?q=+Tales+From+A+Not+So+Happy+Heartbreaker,1
"2013_Sage,Angie_Fyre_MG.txt",FIC,English,MID,,2013,Sage,Angie,Angie,Sage,Fyre,,,,,F,,157254,91,0.1402647019,13.58448514,4.294834228,3.432123711,10578,-2.1901,0.22474,-2.4149,-2.9507,4.3,14786,https://www.goodreads.com/search?q=Angie+Sage+Fyre,0
"2013_Sandberg,Sheryl_LeanIn_NF.txt",NON,English,MIX,,2013,Sanberg,Sheryl,Sheryl,Sanberg,LeanIn,,,,,F,,66295,24,0.1791044776,20.40473992,4.497404177,4.467118677,1126,-2.2365,0.1821,-2.4186,-2.8538,4.11,278706,https://www.goodreads.com/search?q=+Lean+In,1
"2013_Saunders,George_TenthofD_PW_BS.txt",FIC,English,PW,,2013,Saunders,George,George,Saunders,TenthofD,,RandomHouse,TheNationalBookAwards,Shortlist,M,US,77128,62,0.0543224299,12.59027098,4.117513183,3.155601612,2761,-2.2234,0.1025,-2.3259,-2.7529,3.97,67243,https://www.goodreads.com/search?q=+Tenthof+D,1
"2013_Saunders,George_TenthOfDecember_BS.txt",FIC,English,BS,,2013,George,Saunders,Saunders,George,TenthOfDecember,,,,,F,US,71034,59,0.0548996458,12.19886656,4.113711675,3.099557991,2717,-2.2296,0.095676,-2.3253,-2.7516,3.97,67243,https://www.goodreads.com/search?q=Saunders+George+Tenth+Of+December,1
"2013_Schlosser,Eric_CommandandControl_HIST.txt",NON,English,HIST,,2013,Schlosser,Eric,Eric,Schlosser,CommandandControl,,,,,M,US,288395,207,0.0521295475,21.75088619,4.763573846,4.587507887,5688,-2.1729,0.18229,-2.3552,-3.0894,4.24,11887,https://www.goodreads.com/search?q=+Commandand+Control,0
"2013_Schneider,Robyn_TheBeginningofEverything_YA.txt",FIC,English,YA,,2013,Schneider,Robyn,Robyn,Schneider,TheBeginningofEverything,,,,,F,,92142,32,0.3116057234,15.6650799,4.173204171,3.514963655,5417,-2.3591,0.19836,-2.5575,-2.988,3.74,56060,https://www.goodreads.com/search?q=+The+Beginningof+Everything,1
"2013_Schwab,VE_Vicious_SF.txt",FIC,English,SF,,2013,Schwab,VE,VE,Schwab,Vicious,,,,,F,US,114373,24,0.2915907316,15.0748649,4.149951846,3.422569391,7762,-2.4062,0.13832,-2.5446,-3.0169,4.23,159203,https://www.goodreads.com/search?q=VE+Schwab+Vicious,0
"2013_Scott,JasperT_DarkSpace_SF.txt",FIC,English,SF,,2013,Scott,JasperT,JasperT,Scott,DarkSpace,,,,,M,Canada,63264,27,0.4934756821,15.5325313,4.296533753,3.670414882,4138,-2.2607,0.19322,-2.454,-2.8651,4.04,4464,https://www.goodreads.com/search?q=+Dark+Space,0
2013_SellarsBev_TheyCalledMeNumberOne.txt,NON,English,MIX,,2013,Sellars,Bev,Bev,Sellars,TheyCalledMeNumberOne,,,,,F,,76391,56,0.2259109312,19.36891481,4.134049434,3.968752649,2122,-2.2309,0.13169,-2.3626,-2.7841,4.18,1995,https://www.goodreads.com/search?q=Bev+Sellars+They+Called+Me+Number+One,1
"2013_Selvadurai,Shyam_HungryGhosts_PW.txt",FIC,English,PW,,2013,Selvadurai,Shyam,Shyam,Selvadurai,HungryGhosts,,Doubleday,GovernorGeneralLiteraryAwardforfiction,Shortlist,M,SriLanka/Canada,171009,55,0.1415662651,17.27887239,4.214242037,3.801012747,10614,-2.2705,0.23752,-2.508,-3.1224,3.83,904,https://www.goodreads.com/search?q=Shyam+Selvadurai+Hungry+Ghosts,1
"2013_Selvadurai,Shyam_TheHungryGhosts_CT.txt",FIC,English,NYT,,2013,Selvadurai,Shyam,Shyam,Selvadurai,TheHungryGhosts,,,,,M,SriLanka/Canada,171008,55,0.1415662651,17.27877134,4.214264372,3.801029293,10614,-2.2705,0.23752,-2.508,-3.1224,3.83,904,https://www.goodreads.com/search?q=Shyam+Selvadurai+The+Hungry+Ghosts,1
"2013_Sex,Nikki_WhatWendyWants_ROM.txt",FIC,English,ROM,,2013,Sex,Nikki,Nikki,Sex,WhatWendyWants,,,,,F,US,43444,9,0.889010989,12.98386133,4.281914157,3.38512059,3011,-2.2634,0.20676,-2.4702,-2.8465,3.7,2810,https://www.goodreads.com/search?q=Nikki+Sex+What+Wendy+Wants,0
"2013_Shavit,Ari_MyPromisedLand_HIST.txt",NON,English,HIST,,2013,Shavit,Ari,Ari,Shavit,MyPromisedLand,,,,,M,Israel,183178,110,0.050589391,17.52228812,4.590895807,4.260425573,3118,-2.1412,0.14358,-2.2848,-2.9006,4.22,8056,https://www.goodreads.com/search?q=Ari+Shavit+My+Promised+Land,1
"2013_Shurtliff,Liesl_RumpThe(Fairly)TrueTaleofRumpelstiltskin_MG.txt",FIC,English,MID,,2013,Shurtliff,Liesel,Liesel,Shurtliff,Rump,,,,,F,,75538,29,0.1708029197,12.2985998,3.944965322,2.957533662,4968,-2.2929,0.16464,-2.4576,-2.8806,4.42,26910,https://www.goodreads.com/search?q=+Rump,1
"2013_Silva,Daniel_EnglishGirl_BS.txt",FIC,English,BS,,2013,Daniel,Silva,Silva,Daniel,EnglishGirl,,,,,M,US,144754,54,0.3051282051,15.21804037,4.379885024,3.728141856,7157,-2.2123,0.30203,-2.5143,-3.04,4.15,30015,https://www.goodreads.com/search?q=Silva+Daniel+English+Girl,0
"2013_Simsion,Graeme_TheRosieProject_ROM.txt",FIC,English,ROM,,2013,Simsion,Graeme,Graeme,Simsion,TheRosieProject,,,,,M,Australia,91378,45,0.3920080931,13.17255298,4.389059075,3.594527859,4268,-2.4116,0.11852,-2.5302,-2.9686,4.02,507099,https://www.goodreads.com/search?q=Graeme+Simsion+The+Rosie+Project,1
2013_SinceroJen_YouAreABadass.txt,NON,English,MIX,,2013,Sincero,Jen,Jen,Sincero,YouAreABadass,,,,,F,,71742,9,0.1515151515,23.12020625,4.164827218,4.238451568,565,-2.2404,0.1967,-2.4371,-2.8689,3.95,192962,https://www.goodreads.com/search?q=Jen+Sincero+You+Are+A+Badass,1
"2013_Smart,Elizabeth_MyStory_ME.txt",NON,English,MEM,,2013,Smart,Elizabeth,Elizabeth,Smart,MyStory,,,,,F,,106293,16,0.5114443567,12.49330042,4.004838955,3.193835669,5276,-2.3048,0.15851,-2.4633,-2.9732,3.85,38419,https://www.goodreads.com/search?q=Elizabeth+Smart+My+Story,1
"2013_Smith,AlexanderMccall_TheMinorAdjustmentBeauty_MY.txt",FIC,English,MY,,2013,Smith,AlexanderMccall,AlexanderMccall,Smith,TheMinorAdjustmentBeauty,,,,,M,Zimbabwe/UK,91406,31,0.4257994969,15.43238224,4.180683625,3.634150547,3908,-2.212,0.28897,-2.501,-2.9674,4.12,13745,https://www.goodreads.com/search?q=+The+Minor+Adjustment+Beauty,0
"2013_Sokolove,Michael_DramaHighTheIncredibleTrueStoryofa_NF.txt",NON,English,MIX,,2013,Sokolove,Michael,Michael,Sokolove,DramaHigh,,,,,M,,115276,58,0.2849642005,18.55101384,4.283922521,3.97660276,2143,-2.316,0.17754,-2.4935,-3.007,4.04,1436,https://www.goodreads.com/search?q=Michael+Sokolove+Drama+High,0
"2013_Sotomayor,Sonia_MyBelovedWorld_ME.txt",NON,English,MEM,,2013,Sotomayor,Sonia,Sonia,Sotomayor,MyBelovedWorld,,,,,F,,131867,74,0.0963476071,21.20730138,4.359396646,4.358810161,2962,-2.3215,0.16558,-2.4871,-2.9847,4.06,30867,https://www.goodreads.com/search?q=Sonia+Sotomayor+My+Beloved+World,1
"2013_Sparks,Nicholas_TheLongestRide_BS.txt",FIC,English,BS,,2013,Nicholas,Sparks,Sparks,Nicholas,TheLongestRide,,,,,M,US,156934,30,0.4419811321,15.09416178,4.059569299,3.412727004,8042,-2.1672,0.33007,-2.4973,-3.08,4.15,123942,https://www.goodreads.com/search?q=Sparks+Nicholas+The+Longest+Ride,1
"2013_SpencerFleming,Julia_ThroughtheEvilDays_MY.txt",FIC,English,MY,,2013,SpencerFleming,Julia,Julia,SpencerFleming,ThroughtheEvilDays,,,,,F,US,157672,76,0.1275773196,12.02776718,4.122594257,3.101957272,8972,-2.3454,0.20242,-2.5478,-3.0734,4.06,5271,https://www.goodreads.com/search?q=+Throughthe+Evil+Days,0
"2013_Stossel,Scott_MyAgeofAnxiety_ME.txt",NON,English,MEM,,2013,Stossel,Scott,Scott,Stossel,MyAgeofAnxiety,,,,,M,,150112,79,0.0912576687,28.04783259,4.875800464,5.347373606,1990,-2.0609,0.22215,-2.283,-2.8313,3.84,6592,https://www.goodreads.com/search?q=+My+Ageof+Anxiety,1
"2013_Stross,Charles_NeptunesBrood_SF.txt",FIC,English,SF,,2013,Stross,Charles,Charles,Stross,NeptunesBrood,,,,,M,UK,132204,26,0.1470054446,18.6097973,4.54851919,4.306793109,4549,-2.1686,0.24846,-2.417,-2.9449,3.84,5535,https://www.goodreads.com/search?q=Charles+Stross+Neptunes+Brood,1
"2013_Stroud,Jonathan_TheScreamingStaircase_MG.txt",FIC,English,MID,,2013,Stroud,Jonathan,Jonathan,Stroud,TheScreamingStaircase,,,,,M,,118626,30,0.3798294029,13.04872951,4.197734682,3.244000425,6728,-2.2881,0.24932,-2.5374,-3.0242,4.21,38898,https://www.goodreads.com/search?q=Jonathan+Stroud+The+Screaming+Staircase,1
"2013_Swank,DeniseGrover_TwentyEightandAHalfWishes_MY.txt",FIC,English,MY,,2013,Swank,DeniseGrover,DeniseGrover,Swank,TwentyEightandAHalfWishes,,,,,F,US,115819,30,0.2451882845,12.17225434,3.884583454,2.981717848,8168,-2.291,0.22438,-2.5153,-3.0142,3.92,30674,https://www.goodreads.com/search?q=+Twenty+Eightand+A+Half+Wishes,1
"2013_Szado,Ania_StudioSaintEx_CT.txt",FIC,English,NYT,,2013,Szado,Ania,Ania,Szado,StudioSaintEx,,,,,F,Canada,119793,31,0.2384582804,13.59276069,4.175318069,3.386009382,5186,-2.2342,0.24166,-2.4759,-3.0076,3.33,485,https://www.goodreads.com/search?q=Ania+Szado+Studio+Saint+Ex,1
"2013_Tartt,Donna_The_Goldfinch_BS.txt",FIC,English,BS,,2013,Donna,Tartt,Tartt,Donna,TheGoldfinch,,,,,F,US,372966,101,0.1772529236,18.02116351,4.133675611,3.670759589,16942,-2.2998,0.24493,-2.5447,-3.3467,3.92,814299,https://www.goodreads.com/search?q=Tartt+Donna+The+Goldfinch,1
2013_TerryPratchett_StephenBaxter_TheLongEarth_SF.txt,FIC,English,SF,,2013,Pratchett,Terry,Terry,Pratchett,TheLongEarth,,,,,M,UK,125628,47,0.3829600351,15.27949404,4.2978317,3.669626799,4171,-2.2674,0.20533,-2.4727,-2.9604,3.77,54996,https://www.goodreads.com/search?q=Terry+Pratchett+The+Long+Earth,0
"2013_Thompson,Ahmir_MoMetaBlues_ME.txt",NON,English,MEM,,2013,Thompson,Ahmir,Ahmir,Thompson,MoMetaBlues,,,,,M,,106355,72,0.0871478873,19.41138894,4.118822085,3.880603745,2677,-2.4545,0.16736,-2.6219,-3.0511,4.11,6586,https://www.goodreads.com/search?q=Ahmir+Thompson+Mo+Meta+Blues,1
"2013_Toibin,Colm_TheTestamentofMary_PW.txt",FIC,English,PW,,2013,Toibin,Colm,Colm,Toibin,TheTestamentofMary,,Picador,TheManBookerPrize,Shortlist,M,Ireland/US,30322,7,0.2179487179,24.51253032,3.954621103,4.136802504,1344,-2.3913,0.13185,-2.5231,-2.9022,3.63,15468,https://www.goodreads.com/search?q=+The+Testamentof+Mary,1
"2013_Toomey,David_WeirdLife_NF.txt",NON,English,MIX,,2013,Toomey,David,David,Toomey,WeirdLife,,,,,M,,78159,46,0.074,27.58877515,4.895470996,5.444194601,398,-2.2229,0.085624,-2.3085,-2.7211,3.7,472,https://www.goodreads.com/search?q=David+Toomey+Weird+Life,0
"2013_Toperoff,Sam_LillianandDash_CT.txt",FIC,English,NYT,,2013,Toperoff,Sam,Sam,Toperoff,LillianandDash,,,,,M,US,107842,90,0.224111867,14.82364261,4.283008891,3.613329519,3494,-2.2476,0.21027,-2.4579,-2.9205,3.42,172,https://www.goodreads.com/search?q=+Lillianand+Dash,1
"2013_Tyson,Mike_UndisputedTruth_ME.txt",NON,English,MEM,,2013,Tyson,Mike,Mike,Tyson,UndisputedTruth,,,,,M,,275868,178,0.1119449656,15.09289857,3.914741875,3.353308989,11264,-2.3377,0.19202,-2.5298,-3.2434,4.16,8000,https://www.goodreads.com/search?q=Mike+Tyson+Undisputed+Truth,1
"2013_Tyson,Wendy_KillerImage_MY.txt",FIC,English,MY,,2013,Tyson,Wendy,Wendy,Tyson,KillerImage,,,,,M,US,115920,56,0.2845938375,11.35468704,4.243919779,3.057755577,6020,-2.2171,0.25163,-2.4687,-2.9551,3.99,348,https://www.goodreads.com/search?q=Wendy+Tyson+Killer+Image,0
"2013_Valente,Catherynne_TheGirlWhoSoaredOverFairyland_MG.txt",FIC,English,MID,,2013,Valente,Catherynne,Catherynne,Valente,TheGirlWhoSoaredOverFairyland,,,,,F,,92681,40,0.4913793103,16.25982456,4.204418355,3.636648827,4095,-2.2259,0.24698,-2.4729,-2.9231,4.01,5285,https://www.goodreads.com/search?q=Catherynne+Valente+The+Girl+Who+Soared+Over+Fairyland,0
"2013_Vanderpool,Clare_NavigatingEarly_MG.txt",FIC,English,MID,,2013,Vanderpool,Clare,Clare,Vanderpool,NavigatingEarly,,,,,F,,88200,39,0.3950769231,13.95348837,4.008627177,3.260520021,4822,-2.2467,0.19189,-2.4386,-2.8683,4.08,13998,https://www.goodreads.com/search?q=Clare+Vanderpool+Navigating+Early,1
"2013_Volk,Patricia_Shocked_NF.txt",NON,English,MIX,,2013,Volk,Patricia,Patricia,Volk,Shocked,,,,,F,,60005,34,0.307079646,14.11882353,4.335058682,3.528140772,1192,-2.1504,0.16805,-2.3185,-2.6959,3.6,802,https://www.goodreads.com/search?q=Patricia+Volk+Shocked,1
"2013_Vyleta,Dan_TheCrookedMaid_PW.txt",FIC,English,PW,,2013,Vyleta,Dan,Dan,Vyleta,TheCrookedMaid,,HarperCollins,ScotiabankGillerPrize,Shortlist,M,Germany/Canada,169439,45,0.161376844,14.69803956,4.2279758,3.49874589,12084,-2.2867,0.24238,-2.5291,-3.1043,3.55,1027,https://www.goodreads.com/search?q=Dan+Vyleta+The+Crooked+Maid,0
"2013_Wascom,Kent_TheBloodofHeaven_CT.txt",FIC,English,NYT,,2013,Wascom,Kent,Kent,Wascom,TheBloodofHeaven,,,,,M,US,167989,70,0.1631311622,20.42667802,4.057674343,3.824679734,11377,-2.3519,0.23472,-2.5866,-3.1569,4.21,544,https://www.goodreads.com/search?q=+The+Bloodof+Heaven,1
"2013_Watson,SJ_BeforeIGotoSleep_CT.txt",FIC,English,NYT,MY,2013,Watson,SJ,SJ,Watson,BeforeIGotoSleep,,,,,M,UK,140092,21,0.3840277778,11.12812773,3.81771098,2.765587673,9159,-2.338,0.22687,-2.5648,-3.121,3.89,315567,https://www.goodreads.com/search?q=+Before+I+Goto+Sleep,1
"2013_Weber,David_ShadowofFreedom_SF.txt",FIC,English,SF,,2013,Weber,David,David,Weber,ShadowofFreedom,,,,,M,US,186899,181,0.0424096386,20.36380475,4.488959608,4.318913771,6051,-2.2982,0.20798,-2.5062,-3.0992,4.07,4932,https://www.goodreads.com/search?q=+Shadowof+Freedom,0
"2013_Weber,Joanne_TheDeafHouse_CT.txt",FIC,English,NYT,,2013,Weber,Joanne,Joanne,Weber,TheDeafHouse,,,,,F,US,114468,62,0.2014696877,16.8508759,4.210135128,3.693050847,5863,-2.2541,0.17674,-2.4309,-2.9203,3.75,12,https://www.goodreads.com/search?q=Joanne+Weber+The+Deaf+House,1
"2013_Wehr,Dietmar_TheSynchronicityWarPart1_SF.txt",FIC,English,SF,,2013,Wehr,Dietmar,Dietmar,Wehr,TheSynchronicityWarPart1,,,,,M,US,93614,45,0.4234718826,17.92341566,4.417769077,4.11443262,3215,-2.2707,0.19191,-2.4626,-2.9433,3.81,2964,https://www.goodreads.com/search?q=+The+Synchronicity+War+Part1,0
"2013_Wilk,Lucie_TheStrengthofBone_CT.txt",FIC,English,NYT,,2013,Wilk,Lucie,Lucie,Wilk,TheStrengthofBone,,,,,F,Canada,99622,24,0.2508038585,14.25411361,4.160579567,3.445458797,6006,-2.3522,0.15374,-2.506,-2.981,3.68,41,https://www.goodreads.com/search?q=+The+Strengthof+Bone,0
"2013_Wilkins,Damien_MaxGate_CT.txt",FIC,English,NYT,,2013,Wilkins,Damien,Damien,Wilkins,MaxGate,,AardvarkBureau,,,M,,68036,28,0.1865524061,12.28086643,4.043054398,3.084217222,2825,-2.3423,0.1858,-2.5281,-2.9639,3.09,117,https://www.goodreads.com/search?q=Damien+Wilkins+Max+Gate,1
"2013_Wilson,Edward_LetterstoaYoungScientist_NF.txt",NON,English,MIX,,2013,Wilson,Edward,Edward,Wilson,LetterstoaYoungScientist,,,,,M,,49923,11,0.1666666667,22.47771274,4.755979661,4.951766623,414,-2.1702,0.12538,-2.2956,-2.6769,3.91,3795,https://www.goodreads.com/search?q=+Letterstoa+Young+Scientist,0.03
"2013_Wilson,RobertCharles_BurningParadise_SF.txt",FIC,English,SF,,2013,Wilson,RobertCharles,RobertCharles,Wilson,BurningParadise,,,,,M,US/Canada,112906,25,0.2007348029,14.77633818,4.329708852,3.677600936,4869,-2.1903,0.25821,-2.4485,-2.9498,3.35,1715,https://www.goodreads.com/search?q=+Burning+Paradise,0
"2013_Wineapple,Brenda_EcstaticNationConfidenceCrisisandC_NF.txt",NON,English,MIX,,2013,Wineapple,Brenda,Brenda,Wineapple,EcstaticNationConfidenceCrisis,,,,,F,,239701,261,0.0782069623,27.49495297,4.799051609,5.136280526,5855,-2.2663,0.17405,-2.4404,-3.0568,3.97,312,https://www.goodreads.com/search?q=Brenda+Wineapple+Ecstatic+Nation+Confidence+Crisis,0
"2013_Winspear,Jacqueline_LeavingEverythingMostLoved_MY.txt",FIC,English,MY,,2013,Winspear,Jacqueline,Jacqueline,Winspear,LeavingEverythingMostLoved,,,,,M,UK,123509,55,0.3411428571,17.41771259,4.120454568,3.684520321,4700,-2.2744,0.2571,-2.5315,-3.0458,4.05,19609,https://www.goodreads.com/search?q=Jacqueline+Winspear+Leaving+Everything+Most+Loved,0
"2013_Winter,Michael_MinisterWithoutPortfolio_CT.txt",FIC,English,NYT,,2013,Winter,Michael,Michael,Winter,MinisterWithoutPortfolio,,,,,M,UK,89432,30,0.135483871,14.09709962,4.078789698,3.456116457,5729,-2.2463,0.2098,-2.4561,-2.9184,3.1,981,https://www.goodreads.com/search?q=Michael+Winter+Minister+Without+Portfolio,1
"2013_Winters,BenH_CountdownCity_SF.txt",FIC,English,SF,,2013,Winters,BenH,BenH,Winters,CountdownCity,,,,,M,US,89201,36,0.1131191432,15.34244926,4.13545878,3.435309801,5130,-2.3041,0.17041,-2.4746,-2.9073,3.85,14233,https://www.goodreads.com/search?q=+Countdown+City,1
"2013_WiseBauer,Susan_TheHistoryoftheRenaissanceWorld_HIST.txt",NON,English,HIST,,2013,WiseBauer,Susan,Susan,WiseBauer,TheHistoryoftheRenaissanceWorld,,,,,F,US,247826,361,0.0240823783,28.33268549,4.666535224,5.011473458,8795,-2.2381,0.20998,-2.4481,-3.084,4.15,976,https://www.goodreads.com/search?q=+The+Historyofthe+Renaissance+World,0
"2013_Wodehouse,PG_PGWodehouse_NF.txt",NON,English,MIX,,2013,Wodehouse,PG,PG,Wodehouse,PGWodehouse,,,,,M,,206877,190,0.2406326034,19.21220282,4.210215229,3.895003411,3828,-2.3075,0.26528,-2.5728,-3.1811,3.77,363,https://www.goodreads.com/search?q=PG+Wodehouse+P+G+Wodehouse,1
"2013_Woods,Randall_ShadowWarrior_NF.txt",NON,English,MIX,,2013,Woods,Randall,Randall,Woods,ShadowWarrior,,,,,M,,221189,257,0.2014556041,25.88822566,4.875620008,5.162537284,4947,-2.3112,0.16347,-2.4747,-3.0785,3.81,162,https://www.goodreads.com/search?q=Randall+Woods+Shadow+Warrior,0
"2013_Wuitchik,Michael_MyHeartIsNotMyOwn_CT.txt",FIC,English,NYT,,2013,Wuitchik,Michael,Michael,Wuitchik,MyHeartIsNotMyOwn,,,,,M,Canada,114530,50,0.1713922979,13.58277989,3.989861063,3.25673859,6235,-2.2481,0.25647,-2.5046,-2.9961,4.08,118,https://www.goodreads.com/search?q=Michael+Wuitchik+My+Heart+Is+Not+My+Own,1
"2013_Yousafzai,Malala_IAmMalala_ME.txt",NON,English,MEM,,2013,Yousafzai,Malala,Malala,Yousafzai,IAmMalala,,,,,F,,104250,57,0.137755102,18.35064249,4.230216139,3.997692139,3617,-2.249,0.18324,-2.4323,-2.9424,4.14,506555,https://www.goodreads.com/search?q=Malala+Yousafzai+I+Am+Malala,1
"2013_Zander,Joakim_TheSwimmer_MY.txt",FIC,English,MY,,2013,Zander,Joakim,Joakim,Zander,TheSwimmer,Swedish,,,,M,Sweden,128045,31,0.2358995471,11.60143155,4.280289517,3.204127477,7628,-2.1605,0.29152,-2.452,-2.9835,3.6,6072,https://www.goodreads.com/search?q=Joakim+Zander+The+Swimmer,1
"2013_Ziskin,JamesW_Styx&Stones_MY.txt",FIC,English,MY,,2013,Ziskin,JamesW,JamesW,Ziskin,Styx&Stones,,,,,M,US,107754,71,0.0781456954,14.0689385,4.205176536,3.408069238,6638,-2.2308,0.2082,-2.439,-2.9352,4.58,21250,https://www.goodreads.com/search?q=+Styx&+Stones,1
"2013_Zuckoff,Mitchell_LostinShangriLa_HIST.txt",NON,English,HIST,,2013,Zuckoff,Mitchell,Mitchell,Zuckoff,LostinShangriLa,,,,,M,US,107144,72,0.1686067019,20.83702839,4.605044947,4.415764258,4163,-2.1457,0.17058,-2.3163,-2.8127,3.85,44776,https://www.goodreads.com/search?q=+Lostin+Shangri+La,0
"2014_Abani,Chris_TheSecretHistoryofLasVegas_MY.txt",FIC,English,MY,,2014,Abani,Chris,Chris,Abani,TheSecretHistoryofLasVegas,,,,,M,Nigeria/US,92647,37,0.3157110946,14.21402271,4.169842533,3.518049696,5008,-2.1,0.27193,-2.3719,-2.8595,3.51,1011,https://www.goodreads.com/search?q=+The+Secret+Historyof+Las+Vegas,1
"2014_Abbott,Karen_LiarTemptressSoldierSpy_HIST.txt",NON,English,HIST,,2014,Abbott,Karen,Karen,Abbott,LiarTemptressSoldierSpy,,,,,F,US,150286,97,0.1326797386,24.03806782,4.623333126,4.710811797,8052,-2.2803,0.21793,-2.4983,-3.0484,3.74,15062,https://www.goodreads.com/search?q=Karen+Abbott+Liar+Temptress+Soldier+Spy,0
"2014_Abbott,Megan_TheFever_CT.txt",FIC,English,NYT,,2014,Abbott,Megan,Megan,Abbott,TheFever,,,,,F,US,100532,34,0.2656697423,14.25379271,4.140421202,3.284732981,6186,-2.3683,0.18192,-2.5502,-3.0313,3.1,23414,https://www.goodreads.com/search?q=Megan+Abbott+The+Fever,0
"2014_Ackroyd,Peter_ThreeBrothers_CT.txt",FIC,English,NYT,,2014,Ackroyd,Peter,Peter,Ackroyd,ThreeBrothers,,,,,M,UK,88992,47,0.149094287,11.24488249,4.14336706,3.071474718,4144,-2.3054,0.20556,-2.5109,-2.9597,3.12,582,https://www.goodreads.com/search?q=Peter+Ackroyd+Three+Brothers,0
"2014_Adams,Carina_ForeverRed_ROM.txt",FIC,English,ROM,,2014,Adams,Carina,Carina,Adams,ForeverRed,,,,,F,US,170603,51,0.1611951309,13.831928,3.901241495,3.149597676,10754,-2.4101,0.22822,-2.6383,-3.2116,4.19,2535,https://www.goodreads.com/search?q=Carina+Adams+Forever+Red,1
"2014_Adams,Evelyn_FeelsLikeHome_ROM.txt",FIC,English,ROM,,2014,Adams,Evelyn,Evelyn,Adams,FeelsLikeHome,,,,,F,US,73051,34,0.2380440623,13.63909634,4.053532469,3.262571505,4952,-2.2526,0.27961,-2.5322,-2.9581,3.86,4188,https://www.goodreads.com/search?q=Evelyn+Adams+Feels+Like+Home,0
"2014_Adler,HG_TheWall_CT.txt",FIC,English,NYT,,2014,Adler,HG,HG,Adler,TheWall,,,,,M,CzechRepublic,322899,92,0.152904328,18.72095315,4.198886494,3.929315117,10332,-2.2003,0.29121,-2.4915,-3.3178,4.22,1507443,https://www.goodreads.com/search?q=+The+Wall,1
"2014_AdlerOlsen,Jussi_TheMarcoEffect_MY.txt",FIC,English,MY,,2014,AdlerOlsen,Jussi,Jussi,AdlerOlsen,TheMarcoEffect,Danish,,,,M,Denmark,197280,53,0.2438628525,15.20579621,4.195617225,3.617745977,8866,-2.2788,0.27662,-2.5554,-3.1625,3.88,16442,https://www.goodreads.com/search?q=+The+Marco+Effect,0
"2014_Aguirre,AA_SilverMirrors_SF.txt",FIC,English,SF,,2014,Aguirre,AA,AA,Aguirre,SilverMirrors,,,,,F,US,123774,46,0.277191826,13.97944432,4.275812407,3.469499045,7680,-2.3319,0.21008,-2.5419,-3.0405,3.87,898,https://www.goodreads.com/search?q=AA+Aguirre+Silver+Mirrors,0
2014_AhmedSarah_WillfulSubjects.txt,NON,English,MIX,,2014,Ahmed,Sarah,Sarah,Ahmed,WillfulSubjects,,,,,F,,109698,49,0.078677309,27.0993083,4.470645114,4.900156168,383,-2.2199,0.10617,-2.3261,-2.7896,4.33,134,https://www.goodreads.com/search?q=+Willful+Subjects,0.01
"2014_Alameddine,Rabih_UnnecessaryWoman_PW.txt",FIC,English,PW,,2014,Alameddine,Rabih,Rabih,Alameddine,UnnecessaryWoman,,Grove,TheNationalBookAwards,Shortlist,M,US,100248,32,0.1907894737,16.50716285,4.278596705,3.810395936,3023,-2.1831,0.20307,-2.3862,-2.8694,3.82,11930,https://www.goodreads.com/search?q=Rabih+Alameddine+Unnecessary+Woman,1
"2014_Alarcon,Daniel_AtNightWeWalkinCircles_ PW.txt",FIC,English,PW,,2014,Alarcon,Daniel,Daniel,Alarcon,AtNightWeWalkinCircles,,RiverheadBooks,PEN/FaulknerAwardforFiction,Shortlist,M,US,117219,29,0.2798518976,15.70879121,4.2974586,3.707650489,5653,-2.3515,0.2059,-2.5574,-3.0539,3.61,2703,https://www.goodreads.com/search?q=+At+Night+We+Walkin+Circles,0.13
"2014_Albertine,Viv_ClothesClothesClothes_ME.txt",NON,English,MEM,,2014,Albertine,Viv,Viv,Albertine,ClothesClothesClothes,,,,,F,,147490,93,0.1082769391,17.97562462,3.947382412,3.582011233,4925,-2.3445,0.14127,-2.4858,-3.0108,4.27,10161,https://www.goodreads.com/search?q=Viv+Albertine+Clothes+Clothes+Clothes,1
"2014_Alexander,Kwame_TheCrossover_MG.txt",FIC,English,MID,,2014,Kwame,Kwame,Kwame,Kwame,TheCrossover,,,,,M,,21843,12,0.2744525547,12.65527231,3.871357769,2.852402639,962,-2.3932,0.12105,-2.5143,-2.8872,4.26,50901,https://www.goodreads.com/search?q=Kwame+Kwame+The+Crossover,0.91
"2014_Allen,Jonathan_HRCStateSecretsandtheRebirthofHill_NF.txt",NON,English,MIX,,2014,Allen,Jonathan,Jonathan,Allen,HRCStateSecrets,,,,,M,,161558,152,0.2054819061,26.41131274,4.65289547,5.037854927,3916,-2.3816,0.12974,-2.5113,-3.0233,3.61,1409,https://www.goodreads.com/search?q=Jonathan+Allen+H+R+C+State+Secrets,0
2014_AmorusoSophia_GirlBoss.txt,NON,English,MIX,,2014,Amoruso,Sophia,Sophia,Amoruso,GirlBoss,,,,,F,,56406,8,0.60625,21.2371988,4.119550952,4.06998738,686,-2.3804,0.096717,-2.4771,-2.8663,3.89,5847,https://www.goodreads.com/search?q=+Girl+Boss,1
"2014_Anderson,Laurie_TheImpossibleKnifeofMemory_YA.txt",FIC,English,YA,,2014,Anderson,Laurie,Laurie,Anderson,TheImpossibleKnifeofMemory,,,,,F,,107187,30,0.2031047865,11.94949833,3.990556175,2.960397642,6839,-2.3712,0.16163,-2.5329,-2.9785,3.92,27716,https://www.goodreads.com/search?q=+The+Impossible+Knifeof+Memory,1
"2014_Ansel,Dominique_TheSecretRecipes_ME.txt",NON,English,MEM,,2014,Ansel,Dominique,Dominique,Ansel,TheSecretRecipes,,,,,M,,74243,1,1,16.52414868,4.308984283,3.65231275,419,-2.2156,0.18836,-2.404,-2.8308,4.31,316,https://www.goodreads.com/search?q=Dominique+Ansel+The+Secret+Recipes,0.56
"2014_Armentrout,JenniferL_TheReturn_ROM.txt",FIC,English,ROM,,2014,Armentrout,JenniferL,JenniferL,Armentrout,TheReturn,,,,,F,US,132536,27,0.2918855809,13.48692378,3.978140628,3.147853707,9582,-2.2693,0.27162,-2.5409,-3.0889,4.55,770952,https://www.goodreads.com/search?q=+The+Return,1
"2014_Armstrong,Karen_FieldsofBlood_HIST.txt",NON,English,HIST,,2014,Armstrong,Karen,Karen,Armstrong,FieldsofBlood,,,,,F,UK,179609,166,0.0984665052,31.86816891,4.995252274,5.756200231,1546,-2.2802,0.086029,-2.3662,-2.9253,3.92,2449,https://www.goodreads.com/search?q=+Fieldsof+Blood,0
"2014_Ashley,Kristen_TheWill_ROM.txt",FIC,English,ROM,,2014,Ashley,Kristen,Kristen,Ashley,TheWill,,,,,F,US,248349,68,0.1800597578,14.40957354,3.917792192,3.222025836,18191,-2.2727,0.27184,-2.5445,-3.2374,4.29,28787,https://www.goodreads.com/search?q=Kristen+Ashley+The+Will,1
"2014_Atkins,Ace_RobertBParkersCheapShot_MY.txt",FIC,English,MY,,2014,Atkins,Ace,Ace,Atkins,RobertBParkersCheapShot,,,,,M,US,89986,46,0.1653483992,11.00476948,3.998003059,2.820694822,6300,-2.2653,0.22463,-2.49,-2.9311,3.97,4894,https://www.goodreads.com/search?q=Ace+Atkins+Robert+B+Parkers+Cheap+Shot,1
"2014_Aurora,Belle_RAW_ROM.txt",FIC,English,ROM,,2014,Aurora,Belle,Belle,Aurora,RAW,,,,,F,Australia,116630,27,0.233995585,11.81182905,3.854363663,2.842357344,9428,-2.3125,0.25378,-2.5663,-3.0598,4,1,https://www.goodreads.com/search?q=Belle+Aurora+R+A+W,1
"2014_Auxier,Jonathan_TheNightGardener_MG.txt",FIC,English,MID,,2014,Auxier,Johnathan,Johnathan,Auxier,TheNightGardener,,,,,M,,99565,19,0.3785994764,12.61434182,4.124465107,3.147686485,7493,-2.3049,0.21943,-2.5243,-3.0103,4.06,17889,https://www.goodreads.com/search?q=+The+Night+Gardener,0
"2014_Baldacci,David_Target_BS.txt",FIC,English,BS,,2014,David,Baldacci,Baldacci,David,Target,,,,,M,US,149128,49,0.1856708031,11.83743451,4.095329966,3.079514287,8225,-2.1099,0.32148,-2.4314,-3.013,4.11,50256,https://www.goodreads.com/search?q=Baldacci+David+Target,0
"2014_Baptist,EdwardE_TheHalfHasNeverBeenTold_HIST.txt",NON,English,HIST,,2014,Baptist,EdwardE,EdwardE,Baptist,TheHalfHasNeverBeenTold,,,,,M,US,214507,152,0.0787458987,25.19166177,4.834194563,5.001609549,4091,-2.2084,0.18893,-2.3974,-3.001,4.46,4634,https://www.goodreads.com/search?q=+The+Half+Has+Never+Been+Told,0
"2014_Barber,Dan_TheThirdPlate_ME.txt",NON,English,MEM,,2014,Barber,Dan,Dan,Barber,TheThirdPlate,,,,,M,,176026,67,0.101205857,19.23150879,4.478310892,4.220459701,4388,-2.1761,0.15337,-2.3295,-2.9107,4.28,6174,https://www.goodreads.com/search?q=Dan+Barber+The+Third+Plate,1
"2014_Barclay,Linwood_NoSafeHouse_MY.txt",FIC,English,MY,,2014,Barclay,Linwood,Linwood,Barclay,NoSafeHouse,,,,,M,US/Canada,157068,51,0.1884166045,11.87300627,3.876641092,2.855211798,8184,-2.2408,0.30237,-2.5432,-3.1182,3.75,7590,https://www.goodreads.com/search?q=Linwood+Barclay+No+Safe+House,1
"2014_Barthelme,Frederick_ThereMustBeSomeMistake_CT.txt",FIC,English,NYT,,2014,Barthelme,Frederick,Frederick,Barthelme,ThereMustBeSomeMistake,,,,,M,US,90251,30,0.1753653445,14.24640884,4.059492576,3.274802227,4375,-2.2871,0.22608,-2.5132,-2.9711,3.26,390,https://www.goodreads.com/search?q=Frederick+Barthelme+There+Must+Be+Some+Mistake,1
"2014_Bausch,Robert_FarastheEyecanSee_CT.txt",FIC,English,NYT,,2014,Bausch,Robert,Robert,Bausch,FarastheEyecanSee,,,,,M,US,132596,47,0.1327387198,14.51039615,3.726084698,3.050328537,7489,-2.3871,0.17344,-2.5605,-3.0945,4.06,899,https://www.goodreads.com/search?q=+Farasthe+Eyecan+See,1
"2014_Baxter,Greg_MunichAirport_CT.txt",FIC,English,NYT,,2014,Baxter,Greg,Greg,Baxter,MunichAirport,,,,,M,US,105670,19,0.3252496434,16.63570529,4.020861269,3.605479104,5870,-2.2077,0.22986,-2.4376,-2.9268,3.03,589,https://www.goodreads.com/search?q=Greg+Baxter+Munich+Airport,1
"2014_Beattie,Owen_FrozeninTime_HIST.txt",NON,English,HIST,,2014,Beattie,Owen,Owen,Beattie,FrozeninTime,,,,,M,Canada,80679,57,0.1241671714,28.06226087,4.725428358,5.079332349,2571,-2.2606,0.14207,-2.4027,-2.8401,3.96,11068,https://www.goodreads.com/search?q=+Frozenin+Time,0
"2014_Begley,Adam_Updike_NF.txt",NON,English,MIX,,2014,Begley,Adam,Adam,Begley,Updike,,,,,M,,213724,170,0.1788342948,31.06905073,4.643883759,5.21146249,4052,-2.358,0.15425,-2.5122,-3.0775,4.1,568,https://www.goodreads.com/search?q=Adam+Begley+Updike,0
"2014_Bezmozgis,David_TheBetrayers_PW.txt",FIC,English,PW,NYT,2014,Bezmozgis,David,David,Bezmozgis,TheBetrayers,,HarperCollins,ScotiabankGillerPrize,Shortlist,M,Canada,66256,27,0.2384020619,13.03738686,4.371584991,3.566789972,2541,-2.1146,0.30807,-2.4227,-2.841,3.5,2115,https://www.goodreads.com/search?q=David+Bezmozgis+The+Betrayers,1
"2014_Billingham,Mark_TheBonesBeneath_CT.txt",FIC,English,NYT,,2014,Billingham,Mark,Mark,Billingham,TheBonesBeneath,,,,,M,UK,122535,44,0.3028947368,15.45208071,4.170205841,3.519688805,6840,-2.3162,0.25493,-2.5711,-3.0655,3.98,3151,https://www.goodreads.com/search?q=Mark+Billingham+The+Bones+Beneath,0
"2014_BirdWilson,Lisa_JustPretending_CT.txt",FIC,English,NYT,,2014,BirdWilson,Lisa,Lisa,BirdWilson,JustPretending,,,,,F,Canada,90945,58,0.0807381776,16.35995683,4.05285705,3.543980704,5402,-2.1257,0.17835,-2.304,-2.7825,4.13,1336,https://www.goodreads.com/search?q=+Just+Pretending,1
"2014_Biss,Eula_OnImmunity_ME.txt",NON,English,MEM,,2014,Biss,Eula,Eula,Biss,OnImmunity,,,,,F,,51239,17,0.1703296703,24.74118783,4.680519597,5.031020345,951,-2.0199,0.19806,-2.2179,-2.6128,3.94,10672,https://www.goodreads.com/search?q=Eula+Biss+On+Immunity,1
"2014_Black,Benjamin_TheBlackEyedBlonde_CT.txt",FIC,English,NYT,,2014,Black,Benjamin,Benjamin,Black,TheBlackEyedBlonde,,,,,M,Ireland,112572,39,0.1294046173,14.81600421,3.907973259,3.240616211,6254,-2.3605,0.27808,-2.6386,-3.1149,3.51,3484,https://www.goodreads.com/search?q=Benjamin+Black+The+Black+Eyed+Blonde,1
"2014_Blakely,Lauren_NightAfterNight_ROM.txt",FIC,English,ROM,,2014,Blakely,Lauren,Lauren,Blakely,NightAfterNight,,,,,F,US,71755,14,0.325542571,14.90238837,4.027557588,3.310660791,4804,-2.2449,0.24034,-2.4852,-2.9582,3.99,12263,https://www.goodreads.com/search?q=Lauren+Blakely+Night+After+Night,0
"2014_Bolger,Daniel_WhyWeLost_HIST.txt",NON,English,HIST,,2014,Bolger,Daniel,Daniel,Bolger,WhyWeLost,,,,,M,US,207807,179,0.0558362809,18.48981226,4.808131093,4.401997226,4886,-2.1967,0.20308,-2.3998,-3.0088,3.69,507,https://www.goodreads.com/search?q=Daniel+Bolger+Why+We+Lost,0
"2014_Bouman,Tom_DryBonesintheValley_MY.txt",FIC,English,MY,,2014,Bouman,Tom,Tom,Bouman,DryBonesintheValley,,,,,M,US,98835,51,0.0992736077,14.83563494,4.026625598,3.347821902,5683,-2.3396,0.24714,-2.5868,-3.0364,3.47,1996,https://www.goodreads.com/search?q=+Dry+Bonesinthe+Valley,1
"2014_Box,CJ_StoneCold_MY.txt",FIC,English,MY,,2014,Box,CJ,CJ,Box,StoneCold,,,,,M,US,118802,51,0.3326597626,15.42282228,4.145273542,3.48271402,6784,-2.1064,0.32956,-2.4359,-2.9366,4.25,12858,https://www.goodreads.com/search?q=CJ+Box+Stone+Cold,0
"2014_Bradley,Alan_TheDeadinTheirVaulted_MY.txt",FIC,English,MY,,2014,Bradley,Alan,Alan,Bradley,TheDeadinTheirVaulted,,,,,M,Canada,86379,45,0.131840796,16.7368727,4.175941307,3.691428931,4334,-2.2857,0.24644,-2.5321,-2.974,4.18,29033,https://www.goodreads.com/search?q=+The+Deadin+Their+Vaulted,1
"2014_Brand,Russell_Revolution_ME.txt",NON,English,MEM,,2014,Brand,Russell,Russell,Brand,Revolution,,,,,M,,118054,40,0.1375464684,22.94538387,4.509864009,4.668653682,1228,-2.2903,0.1796,-2.4699,-2.9197,3.68,9885,https://www.goodreads.com/search?q=Russell+Brand+Revolution,1
"2014_Brant,Kylie_11_ROM.txt",FIC,English,ROM,,2014,Brant,Kylie,Kylie,Brant,11,,,,,F,US,114255,29,0.2795806291,12.01419558,4.220709431,3.303242375,6864,-2.3012,0.23896,-2.5402,-3.024,4.15,936,https://www.goodreads.com/search?q=Kylie+Brant+11,0
"2014_Brathen,Rachel_YogaGirl_ME.txt",NON,English,MEM,,2014,Brathen,Rachel,Rachel,Brathen,YogaGirl,,,,,F,,38184,2,0.5769230769,17.301314,4.102492092,3.735527176,427,-1.695,0.527,-2.2219,-2.663,4.22,3817,https://www.goodreads.com/search?q=Rachel+Brathen+Yoga+Girl,1
"2014_Braun,Adam_ThePromiseofaPencil_ME.txt",NON,English,MEM,,2014,Braun,Adam,Adam,Braun,ThePromiseofaPencil,,,,,M,,78899,48,0.1377708978,20.3715466,4.353005638,4.206857695,2497,-2.3129,0.17392,-2.4868,-2.9134,4.14,6955,https://www.goodreads.com/search?q=+The+Promiseofa+Pencil,1
"2014_Brogan,Tracy_TheBestMedicine_ROM.txt",FIC,English,ROM,,2014,Brogan,Tracy,Tracy,Brogan,TheBestMedicine,,,,,F,US,110996,30,0.3032258065,11.39589322,4.010619703,2.98783024,5384,-2.4687,0.14616,-2.6149,-3.0468,3.98,12140,https://www.goodreads.com/search?q=Tracy+Brogan+The+Best+Medicine,1
"2014_Bromberg,K_Crashed_ROM.txt",FIC,English,ROM,,2014,Bromberg,K,K,Bromberg,Crashed,,,,,F,US,180480,39,0.3758604865,16.90679157,3.893393867,3.437201307,13912,-2.3941,0.22546,-2.6195,-3.2167,4.53,44127,https://www.goodreads.com/search?q=K+Bromberg+Crashed,1
"2014_Brown,Pierce_RedRising_SF.txt",FIC,English,SF,YA,2014,Brown,Pierce,Pierce,Brown,RedRising,,,,,M,US,161381,86,0.1588785047,10.77022157,4.030646006,2.894020664,7500,-2.2718,0.22404,-2.4958,-3.0464,4.25,300294,https://www.goodreads.com/search?q=Pierce+Brown+Red+Rising,1
"2014_Brown,Sandra_MeanStreak_MY.txt",FIC,English,MY,,2014,Brown,Sandra,Sandra,Brown,MeanStreak,,,,,F,US,142287,25,0.1723868955,12.6939959,4.148912882,3.191905521,7991,-2.2988,0.25248,-2.5513,-3.0788,4.07,48414,https://www.goodreads.com/search?q=Sandra+Brown+Mean+Streak,0
"2014_Buwalda,Peter_BonitaAvenue_CT.txt",FIC,English,NYT,,2014,Buwalda,Peter,Peter,Buwalda,BonitaAvenue,,,,,M,Belgium/Netherlands,209947,80,0.1909971866,18.28169627,4.310796136,3.935381462,10440,-2.2717,0.21906,-2.4908,-3.1012,3.73,8686,https://www.goodreads.com/search?q=Peter+Buwalda+Bonita+Avenue,1
"2014_CaddickAdams,Peter_SnowandSteel_HIST.txt",NON,English,HIST,,2014,CaddickAdams,Peter,Peter,CaddickAdams,SnowandSteel,,,,,M,UK,306024,207,0.1001327518,30.34146341,4.847610751,5.22422202,8394,-2.3203,0.16609,-2.4864,-3.2237,4.3,452,https://www.goodreads.com/search?q=+Snowand+Steel,0
"2014_Cambias,JamesL_ADarklingSea_SF.txt",FIC,English,SF,,2014,Cambias,JamesL,JamesL,Cambias,ADarklingSea,,,,,M,US,121285,48,0.146223565,13.75737296,4.383147838,3.596549675,5417,-2.2206,0.23309,-2.4536,-2.9649,4.3,3542,https://www.goodreads.com/search?q=+A+Darkling+Sea,0
"2014_Card,OrsonScott_Visitors_SF.txt",FIC,English,SF,YA,2014,Card,OrsonScott,OrsonScott,Card,Visitors,,,,,M,US,197618,43,0.3166551247,15.1072548,4.068684225,3.415819519,6646,-2.2256,0.20251,-2.4282,-3.0481,4.11,93850,https://www.goodreads.com/search?q=+Visitors,0
"2014_Carey,MR_TheGirlWithAlltheGifts_SF.txt",FIC,English,SF,,2014,Carey,MR,MR,Carey,TheGirlWithAlltheGifts,,,,,M,UK,142187,28,0.2176870748,15.28892473,4.174566828,3.505308382,5770,-2.2892,0.21277,-2.502,-3.0655,3.95,207120,https://www.goodreads.com/search?q=+The+Girl+With+Allthe+Gifts,0
"2014_Casey,Jane_TheStrangerYouKnow_MY.txt",FIC,English,MY,,2014,Casey,Jane,Jane,Casey,TheStrangerYouKnow,,,,,F,US,155809,69,0.2115258677,12.58046023,3.99771284,3.094265469,7122,-2.3383,0.24261,-2.5809,-3.1392,4.21,4492,https://www.goodreads.com/search?q=Jane+Casey+The+Stranger+You+Know,1
"2014_Casey,Maud_TheManWhoWalkedAway_CT.txt",FIC,English,NYT,,2014,Casey,Maud,Maud,Casey,TheManWhoWalkedAway,,,,,F,US,85596,14,0.4886178862,16.31954242,4.205253598,3.666806325,4078,-2.291,0.19459,-2.4856,-2.913,3.32,259,https://www.goodreads.com/search?q=Maud+Casey+The+Man+Who+Walked+Away,0
"2014_Cash,Wiley_ThisDarkRoadtoMercy_MY.txt",FIC,English,MY,,2014,Cash,Wiley,Wiley,Cash,ThisDarkRoadtoMercy,,,,,M,US,90809,29,0.2950065703,15.7408563,3.841060303,3.248006896,6619,-2.2324,0.20323,-2.4356,-2.936,3.78,8625,https://www.goodreads.com/search?q=+This+Dark+Roadto+Mercy,1
"2014_Catmull,Ed_CreativityInc_ME.txt",NON,English,MEM,,2014,Catmull,Ed,Ed,Catmull,CreativityInc,,,,,M,,128534,45,0.2044025157,23.24724182,4.429319839,4.577810028,1572,-2.3631,0.13082,-2.494,-2.983,4.21,80499,https://www.goodreads.com/search?q=Ed+Catmull+Creativity+Inc,1
"2014_Chainani,Soman_AWorldWithoutPrinces_MG.txt",FIC,English,MID,,2014,Chainani,Soman,Soman,Chainani,AworldWithoutPrinces,,,,,M,,125023,51,0.4915254237,13.99406761,4.357597926,3.374556155,9516,-2.2789,0.21339,-2.4923,-2.9807,4.05,36166,https://www.goodreads.com/search?q=+Aworld+Without+Princes,0
"2014_Charles,Ann_TheGreatJackalopeStampede_ROM.txt",FIC,English,ROM,,2014,Charles,Ann,Ann,Charles,TheGreatJackalopeStampede,,,,,F,US,152194,38,0.2201374698,13.83581818,4.141761718,3.329544807,8977,-2.3525,0.2214,-2.5739,-3.1035,4.34,1251,https://www.goodreads.com/search?q=Ann+Charles+The+Great+Jackalope+Stampede,0
"2014_Chase,Emma_Tamed_ROM.txt",FIC,English,ROM,,2014,Chase,Emma,Emma,Chase,Tamed,,,,,F,US,74840,32,0.3908629442,12.39688587,3.974515683,3.004619411,3360,-2.3825,0.15802,-2.5405,-2.967,4.08,19254,https://www.goodreads.com/search?q=Emma+Chase+Tamed,1
"2014_Clark,Christopher_TheSleepwalkers_HIST.txt",NON,English,HIST,,2014,Clark,Christopher,Christopher,Clark,TheSleepwalkers,,,,,M,Australia,245506,164,0.0552868003,35.27385057,5.031503187,5.962661298,4682,-2.3572,0.11973,-2.477,-3.1484,4.2,9761,https://www.goodreads.com/search?q=Christopher+Clark+The+Sleepwalkers,0
"2014_Clark,MaryHiggins_IveGotYouUnder_BS.txt",FIC,English,BS,,2014,MaryHiggins,Clark,Clark,MaryHiggins,IveGotYouUnder,,,,,F,US,89935,48,0.1270990156,15.83362676,4.150708942,3.613256588,4713,-2.4123,0.16066,-2.573,-3.0256,3.81,20134,https://www.goodreads.com/search?q=+Ive+Got+You+Under,0
"2014_Cleese,John_SoAnyway_ME.txt",NON,English,MEM,,2014,Cleese,John,John,Cleese,SoAnyway,,,,,M,,150179,88,0.0884749709,24.37575069,4.340104082,4.46222709,4430,-2.3088,0.19357,-2.5023,-3.0139,3.7,12698,https://www.goodreads.com/search?q=John+Cleese+So+Anyway,1
"2014_Cline,EricH_1177BC_HIST.txt",NON,English,HIST,,2014,Cline,EricH,EricH,Cline,1177BC,,,,,M,US,77356,55,0.092364532,38.16280217,4.779471857,5.754945879,964,-2.292,0.11216,-2.4042,-2.8337,3.69,6915,https://www.goodreads.com/search?q=+1177+B+C,0
"2014_Clinton,HillaryRodham_HardChoices_ME.txt",NON,English,MEM,,2014,Clinton,HillaryRodham,HillaryRodham,Clinton,HardChoices,,,,,F,,274205,181,0.0437273824,22.8561307,4.738498849,4.895816691,6316,-2.2936,0.11694,-2.4106,-3.1018,3.59,14576,https://www.goodreads.com/search?q=+Hard+Choices,1
"2014_Coben,Harlan_MissingYou_BS.txt",FIC,English,BS,,2014,Harlan,Coben,Coben,Harlan,MissingYou,,,,,M,US,137130,55,0.2681228997,10.84631812,4.085107364,2.91308253,6225,-2.1582,0.33642,-2.4946,-3.0047,3.98,51344,https://www.goodreads.com/search?q=Coben+Harlan+Missing+You,0
"2014_Coben,Harlan_SixYears_BS.txt",FIC,English,BS,,2014,Harlan,Coben,Coben,Harlan,SixYears,,,,,M,US,109486,48,0.1726446676,10.86601826,4.011956982,2.87150692,5665,-2.2496,0.21221,-2.4618,-2.946,3.83,75305,https://www.goodreads.com/search?q=Coben+Harlan+Six+Years,1
"2014_Coen,Ross_FuGo_HIST.txt",NON,English,HIST,,2014,Coen,Ross,Ross,Coen,FuGo,,,,,M,US,66593,37,0.1099796334,27.67788861,4.965881997,5.474539907,1755,-2.1869,0.15425,-2.3412,-2.7553,3.66,95,https://www.goodreads.com/search?q=Ross+Coen+Fu+Go,0
"2014_Cohen,Andy_TheAndyCohenDiaries_ME.txt",NON,English,MEM,,2014,Cohen,Andy,Andy,Cohen,TheAndyCohenDiaries,,,,,M,,160528,188,0.1075971124,18.3125713,3.981565312,3.621530905,7389,-2.5741,0.15447,-2.7286,-3.2166,3.51,11628,https://www.goodreads.com/search?q=Andy+Cohen+The+Andy+Cohen+Diaries,1
"2014_Cohen,LeahHager_NoBookbuttheWorld_CT.txt",FIC,English,NYT,,2014,Cohen,LeahHager,LeahHager,Cohen,NoBookbuttheWorld,,,,,F,US,109551,30,0.2530813476,19.3621421,4.250459132,3.950408765,5156,-2.3603,0.11104,-2.4713,-2.9534,3.36,870,https://www.goodreads.com/search?q=+No+Bookbutthe+World,1
"2014_Cole,Teju_EveryDayisfortheThief_CT.txt",FIC,English,NYT,,2014,Cole,Teju,Teju,Cole,EveryDayisfortheThief,,,,,M,Nigeria/US,39158,11,0.1170212766,15.9243595,4.254809405,3.832480025,1101,-2.2223,0.19125,-2.4135,-2.7727,3.7,6736,https://www.goodreads.com/search?q=+Every+Dayisforthe+Thief,1
"2014_Colfer,Chris_AGrimmWarning_MG.txt",FIC,English,MID,,2014,Colfer,CHris,CHris,Colfer,AgrimmWarning,,,,,M,,146795,67,0.1978922717,14.75326633,4.212255794,3.498462148,9246,-2.2129,0.21927,-2.4322,-2.9615,4.49,44081,https://www.goodreads.com/search?q=+Agrimm+Warning,0
"2014_Connelly,Michael_TheBurningRoom_MY.txt",FIC,English,MY,,2014,Connelly,Michael,Michael,Connelly,TheBurningRoom,,,,,M,US,135275,64,0.4057617188,13.27396723,4.147172549,3.352897495,6723,-2.2756,0.21086,-2.4864,-3.0075,4.11,52821,https://www.goodreads.com/search?q=Michael+Connelly+The+Burning+Room,0
"2014_Connolly,John_TheWolfinWinter_MY.txt",FIC,English,MY,,2014,Connolly,John,John,Connolly,TheWolfinWinter,,,,,M,Ireland,146677,72,0.1274350649,15.76324557,4.187597428,3.616992751,5833,-2.1973,0.25097,-2.4483,-3.0146,4.23,6893,https://www.goodreads.com/search?q=+The+Wolfin+Winter,1
"2014_Connor,Claudia_WorththeFall_ROM.txt",FIC,English,ROM,,2014,Connor,Claudia,Claudia,Connor,WorththeFall,,,,,F,US,119310,34,0.3298076923,11.85630528,4.010613993,2.955814616,8011,-2.3526,0.25709,-2.6097,-3.1006,4.15,17277,https://www.goodreads.com/search?q=+Worththe+Fall,0
"2014_Cook,Jude_ByronEasy_CT.txt",FIC,English,NYT,,2014,Cook,Jude,Jude,Cook,ByronEasy,,,,,M,UK,221918,65,0.2599156118,16.71950576,4.371417287,3.90131556,7979,-2.3815,0.18885,-2.5704,-3.169,3.17,58,https://www.goodreads.com/search?q=Jude+Cook+Byron+Easy,1
"2014_Cooney,Kara_TheWomanWhoWouldBeKing_HIST.txt",NON,English,BIO,,2014,Cooney,Kara,Kara,Cooney,TheWomanWhoWouldBeKing,,,,,F,US,108466,41,0.4208815029,30.07931226,4.724271745,5.35111328,681,-2.224,0.21512,-2.4391,-2.9538,3.59,6663,https://www.goodreads.com/search?q=Kara+Cooney+The+Woman+Who+Would+Be+King,0
"2014_Coover,Robert_TheBrunistDayofWrath_CT.txt",FIC,English,NYT,,2014,Coover,Robert,Robert,Coover,TheBrunistDayofWrath,,,,,M,US,458772,228,0.0319498069,19.44773209,4.20430883,3.965497091,16304,-2.2593,0.23913,-2.4985,-3.4958,4.25,131,https://www.goodreads.com/search?q=+The+Brunist+Dayof+Wrath,0
"2014_Copeland,Misty_LifeinMotion_ME.txt",NON,English,MEM,,2014,Copeland,Misty,Misty,Copeland,LifeinMotion,,,,,F,,85625,58,0.1486842105,18.86428729,4.19827402,3.953205396,1994,-2.3407,0.15996,-2.5007,-2.9469,3.88,7200,https://www.goodreads.com/search?q=+Lifein+Motion,1
"2014_Cornwell,Patricia_FleshandBlood_MY.txt",FIC,English,MY,,2014,Cornwell,Patricia,Patricia,Cornwell,FleshandBlood,,,,,F,US,143458,48,0.2002228826,13.98089855,4.138320535,3.40144615,6388,-2.3199,0.17218,-2.492,-3.0171,3.72,18679,https://www.goodreads.com/search?q=+Fleshand+Blood,1
"2014_Corrigan,Gordon_Waterloo_HIST.txt",NON,English,HIST,,2014,Corrigan,Gordon,Gordon,Corrigan,Waterloo,,,,,M,UK,115525,67,0.1886678722,36.24882334,4.65452177,5.483389266,1985,-2.3346,0.11431,-2.4489,-2.9428,3.86,118,https://www.goodreads.com/search?q=Gordon+Corrigan+Waterloo,0
"2014_Corrigan,Kelly_GlitterandGlue_ME.txt",NON,English,MEM,,2014,Corrigan,Kelly,Kelly,Corrigan,GlitterandGlue,,,,,F,,69300,32,0.1458333333,15.20737327,4.017151841,3.337060706,2982,-2.413,0.15019,-2.5632,-2.9631,3.83,16477,https://www.goodreads.com/search?q=+Glitterand+Glue,1
"2014_Crummey,Michael_Sweetland_PW.txt",FIC,English,PW,,2014,Crummey,Michael,Michael,Crummey,Sweetland,,Doubleday,GovernorGeneralLiteraryAwardforfiction,Shortlist,M,Canada,122139,31,0.4219632768,16.70162724,4.16049406,3.682561826,8333,-2.3096,0.23006,-2.5397,-3.0459,3.91,6224,https://www.goodreads.com/search?q=Michael+Crummey+Sweetland,0
"2014_Cunningham,Michael_TheSnowQueen_CT.txt",FIC,English,NYT,,2014,Cunningham,Michael,Michael,Cunningham,TheSnowQueen,,,,,M,US,75955,14,0.2713675214,17.0532106,4.253361908,3.716236871,2187,-2.2345,0.2236,-2.4581,-2.8935,3.07,6935,https://www.goodreads.com/search?q=Michael+Cunningham+The+Snow+Queen,0
"2014_Dahl,Julia_InvisibleCity_CT.txt",FIC,English,NYT,MY,2014,Dahl,Julia,Julia,Dahl,InvisibleCity,,,,,F,US,94943,54,0.1323662738,11.83237787,3.970823927,2.952368524,4958,-2.2793,0.18251,-2.4619,-2.9543,3.62,4663,https://www.goodreads.com/search?q=Julia+Dahl+Invisible+City,1
"2014_Danticat,Edwidge_ClaireoftheSeaLight_CT.txt",FIC,English,NYT,,2014,Danticat,Edwidge,Edwidge,Danticat,ClaireoftheSeaLight,,,,,F,Haiti/US,73512,34,0.1361533377,20.09073517,4.217432845,4.02104999,3273,-2.2854,0.12001,-2.4054,-2.8594,3.67,9927,https://www.goodreads.com/search?q=+Claireofthe+Sea+Light,0
"2014_Dare,Tessa_RomancingtheDuke_ROM.txt",FIC,English,ROM,,2014,Dare,Tessa,Tessa,Dare,RomancingtheDuke,,,,,F,US,101767,25,0.4134680135,10.33272413,4.172235738,2.870555624,5123,-2.3317,0.21706,-2.5488,-2.9979,3.89,39185,https://www.goodreads.com/search?q=+Romancingthe+Duke,0
"2014_Davis,Seth_Wooden_NF.txt",NON,English,MIX,,2014,Davis,Seth,Seth,Davis,Wooden,,,,,M,,295728,250,0.1101109146,19.18816507,4.387389408,3.993249047,8131,-2.4045,0.17937,-2.5838,-3.2684,4.29,753,https://www.goodreads.com/search?q=Seth+Davis+Wooden,0
"2014_Deaver,Jeffery_TheBoneCollector_MY.txt",FIC,English,MY,,2014,Deaver,Jeffery,Jeffery,Deaver,TheBoneCollector,,,,,M,US,159424,60,0.2873966424,11.10194986,4.262637162,3.042339601,9600,-2.1859,0.26082,-2.4468,-3.0002,4.19,171848,https://www.goodreads.com/search?q=Jeffery+Deaver+The+Bone+Collector,0
"2014_Dellaira,Ava_LoveLetterstotheDead_YA.txt",FIC,English,YA,,2014,Dellaira,Ava,Ava,Dellaira,LoveLetterstotheDead,,,,,F,,104516,38,0.1567847195,14.47189144,3.818085723,3.11540527,5576,-2.3853,0.2214,-2.6067,-3.0921,3.8,79263,https://www.goodreads.com/search?q=+Love+Letterstothe+Dead,1
"2014_Derasmo,Stacey_Wonderland_CT.txt",FIC,English,NYT,,2014,Derasmo,Stacey,Stacey,Derasmo,Wonderland,,,,,F,US,95277,37,0.1286594761,15.00661522,4.062707973,3.387293499,4196,-2.2845,0.1875,-2.472,-2.9188,3.09,771,https://www.goodreads.com/search?q=Stacey+Derasmo+Wonderland,1
"2014_Doctorow,EL_AndrewsBrain_CT.txt",FIC,English,NYT,,2014,Doctorow,EL,EL,Doctorow,AndrewsBrain,,,,,M,US,44428,13,0.2729306488,15.98129496,4.173063991,3.680506433,1414,-2.3159,0.17856,-2.4945,-2.8748,3.21,4516,https://www.goodreads.com/search?q=EL+Doctorow+Andrews+Brain,1
"2014_Doerr,Anthony_AlltheLightWeCannotSee_PW.txt",FIC,English,PW,NYT,2014,Doerr,Anthony,Anthony,Doerr,AlltheLightWeCannotSee,,Scribner,TheNationalBookAwards,Shortlist,M,US,158451,62,0.2715110976,14.71498886,4.409126951,3.631091841,6982,-2.3294,0.16714,-2.4966,-3.0296,4.32,1291694,https://www.goodreads.com/search?q=+Allthe+Light+We+Cannot+See,0
"2014_Donoghue,Emma_FrogMusic_MY.txt",FIC,English,MY,,2014,Donoghue,Emma,Emma,Donoghue,FrogMusic,,,,,F,Ireland/Canada,143018,45,0.4131251235,15.13898592,4.22401556,3.442112537,6808,-2.4347,0.18738,-2.6221,-3.1053,3.19,25072,https://www.goodreads.com/search?q=Emma+Donoghue+Frog+Music,0
"2014_Dougherty,Victoria_TheBoneChurch_MY.txt",FIC,English,MY,,2014,Dougherty,Victoria,Victoria,Dougherty,TheBoneChurch,,,,,F,US,98774,53,0.3141636543,16.66509195,4.278167039,3.806352875,6632,-2.2338,0.23382,-2.4677,-2.9304,3.74,547,https://www.goodreads.com/search?q=Victoria+Dougherty+The+Bone+Church,0
"2014_Doughty,Caitlin_SmokeGetsinYourEyes_ME.txt",NON,English,MEM,,2014,Doughty,Caitlin,Caitlin,Doughty,SmokeGetsinYourEyes,,,,,F,,78364,39,0.1780645161,19.62534435,4.422689587,4.259892151,2021,-2.29,0.11566,-2.4057,-2.83,4.19,72147,https://www.goodreads.com/search?q=+Smoke+Getsin+Your+Eyes,1
"2014_Druckerman,Pamela_BringingUpBebe_ME.txt",NON,English,MEM,,2014,Druckerman,Pamela,Pamela,Druckerman,BringingUpBebe,,,,,F,,124298,54,0.2591059603,17.82561308,4.365202089,3.944580949,1707,-2.2814,0.1128,-2.3943,-2.906,4,56409,https://www.goodreads.com/search?q=Pamela+Druckerman+Bringing+Up+Bebe,1
"2014_Dugoni,Robert_MySistersGrave_MY.txt",FIC,English,MY,,2014,Dugoni,Robert,Robert,Dugoni,MySistersGrave,,,,,M,US,127847,56,0.2311717861,13.18690046,4.222747322,3.338629759,7868,-2.2006,0.20688,-2.4075,-2.9203,4.07,133029,https://www.goodreads.com/search?q=Robert+Dugoni+My+Sisters+Grave,0
"2014_DunbarOrtiz,Roxanne_AnIndigenousPeoples_HIST.txt",NON,English,HIST,,2014,DunbarOrtiz,Roxanne,Roxanne,DunbarOrtiz,AnIndigenousPeoples,,,,,F,US,91624,53,0.1037735849,30.84983165,5.137000519,5.749771167,764,-2.1718,0.1229,-2.2947,-2.7674,4.38,11746,https://www.goodreads.com/search?q=+An+Indigenous+Peoples,0
"2014_Dunham,Lena_NotThatKindofGirl_ME.txt",NON,English,MEM,,2014,Dunham,Lena,Lena,Dunham,NotThatKindofGirl,,,,,F,,81488,29,0.1031941032,18.23405684,4.125290589,3.811806878,2576,-2.2133,0.15735,-2.3707,-2.8942,3.29,126336,https://www.goodreads.com/search?q=+Not+That+Kindof+Girl,1
"2014_Dyer,DrWayneW_IcanSeeClearly_ME.txt",NON,English,MEM,,2014,Dyer,DrWayneW,DrWayneW,Dyer,IcanSeeClearly,,,,,M,,146405,73,0.0829268293,25.14685675,4.271760622,4.633345974,3145,-2.3697,0.12399,-2.4937,-3.0046,4.27,3018,https://www.goodreads.com/search?q=+Ican+See+Clearly,1
"2014_Elliot,Kendra_Alone_ROM.txt",FIC,English,ROM,,2014,Elliot,Kendra,Kendra,Elliot,Alone,,,,,F,US,112417,38,0.1603498542,10.98465898,4.138888592,3.038173121,6714,-2.2285,0.23397,-2.4624,-2.9493,4.19,15408,https://www.goodreads.com/search?q=Kendra+Elliot+Alone,0
"2014_Elliot,Kendra_Vanished_ROM.txt",FIC,English,ROM,,2014,Elliot,Kendra,Kendra,Elliot,Vanished,,,,,F,US,116253,38,0.2132456552,11.36837473,4.100289286,3.063166869,6897,-2.1698,0.25196,-2.4217,-2.9539,4.17,25960,https://www.goodreads.com/search?q=Kendra+Elliot+Vanished,0
"2014_Elwes,Cary_AsYouWish_ME.txt",NON,English,MEM,,2014,Elwes,Cary,Cary,Elwes,AsYouWish,,,,,M,,84942,54,0.1998889506,17.70362651,4.167004659,3.81364633,2462,-2.3631,0.12142,-2.4845,-2.9224,4.12,60549,https://www.goodreads.com/search?q=Cary+Elwes+As+You+Wish,1
"2014_Eskens,Allen_TheLifeWeBury_MY.txt",FIC,English,MY,,2014,Eskens,Allen,Allen,Eskens,TheLifeWeBury,,,,,M,US,107958,40,0.1842941443,15.53129046,4.005832007,3.3699137,7451,-2.1195,0.23924,-2.3588,-2.8672,3.99,97048,https://www.goodreads.com/search?q=Allen+Eskens+The+Life+We+Bury,1
"2014_Evanovich,Janet_TopSecretTwentyOne_MY.txt",FIC,English,MY,,2014,Evanovich,Janet,Janet,Evanovich,TopSecretTwentyOne,,,,,F,US,91010,45,0.1675350701,11.88120104,3.956835529,2.928495267,4708,-2.3604,0.16344,-2.5239,-2.9436,3.86,56042,https://www.goodreads.com/search?q=Janet+Evanovich+Top+Secret+Twenty+One,1
"2014_Everett,Percival_PercivalEverett_PW.txt",FIC,English,PW,,2014,Everett,Percival,Percival,Everett,PercivalEverett,,GraywolfPress,PEN/FaulknerAwardforFiction,Shortlist,M,US,71606,25,0.1044776119,16.80892019,4.106126791,3.719494793,2183,-2.1835,0.17878,-2.3623,-2.8444,4.2,4195,https://www.goodreads.com/search?q=Percival+Everett+Percival+Everett,1
"2014_Faber,Michel_TheBookofStrangeNewThings_CT.txt",FIC,English,NYT,MY,2014,Faber,Michel,Michel,Faber,TheBookofStrangeNewThings,,,,,M,Netherlands,219711,63,0.2489959839,15.59893504,4.27079686,3.668760815,8567,-2.2319,0.2957,-2.5276,-3.142,3.66,29678,https://www.goodreads.com/search?q=+The+Bookof+Strange+New+Things,1
"2014_Fairstein,Linda_TerminalCity_MY.txt",FIC,English,MY,,2014,Fairstein,Linda,Linda,Fairstein,TerminalCity,,,,,F,US,136367,75,0.1881427707,13.59998005,4.14240736,3.303132542,5470,-2.2934,0.18208,-2.4755,-2.9842,3.73,3849,https://www.goodreads.com/search?q=Linda+Fairstein+Terminal+City,1
"2014_Farah,Nuruddin_HidinginPlainSight_CT.txt",FIC,English,NYT,,2014,Farah,Nuruddin,Nuruddin,Farah,HidinginPlainSight,,,,,M,Somalia,125457,37,0.2910844322,18.52037201,4.262497272,4.027232154,6142,-2.2795,0.22552,-2.505,-3.0176,4.46,3383,https://www.goodreads.com/search?q=+Hidingin+Plain+Sight,0
"2014_Fenn,Elizabeth_EncountersattheHeartoftheWorld_HIST.txt",NON,English,HIST,,2014,Fenn,Elizabeth,Elizabeth,Fenn,EncountersattheHeartoftheWorld,,,,,F,US,116582,110,0.102917342,23.3584452,4.812454968,4.745562114,2582,-2.2015,0.12125,-2.3227,-2.8084,3.97,658,https://www.goodreads.com/search?q=+Encountersatthe+Heartofthe+World,0
"2014_Ferris,Joshua_RiseAgain_PW.txt",FIC,English,PW,,2014,Ferris,Joshua,Joshua,Ferris,RiseAgain,,Viking,TheManBookerPrize,Shortlist,M,US,125316,69,0.1535855449,15.59044538,4.129884201,3.533704687,4255,-2.1348,0.25838,-2.3931,-2.9014,3.08,14655,https://www.goodreads.com/search?q=Joshua+Ferris+Rise+Again,1
"2014_Ferris,Joshua_ToRiseAgainataDecentHour_CT.txt",FIC,English,NYT,,2014,Ferris,Joshua,Joshua,Ferris,ToRiseAgainataDecentHour,,,,,M,US,125315,69,0.1536723164,15.59032098,4.12991448,3.533725489,4255,-2.1348,0.25838,-2.3931,-2.9014,3.08,14663,https://www.goodreads.com/search?q=+To+Rise+Againata+Decent+Hour,1
"2014_Fest,Joachim_NotI_NF.txt",NON,English,MIX,,2014,Fest,Joachim,Joachim,Fest,Notl,,,,,M,,134461,61,0.1301939058,25.09537141,4.534963359,4.765386776,4601,-2.266,0.27835,-2.5444,-3.086,4.17,110631,https://www.goodreads.com/search?q=+Notl,1
"2014_Fitzpatrick,Becca_BlackIce_MY.txt",FIC,English,MY,YA,2014,Fitzpatrick,Becca,Becca,Fitzpatrick,BlackIce,,,,,F,US,121744,25,0.2641304348,12.72674054,4.025560788,3.096029607,7506,-2.233,0.28759,-2.5206,-3.0106,3.87,30357,https://www.goodreads.com/search?q=Becca+Fitzpatrick+Black+Ice,1
"2014_Flanagan,Richard_NarrowRoad_PW.txt",FIC,English,PW,,2014,Flanagan,Richard,Richard,Flanagan,NarrowRoad,,Chatto&Windus,TheManBookerPrize,Winner,M,Australia,141610,65,0.1886459803,17.71896897,4.289420738,3.974836104,7616,-2.1984,0.205,-2.4034,-2.954,4.02,52972,https://www.goodreads.com/search?q=Richard+Flanagan+Narrow+Road,0
"2014_Flynn,Avery_HollywoodonTap_ROM.txt",FIC,English,ROM,,2014,Flynn,Avery,Avery,Flynn,HollywoodonTap,,,,,F,US,58940,21,0.2701465201,14.23327699,4.220547034,3.48087451,3549,-2.4157,0.13098,-2.5467,-2.9545,3.82,977,https://www.goodreads.com/search?q=+Hollywoodon+Tap,0
"2014_Ford,Richard_LetmebeFrankwithYou_CT.txt",FIC,English,NYT,,2014,Ford,Richard,Richard,Ford,LetmebeFrankwithYou,,,,,M,US,70633,23,0.1527093596,16.33132948,4.2164533,3.592504805,2021,-2.2665,0.1936,-2.4601,-2.8816,3.63,4738,https://www.goodreads.com/search?q=+Letmebe+Frankwith+You,1
"2014_Fowler,KarenJoy_WeareAll_PW.txt",FIC,English,PW,,2014,Fowler,KarenJoy,Karen Joy,Fowler,WeareAll,,G.P.Putnam'sSons,PEN/FaulknerAwardforFiction,Winner,F,US,100670,40,0.2439916405,15.78394481,4.101810294,3.555118993,3752,-2.3429,0.15872,-2.5016,-2.9742,3,1,https://www.goodreads.com/search?q=+Weare+All,1
2014_FrankelLoisP_NiceGirlsDontGetTheCornerOffice.txt,NON,English,MIX,,2014,Frankel,LoisP,LoisP,Frankel,NiceGirlsDontGetTheCornerOffice,,,,,F,,95055,14,0.125,20.50366695,4.412400934,4.37714198,618,-2.2846,0.15646,-2.441,-2.8708,3.69,15414,https://www.goodreads.com/search?q=+Nice+Girls+Dont+Get+The+Corner+Office,1
"2014_French,Tana_TheSecretPlace_MY.txt",FIC,English,MY,,2014,French,Tana,Tana,French,TheSecretPlace,,,,,F,Ireland/US,237915,55,0.1369148336,12.84985147,4.012415291,3.038023524,11667,-2.2818,0.28856,-2.5704,-3.23,3.85,74135,https://www.goodreads.com/search?q=Tana+French+The+Secret+Place,1
"2014_Freud,Esther_MrMacandMe_CT.txt",FIC,English,NYT,,2014,Freud,Esther,Esther,Freud,MrMacandMe,,,,,F,UK,107693,40,0.1603009259,17.09412698,3.859255072,3.349943037,6884,-2.4474,0.1943,-2.6417,-3.1106,3.65,1807,https://www.goodreads.com/search?q=+Mr+Macand+Me,1
"2014_Fukuyama,Francis_PoliticalOrderandPoliticalDecay_HIST.txt",NON,English,HIST,,2014,Fukuyama,Francis,Francis,Fukuyama,PoliticalOrderandPoliticalDecay,,,,,M,US,218806,62,0.0716253444,31.9378193,5.214138645,6.18597458,325,-2.2583,0.14215,-2.4004,-3.0318,4.35,3909,https://www.goodreads.com/search?q=+Political+Orderand+Political+Decay,0
"2014_Fulwiler,Jennifer_SomethingOtherthanGod_ME.txt",NON,English,MEM,,2014,Fulwiler,Jennifer,Jennifer,Fulwiler,SomethingOtherthanGod,,,,,F,,110893,36,0.3212267958,18.09906969,4.138283598,3.825940662,5374,-2.318,0.18667,-2.5046,-2.9834,4.34,3319,https://www.goodreads.com/search?q=+Something+Otherthan+God,1
"2014_Gaffigan,Jim_Food_ME.txt",NON,English,MEM,,2014,Gaffigan,Jim,Jim,Gaffigan,Food,,,,,M,,95742,25,0.1804281346,14.63944954,4.163742833,3.542526204,669,-2.0708,0.062586,-2.1334,-2.5446,3.71,29613,https://www.goodreads.com/search?q=Jim+Gaffigan+Food,1
"2014_Galbraith,Robert_TheSilkworm_CT.txt",FIC,English,NYT,MY,2014,Galbraith,Robert,Robert,Galbraith,TheSilkworm,,,,,F,UK,186986,78,0.2400624645,17.52938971,4.343075528,3.854116594,11455,-2.2393,0.28269,-2.522,-3.1077,4.04,240964,https://www.goodreads.com/search?q=Robert+Galbraith+The+Silkworm,0
"2014_Galchen,Rivka_AmericanInnovations_CT.txt",FIC,English,NYT,,2014,Galchen,Rivka,Rivka,Galchen,AmericanInnovations,,,,,F,Canada/US,58130,24,0.1830282862,15.65580393,4.144770252,3.577082886,2001,-2.2461,0.13127,-2.3774,-2.7926,3.59,1142,https://www.goodreads.com/search?q=Rivka+Galchen+American+Innovations,1
"2014_Galloway,Steven_TheConfabulist_CT.txt",FIC,English,NYT,,2014,Galloway,Steven,Steven,Galloway,TheConfabulist,,,,,M,Canada,99458,57,0.3468599034,13.99634112,4.095058064,3.421814334,5194,-2.2526,0.23006,-2.4827,-2.9628,3.38,1747,https://www.goodreads.com/search?q=Steven+Galloway+The+Confabulist,1
"2014_Gaston,Bill_JulietWasASurprise_PW.txt",FIC,English,PW,,2014,Gaston,Bill,Bill,Gaston,JulietWasASurprise,,HamishHamilton,GovernorGeneralLiteraryAwardforfiction,Shortlist,M,Canada,56550,32,0.0886597938,15.35850081,4.186973944,3.540821931,2805,-2.3529,0.068807,-2.4217,-2.7949,3.11,133,https://www.goodreads.com/search?q=Bill+Gaston+Juliet+Was+A+Surprise,0
"2014_Gates,RobertM_Duty_ME.txt",NON,English,MEM,,2014,Gates,RobertM,RobertM,Gates,Duty,,,,,M,,286570,164,0.062662057,26.84999532,4.714955643,5.11341391,6574,-2.3152,0.17407,-2.4893,-3.2028,3.91,38887,https://www.goodreads.com/search?q=+Duty,1
"2014_Gay,Roxane_AnUntamedState_CT.txt",FIC,English,NYT,,2014,Gay,Roxane,Roxane,Gay,AnUntamedState,,,,,F,US,122552,19,0.5085978836,13.05550229,4.019569586,3.201232872,9052,-2.303,0.23856,-2.5415,-3.0666,4.08,18516,https://www.goodreads.com/search?q=Roxane+Gay+An+Untamed+State,1
2014_GayRoxanne_BadFeminist.txt,NON,English,MIX,,2014,Gay,Roxanne,Roxanne,Gay,BadFeminist,,,,,F,,109297,70,0.0648055833,19.99213463,4.48916875,4.458327863,1054,-2.1246,0.12308,-2.2476,-2.7128,3.94,101221,https://www.goodreads.com/search?q=+Bad+Feminist,1
"2014_Gerritsen,Tess_DieAgain_MY.txt",FIC,English,MY,,2014,Gerritsen,Tess,Tess,Gerritsen,DieAgain,,,,,F,US,118053,59,0.1632586822,13.02150893,4.120041243,3.208706692,5615,-2.1625,0.22804,-2.3905,-2.8966,4.19,26369,https://www.goodreads.com/search?q=Tess+Gerritsen+Die+Again,1
"2014_Gibson,William_ThePeripheral_SF.txt",FIC,English,SF,,2014,Gibson,William,William,Gibson,ThePeripheral,,,,,M,US,168504,62,0.1124765674,13.00887825,4.260316511,3.267922633,8235,-2.3434,0.21449,-2.5579,-3.0859,3.93,22023,https://www.goodreads.com/search?q=William+Gibson+The+Peripheral,0
"2014_Goffman,Alice_OntheRun_NF.txt",NON,English,MIX,,2014,Goffman,Alice,Alice,Goffman,OnTheRun,,,,,F,,120575,45,0.2138959622,23.77736147,4.338866537,4.435459498,3614,-2.1474,0.20493,-2.3524,-2.9148,3.83,2977,https://www.goodreads.com/search?q=Alice+Goffman+On+The+Run,1
"2014_Goldberg,Tod_Gangsterland_CT.txt",FIC,English,NYT,,2014,Goldberg,Tod,Tod,Goldberg,Gangsterland,,,,,M,US,139401,48,0.240942029,17.28040164,4.121924045,3.68525159,5082,-2.2908,0.2171,-2.5079,-3.0391,3.85,1313,https://www.goodreads.com/search?q=Tod+Goldberg+Gangsterland,0
"2014_Gould,Steven_Exo_SF.txt",FIC,English,SF,YA,2014,Gould,Steven,Steven,Gould,Exo,,,,,M,US,173221,59,0.0957891353,12.7181351,4.192452857,3.23886401,9164,-2.1529,0.27305,-2.4259,-2.9974,4.12,2678,https://www.goodreads.com/search?q=Steven+Gould+Exo,1
"2014_Graff,Lisa_AbsolutelyAlmost_MG.txt",FIC,English,MID,,2014,Graff,Lisa,Lisa,Graff,AbsolutelyAlmost,,,,,F,,59336,27,0.2042160738,13.29509299,3.858806226,2.994961245,3115,-2.4028,0.10404,-2.5069,-2.8748,4.02,9310,https://www.goodreads.com/search?q=Lisa+Graff+Absolutely+Almost,1
"2014_Grant,James_TheForgottenDepression_HIST.txt",NON,English,HIST,,2014,Grant,James,James,Grant,TheForgottenDepression,,,,,M,US,92996,48,0.1460674157,25.92584332,4.796892232,5.02443743,1110,-2.2685,0.15575,-2.4242,-2.8729,3.9,280,https://www.goodreads.com/search?q=James+Grant+The+Forgotten+Depression,0
"2014_Gray,Claudia_AThousandPiecesofYou_SF.txt",FIC,English,SF,YA,2014,Gray,Claudia,Claudia,Gray,AThousandPiecesofYou,,,,,F,US,109988,24,0.3004944846,14.2268788,4.008742007,3.266602774,4177,-2.3813,0.16871,-2.55,-3.0357,3.9,54995,https://www.goodreads.com/search?q=+A+Thousand+Piecesof+You,1
"2014_Greenfield,Martin_MeasureofaMan_ME.txt",NON,English,MEM,,2014,Greenfield,Martin,Martin,Greenfield,MeasureofaMan,,,,,M,,71047,80,0.0641148325,13.96913095,4.249008118,3.504268445,3154,-2.2334,0.13594,-2.3693,-2.7795,3.73,12278,https://www.goodreads.com/search?q=+Measureofa+Man,1
"2014_Gregory,Daryl_Afterparty_SF.txt",FIC,English,SF,,2014,Gregory,Daryl,Daryl,Gregory,Afterparty,,,,,M,US,126757,47,0.1594565606,12.56263627,4.078305242,3.113217342,7281,-2.1323,0.28615,-2.4184,-2.9348,3.73,3637,https://www.goodreads.com/search?q=Daryl+Gregory+Afterparty,1
"2014_Hadley,Tessa_CleverGirl_CT.txt",FIC,English,NYT,,2014,Hadley,Tessa,Tessa,Hadley,CleverGirl,,,,,F,UK,100812,45,0.0952908587,21.36752861,4.162100925,4.077569229,3539,-2.434,0.12308,-2.5571,-3.0144,3.48,2682,https://www.goodreads.com/search?q=Tessa+Hadley+Clever+Girl,1
"2014_Halbreich,Betty_IllDrinkToThat_ME.txt",NON,English,MEM,,2014,Halbreich,Betty,Betty,Halbreich,IllDrinkToThat,,,,,F,,88444,44,0.2033519553,20.19269406,4.253947506,4.1300796,1943,-2.3915,0.14004,-2.5316,-2.9774,3.6,3599,https://www.goodreads.com/search?q=Betty+Halbreich+Ill+Drink+To+That,1
"2014_Han,Jenny_ToAlltheBoysIVeLovedBefore_YA.txt",FIC,English,YA,,2014,Han,Jenny,Jenny,Han,ToAlltheBoysIVeLovedBefore,,,,,F,,106469,35,0.2352734923,11.95743486,3.758947601,2.773556754,5334,-2.3248,0.23831,-2.5632,-3.0207,4.37,2890,https://www.goodreads.com/search?q=+To+Allthe+Boys+I+Ve+Loved+Before,1
"2014_Harari,Yuval_SapiensABriefHistory_HIST.txt",NON,English,HIST,,2014,Harari,Yuval,Yuval,Harari,SapiensABriefHistory,,,,,M,Israel,154419,53,0.114973262,21.64246671,4.92877422,5.036345335,440,-2.0663,0.087158,-2.1535,-2.6759,4.39,767793,https://www.goodreads.com/search?q=Yuval+Harari+Sapiens+A+Brief+History,0
"2014_Harber,Cristin_SweetGirl_ROM.txt",FIC,English,ROM,,2014,Harber,Cristin,Cristin,Harber,SweetGirl,,,,,F,US,64349,19,0.2640299305,10.37719723,4.078481313,2.79684431,4507,-2.3035,0.20887,-2.5124,-2.9328,4.06,6020,https://www.goodreads.com/search?q=Cristin+Harber+Sweet+Girl,0
"2014_Harlow,Melanie_Forked_ROM.txt",FIC,English,ROM,,2014,Harlow,Melanie,Melanie,Harlow,Forked,,,,,F,US,98395,15,0.4575812274,12.62445471,3.899973841,2.991011927,6098,-2.2781,0.29523,-2.5733,-3.0264,4.14,4828,https://www.goodreads.com/search?q=Melanie+Harlow+Forked,1
"2014_Harris,Dan_10%Happier_ME.txt",NON,English,MEM,,2014,Harris,Dan,Dan,Harris,10%Happier,,,,,M,,94094,48,0.0990338164,20.41527446,4.406376732,4.288924827,2637,-2.3622,0.16856,-2.5308,-2.9702,3.92,95590,https://www.goodreads.com/search?q=Dan+Harris+10%+Happier,1
"2014_Harris,NeilPatrick_ChooseYourOwnAutobiography_ME.txt",NON,English,MEM,,2014,Harris,NeilPatrick,NeilPatrick,Harris,ChooseYourOwnAutobiography,,,,,M,,89769,49,0.1304909561,18.21611201,4.233800533,3.902303777,986,-2.208,0.1615,-2.3695,-2.8297,3.81,34825,https://www.goodreads.com/search?q=NeilPatrick+Harris+Choose+Your+Own+Autobiography,1
"2014_Harun,Adrianne_AManCameOutofaDoorintheMountain_CT.txt",FIC,English,NYT,,2014,Harun,Adrianne,Adrianne,Harun,AManCameOutofaDoorintheMountain,,,,,F,US,85479,34,0.1549566891,18.940616,4.230790401,3.880430902,4272,-2.23,0.21771,-2.4477,-2.8969,3.22,1114,https://www.goodreads.com/search?q=+A+Man+Came+Outofa+Doorinthe+Mountain,1
"2014_Hawkins,Paula_TheGirlontheTrain_CT.txt",FIC,English,NYT,,2014,Hawkins,Paula,Paula,Hawkins,TheGirlontheTrain,,,,,F,Zimbabwe/UK,127386,29,0.1500313873,14.69442842,3.803648028,3.093504156,7307,-2.3123,0.26596,-2.5783,-3.1194,3.95,2510539,https://www.goodreads.com/search?q=+The+Girlonthe+Train,1
"2014_Healey,Emma_ElizabethisMissing_MY.txt",FIC,English,MY,,2014,Healey,Emma,Emma,Healey,ElizabethisMissing,,,,,F,UK,119654,25,0.152173913,13.84563758,3.849452747,3.065802759,7836,-2.3384,0.26056,-2.599,-3.0923,3.72,62161,https://www.goodreads.com/search?q=+Elizabethis+Missing,1
"2014_Helle,Helle_ThisShouldBeWrittenInThePresentTense_CT.txt",FIC,English,NYT,,2014,Helle,Helle,Helle,Helle,ThisShouldbeWritteninthePresentTense,,VintageDigital,,,F,,45980,9,0.2355072464,13.88285024,3.815094438,3.061690065,3438,-2.4733,0.20533,-2.6787,-3.0537,3.36,1899,https://www.goodreads.com/search?q=+This+Shouldbe+Writteninthe+Present+Tense,1
"2014_Heller,Peter_ThePainter_CT.txt",FIC,English,NYT,,2014,Heller,Peter,Peter,Heller,ThePainter,,,,,M,US,119611,27,0.1175771971,13.18899548,3.988547027,3.168782005,7119,-2.2468,0.25276,-2.4996,-3.0183,3.8,14092,https://www.goodreads.com/search?q=Peter+Heller+The+Painter,1
"2014_Hendrix,Grady_Horrorstor_MY.txt",FIC,English,MY,,2014,Hendrix,Grady,Grady,Hendrix,Horrorstor,,,,,M,US,67087,11,0.373523622,13.50926299,4.248408226,3.328638767,4506,-2.1829,0.1825,-2.3654,-2.8009,3.65,52645,https://www.goodreads.com/search?q=Grady+Hendrix+Horrorstor,0
"2014_Heppner,Vaughn_StarViking_SF.txt",FIC,English,SF,,2014,Heppner,Vaughn,Vaughn,Heppner,StarViking,,,,,M,Canada,134739,47,0.1124045107,11.41759173,4.249125947,3.12823863,7956,-2.2741,0.19212,-2.4663,-2.9609,4.1,1547,https://www.goodreads.com/search?q=Vaughn+Heppner+Star+Viking,1
"2014_Herbert,Brian_HellholeInferno_SF.txt",FIC,English,SF,,2014,Herbert,Brian,Brian,Herbert,HellholeInferno,,,,,M,US,173464,75,0.1053026045,16.23130907,4.628420069,4.134066288,8492,-2.2279,0.25913,-2.487,-3.0744,3.86,762,https://www.goodreads.com/search?q=Brian+Herbert+Hellhole+Inferno,0
"2014_Higson,Charlie_TheHunted_SF.txt",FIC,English,SF,YA,2014,Higson,Charlie,Charlie,Higson,TheHunted,,,,,M,UK,137433,69,0.1580729167,12.449769,3.966800956,3.014187305,8068,-2.243,0.20648,-2.4495,-2.9874,4.49,3303,https://www.goodreads.com/search?q=Charlie+Higson+The+Hunted,0
"2014_Hile,Christiaan_Deception_SF.txt",FIC,English,SF,,2014,Hile,Christiaan,Christiaan,Hile,Deception,,,,,M,US,85533,57,0.1135430917,13.67215473,4.415394852,3.578607422,5259,-2.1174,0.20841,-2.3258,-2.8001,4,24,https://www.goodreads.com/search?q=Christiaan+Hile+Deception,0.98
"2014_Hile,Christiaan_War267_SF.txt",FIC,English,SF,,2014,Hile,Christiaan,Christiaan,Hile,War267,,,,,M,US,63984,35,0.1854091092,14.0655089,4.483735262,3.695349546,4715,-2.1305,0.19669,-2.3272,-2.773,3.79,48,https://www.goodreads.com/search?q=+War267,0
"2014_Hinton,Lynne_SisterEvePrivateEye_MY.txt",FIC,English,MY,,2014,Hinton,Lynne,Lynne,Hinton,SisterEvePrivateEye,,,,,F,US,94192,38,0.377834831,13.37764522,4.123773829,3.307952164,6612,-2.2428,0.25632,-2.4992,-2.9581,3.42,781,https://www.goodreads.com/search?q=Lynne+Hinton+Sister+Eve+Private+Eye,0
"2014_Hoban,Phoebe_LucianFreud_NF.txt",NON,English,MIX,,2014,Hoban,Phoebe,Phoebe,Hoban,LucianFreud,,,,,F,,58275,58,0.3124042879,24.24084859,4.503499509,4.558616708,1157,-2.2917,0.16022,-2.4519,-2.843,3.58,173,https://www.goodreads.com/search?q=Phoebe+Hoban+Lucian+Freud,0
"2014_Hobbs,Allyson_AChosenExile_HIST.txt",NON,English,HIST,,2014,Hobbs,Allyson,Allyson,Hobbs,AChosenExile,,,,,F,US,90465,88,0.1051136364,29.37175325,4.880599465,5.458960387,1176,-2.1895,0.14814,-2.3377,-2.7995,3.98,496,https://www.goodreads.com/search?q=Allyson+Hobbs+A+Chosen+Exile,0
"2014_Hoffman,Alice_TheMuseumofExtraordinaryThings_CT.txt",FIC,English,NYT,,2014,Hoffman,Alice,Alice,Hoffman,TheMuseumofExtraordinaryThings,,,,,F,US,135988,36,0.2858601327,18.23139831,4.167279675,3.840964798,6082,-2.2721,0.25761,-2.5298,-3.0619,3.75,50184,https://www.goodreads.com/search?q=+The+Museumof+Extraordinary+Things,1
"2014_Hoffman,Cara_BeSafeILoveYou_CT.txt",FIC,English,NYT,,2014,Hoffman,Cara,Cara,Hoffman,BeSafeILoveYou,,,,,F,US,99938,33,0.208973571,15.60312256,4.127580265,3.532516002,5974,-2.2187,0.28818,-2.5069,-3.0154,3.52,888,https://www.goodreads.com/search?q=Cara+Hoffman+Be+Safe+I+Love+You,0
"2014_Hoffman,Carl_SavageHarvest_HIST.txt",NON,English,HIST,,2014,Hoffman,Carl,Carl,Hoffman,SavageHarvest,,,,,M,US,117632,80,0.1929328622,20.80141468,4.460784019,4.241562688,4256,-2.1594,0.17467,-2.3341,-2.8645,3.64,4839,https://www.goodreads.com/search?q=Carl+Hoffman+Savage+Harvest,1
"2014_Holden,Kim_BrightSide_ROM.txt",FIC,English,ROM,,2014,Holden,Kim,Kim,Holden,BrightSide,,,,,F,US,166101,43,0.3350062735,11.4002059,3.85844172,2.825268335,7957,-2.3348,0.19224,-2.5271,-3.102,4.33,42440,https://www.goodreads.com/search?q=Kim+Holden+Bright+Side,1
"2014_HoldenRothman,Claire_MyOctober_PW.txt",FIC,English,PW,,2014,HoldenRothman,Claire,Claire,Holden Rothman,MyOctober,,Penguin,GovernorGeneralLiteraryAwardforfiction,Shortlist,F,Canada,111559,42,0.2173139638,12.13521157,4.247223464,3.240917993,6669,-2.3605,0.17998,-2.5405,-3.0174,3.82,954,https://www.goodreads.com/search?q=+My+October,0
"2014_Holm,Jennifer_TheFourteenthGoldfish_MG.txt",FIC,English,MID,,2014,Holm,Jennifer,Jennifer,Holm,TheFourteenthGoldfish,,,,,F,,33103,14,0.381097561,10.90349144,3.977078019,2.82054368,1774,-2.4118,0.13882,-2.5506,-2.9038,3.89,21225,https://www.goodreads.com/search?q=Jennifer+Holm+The+Fourteenth+Goldfish,1
"2014_Hoover,Colleen_MaybeSomeday_ROM.txt",FIC,English,ROM,,2014,Hoover,Colleen,Colleen,Hoover,MaybeSomeday,,,,,F,US,123404,11,0.3296703297,14.35932046,3.796246799,3.134945445,7215,-2.2668,0.225,-2.4918,-3.0653,4.2,242540,https://www.goodreads.com/search?q=Colleen+Hoover+Maybe+Someday,1
"2014_Hoover,Colleen_UglyLove_ROM.txt",FIC,English,ROM,,2014,Hoover,Colleen,Colleen,Hoover,UglyLove,,,,,F,US,106640,17,0.2410460489,12.43470149,3.796707286,2.928584543,7169,-2.334,0.19405,-2.5281,-3.0374,4.25,600970,https://www.goodreads.com/search?q=Colleen+Hoover+Ugly+Love,1
"2014_Howard,Tim_TheKeeper_ME.txt",NON,English,MEM,,2014,Howard,Tim,Tim,Howard,TheKeeper,,,,,M,,91976,82,0.1141018139,14.72558437,4.108981218,3.394663207,3373,-2.2796,0.20705,-2.4866,-2.9384,4.01,925,https://www.goodreads.com/search?q=Tim+Howard+The+Keeper,1
"2014_Huffington,Arianna_Thrive_ME.txt",NON,English,MEM,,2014,Huffington,Arianna,Arianna,Huffington,Thrive,,,,,F,,82938,19,0.1360946746,23.72368421,4.521839337,4.684271967,951,-2.2632,0.09066,-2.3538,-2.7914,3.68,17059,https://www.goodreads.com/search?q=Arianna+Huffington+Thrive,0.99
"2014_Huneven,Michelle_OffCourse_CT.txt",FIC,English,NYT,,2014,Huneven,Michelle,Michelle,Huneven,OffCourse,,,,,F,US,109029,52,0.2916392363,13.69883151,4.207735389,3.299647272,5114,-2.3021,0.25922,-2.5613,-3.0151,3.38,1017,https://www.goodreads.com/search?q=Michelle+Huneven+Off+Course,0
"2014_Hustvedt,Siri_TheBlazingWorld_CT.txt",FIC,English,NYT,,2014,Hustvedt,Siri,Siri,Hustvedt,TheBlazingWorld,,,,,F,US,147403,88,0.22,17.09813247,4.194324187,3.791264338,5228,-2.1871,0.21581,-2.4029,-3.0012,3.69,7663,https://www.goodreads.com/search?q=Siri+Hustvedt+The+Blazing+World,1
"2014_Ingermanson,RS_Transgression_SF.txt",FIC,English,SF,,2014,Ingermanson,RS,RS,Ingermanson,Transgression,,,,,M,US,133916,43,0.3129126926,10.8049056,4.146572366,2.995860954,7436,-2.1691,0.25555,-2.4247,-2.9618,4.01,1398,https://www.goodreads.com/search?q=RS+Ingermanson+Transgression,0
"2014_Ione,Larissa_Azagoth_ROM.txt",FIC,English,ROM,,2014,Ione,Larissa,Larissa,Ione,Azagoth,,,,,F,US,60429,20,0.3276283619,14.04998837,4.1688142,3.42059197,3398,-2.2884,0.24454,-2.5329,-2.9444,4.33,4863,https://www.goodreads.com/search?q=Larissa+Ione+Azagoth,0
"2014_Irving,Debby_WakingUpWhite_ME.txt",NON,English,MEM,,2014,Irving,Debby,Debby,Irving,WakingUpWhite,,,,,F,,102568,28,0.1414790997,21.21803889,4.483230786,4.446419299,1928,-2.2623,0.16703,-2.4293,-2.8999,4.03,9410,https://www.goodreads.com/search?q=Debby+Irving+Waking+Up+White,1
"2014_Itani,Frances_Tell_PW.txt",FIC,English,PW,NYT,2014,Itani,Frances,Frances,Itani,Tell,,HarperCollins,ScotiabankGillerPrize,Shortlist,F,Canada,95206,38,0.1781094527,15.65115897,4.133968903,3.579318063,4078,-2.2005,0.2579,-2.4584,-2.9306,3.66,1158,https://www.goodreads.com/search?q=Frances+Itani+Tell,0
"2014_Itaranta,Emmi_MemoryofWater_SF.txt",FIC,English,SF,YA,2014,Itaranta,Emmi,Emmi,Itaranta,MemoryofWater,,,,,F,Finland,89364,20,0.4191461837,17.80514047,4.146810482,3.80289136,5292,-2.3493,0.20738,-2.5566,-3.0065,3.69,7312,https://www.goodreads.com/search?q=+Memoryof+Water,1
"2014_Jackson,Lee_DirtyOldLondon_HIST.txt",NON,English,HIST,,2014,Jackson,Lee,Lee,Jackson,DirtyOldLondon,,,,,M,UK,113372,32,0.2850746269,29.29509044,5.0493353,5.533932703,1004,-2.3545,0.062573,-2.4171,-2.8558,3.77,378,https://www.goodreads.com/search?q=Lee+Jackson+Dirty+Old+London,0
"2014_Jacobsen,Annie_OperationPaperclip_NF.txt",NON,English,MIX,,2014,Jacobsen,Annie,Annie,Jacobsen,OperationPaperclip,,,,,F,,169732,194,0.0551868669,22.27454068,4.865416213,4.812214254,4891,-2.2248,0.15843,-2.3832,-2.9443,4.08,4716,https://www.goodreads.com/search?q=Annie+Jacobsen+Operation+Paperclip,0
"2014_Jacobson,Howard_J_PW.txt",FIC,English,PW,NYT,2014,Jacobson,Howard,Howard,Jacobson,J,,Cape,TheManBookerPrize,Shortlist,M,UK,126308,41,0.3161169882,14.78150965,4.213928075,3.554561039,3574,-2.2419,0.25019,-2.4921,-3.0269,2.8,14758,https://www.goodreads.com/search?q=Howard+Jacobson+J,0.86
"2014_James,Elle_SEALsEmbrace_ROM.txt",FIC,English,ROM,,2014,James,Elle,Elle,James,SEALsEmbrace,,,,,F,US,35294,16,0.3866877971,13.1253254,4.129414173,3.227795949,2765,-2.1974,0.19222,-2.3896,-2.8176,4.2,469,https://www.goodreads.com/search?q=+S+E+A+Ls+Embrace,0
"2014_James,Marlon_ABriefHistoryofSevenKillings_CT.txt",FIC,English,NYT,,2014,James,Marlon,Marlon,James,ABriefHistoryofSevenKillings,,,,,M,Jamaica,286673,130,0.1217910448,14.44050977,3.900555328,3.271847794,7778,-2.2047,0.25967,-2.4643,-3.2342,3.89,31346,https://www.goodreads.com/search?q=+A+Brief+Historyof+Seven+Killings,1
"2014_Jauhar,Sandeep_Doctored_ME.txt",NON,English,MEM,,2014,Jauhar,Sandeep,Sandeep,Jauhar,Doctored,,,,,M,,116348,44,0.125,16.69028834,4.43611955,3.982594732,4268,-2.0751,0.32938,-2.4044,-2.9158,3.73,4192,https://www.goodreads.com/search?q=Sandeep+Jauhar+Doctored,1
"2014_Jeffries,Donald_HiddenHIstory_HIST.txt",NON,English,HIST,,2014,Jeffries,Donald,Donald,Jeffries,HiddenHIstory,,,,,M,US,178905,281,0.0610787943,26.710212,4.830012263,5.108495184,4892,-2.1922,0.13742,-2.3296,-2.873,4.06,523,https://www.goodreads.com/search?q=+Hidden+H+Istory,0
"2014_Jewel,Bella_TilDeathVolumeOne_ROM.txt",FIC,English,ROM,,2014,Jewel,Bella,Bella,Jewel,TilDeathVolumeOne,,,,,F,Australia,53241,18,0.2645962733,11.1057572,3.756096399,2.646178962,3934,-2.3117,0.22315,-2.5349,-2.9478,4,12119,https://www.goodreads.com/search?q=Bella+Jewel+Til+Death+Volume+One,1
"2014_Jin,Ha_AMapofBetrayal_CT.txt",FIC,English,NYT,,2014,Jin,Ha,Ha,Jin,AMapofBetrayal,,,,,M,China,109709,47,0.2880242547,18.03830977,4.309954727,4.014850165,3772,-2.1485,0.31369,-2.4621,-2.9639,3.4,1882,https://www.goodreads.com/search?q=+A+Mapof+Betrayal,1
"2014_Johns,Glyn_SoundMan_ME.txt",NON,English,MEM,,2014,Johns,Glyn,Glyn,Johns,SoundMan,,,,,M,,86526,101,0.0457920792,24.44237288,4.237817411,4.45710695,3019,-2.4663,0.15049,-2.6168,-3.0459,3.64,1307,https://www.goodreads.com/search?q=Glyn+Johns+Sound+Man,1
"2014_Johnson,Jean_Hardship_SF.txt",FIC,English,SF,,2014,Johnson,Jean,Jean,Johnson,Hardship,,,,,F,US,116810,58,0.3087512291,18.01789295,4.361496792,3.979977823,5067,-2.3092,0.19725,-2.5064,-2.9935,4.17,1872,https://www.goodreads.com/search?q=Jean+Johnson+Hardship,0
"2014_Jones,Darynda_SixthGraveontheEdge_MY.txt",FIC,English,MY,,2014,Jones,Darynda,Darynda,Jones,SixthGraveontheEdge,,,,,F,US,124838,70,0.1658589122,11.65838625,3.938224169,2.909545891,7483,-2.356,0.21105,-2.567,-3.0431,4.33,30260,https://www.goodreads.com/search?q=+Sixth+Graveonthe+Edge,1
"2014_Jones,Sadie_Fallout_CT.txt",FIC,English,NYT,,2014,Jones,Sadie,Sadie,Jones,Fallout,,,,,F,UK,136693,49,0.2562737643,13.51121874,4.134829925,3.258606222,9259,-2.3174,0.23681,-2.5542,-3.0958,3.5,1267,https://www.goodreads.com/search?q=Sadie+Jones+Fallout,0
"2014_Kaplan,RobertD_AsiasCauldron_HIST.txt",NON,English,HIST,,2014,Kaplan,RobertD,RobertD,Kaplan,AsiasCauldron,,,,,M,US,76631,38,0.1314102564,31.38042588,4.934180858,5.711285445,388,-2.259,0.098965,-2.358,-2.7889,3.96,2478,https://www.goodreads.com/search?q=+Asias+Cauldron,0
"2014_Kapoor,Deepti_ABadCharacter_CT.txt",FIC,English,NYT,,2014,Kapoor,Deepti,Deepti,Kapoor,ABadCharacter,,,,,F,India,52042,7,0.4150943396,16.62152667,3.993694015,3.543650081,2725,-2.1298,0.31327,-2.443,-2.866,3.31,760,https://www.goodreads.com/search?q=Deepti+Kapoor+A+Bad+Character,1
"2014_Karsak,Melanie_ChasingtheGreenFairy_SF.txt",FIC,English,SF,,2014,Karsak,Melanie,Melanie,Karsak,ChasingtheGreenFairy,,,,,F,US,76260,43,0.1873650108,11.37869293,4.084149142,2.99899559,6628,-2.248,0.13976,-2.3877,-2.8192,4.21,349,https://www.goodreads.com/search?q=+Chasingthe+Green+Fairy,1
"2014_Kaysen,Susanna_Cambridge_CT.txt",FIC,English,NYT,,2014,Kaysen,Susanna,Susanna,Kaysen,Cambridge,,,,,F,US,93309,35,0.164923572,13.43735599,4.110050385,3.26802765,3758,-2.1574,0.25584,-2.4132,-2.8795,3.24,978,https://www.goodreads.com/search?q=Susanna+Kaysen+Cambridge,1
"2014_Kennan,George_TheKennanDiaries_NF.txt",NON,English,MIX,,2014,Kennan,George,George,Kennan,TheKennanDiaries,,,,,M,,297507,106,0.1677018634,26.5607535,4.587502827,4.991939294,5684,-2.2564,0.27272,-2.5291,-3.2861,4.13,68,https://www.goodreads.com/search?q=George+Kennan+The+Kennan+Diaries,1
"2014_Kertzer,DavidI_ThePopeandMussolini_HIST.txt",NON,English,HIST,,2014,Kertzer,DavidI,DavidI,Kertzer,ThePopeandMussolini,,,,,M,US,149416,94,0.2209150327,25.65521978,4.746352628,5.039744234,5334,-2.309,0.19309,-2.5021,-3.0457,4.12,2245,https://www.goodreads.com/search?q=+The+Popeand+Mussolini,0
"2014_Kessler,Ronald_TheFirstFamilyDetail_HIST.txt",NON,English,HIST,,2014,Kessler,Ronald,Ronald,Kessler,TheFirstFamilyDetail,,,,,M,US,76377,87,0.0459693538,22.17039187,4.603502123,4.658289451,1916,-2.1194,0.21076,-2.3302,-2.7524,3.32,3142,https://www.goodreads.com/search?q=Ronald+Kessler+The+First+Family+Detail,0
"2014_Kidd,SueMonk_TheInventionofWings_BS.txt",FIC,English,BS,NYT,2014,SueMonk,Kidd,Kidd,SueMonk,TheInventionofWings,,,,,F,US,145970,71,0.11328,15.91994765,4.074817385,3.481096196,8364,-2.2608,0.27824,-2.539,-3.071,4.24,292818,https://www.goodreads.com/search?q=+The+Inventionof+Wings,1
"2014_Kim,Suki_WithoutYouThereisNoUs_ME.txt",NON,English,MEM,,2014,Kim,Suki,Suki,Kim,WithoutYouThereisNoUs,,,,,F,,98602,34,0.1831238779,21.0598035,4.345012035,4.23021784,3056,-2.3313,0.15513,-2.4864,-2.9657,3.92,18437,https://www.goodreads.com/search?q=+Without+You+Thereis+No+Us,1
"2014_King,Stephen_Revival_CT.txt",FIC,English,NYT,,2014,King,Stephen,Stephen,King,Revival,,,,,M,US,151761,65,0.1514910537,14.48792363,4.037221557,3.305661817,6809,-2.3529,0.15608,-2.509,-3.0429,3.79,111146,https://www.goodreads.com/search?q=Stephen+King+Revival,1
"2014_King,Thomas_TheBackoftheTurtle_PW.txt",FIC,English,PW,,2014,King,Thomas,Thomas,King,TheBackoftheTurtle,,HarperCollins,GovernorGeneralLiteraryAwardforfiction,Winner,M,Canada,137780,50,0.1691623772,12.19399947,4.211105909,3.149504997,6541,-2.2105,0.23613,-2.4466,-2.9458,4.09,2990,https://www.goodreads.com/search?q=+The+Backofthe+Turtle,0
"2014_Kinney,Jeff_TheLongHaul_MG.txt",FIC,English,MID,,2014,Kinney,Jeff,Jeff,Kinney,TheLongHaul,,,,,M,,21838,6,0.3741007194,19.2744925,3.885224207,3.474056973,986,-2.4332,0.04566,-2.4788,-2.8272,4.34,64899,https://www.goodreads.com/search?q=Jeff+Kinney+The+Long+Haul,0
"2014_Kissinger,Henry_WorldOrder_ME.txt",NON,English,MEM,,2014,Kissinger,Henry,Henry,Kissinger,WorldOrder,,,,,M,,128238,50,0.0888610763,29.97615708,5.171444317,6.000252943,432,-2.2701,0.1066,-2.3767,-2.8882,4.06,10229,https://www.goodreads.com/search?q=Henry+Kissinger+World+Order,0
"2014_Klay,Phil_Redeployment_PW.txt",FIC,English,PW,NYT,2014,Klay,Phil,Phil,Klay,Redeployment,,ThePenguinPress,TheNationalBookAwards,Winner,M,US,99898,66,0.0766798419,13.47969235,3.986050986,3.105997989,4851,-2.2525,0.16472,-2.4172,-2.8739,3.96,23148,https://www.goodreads.com/search?q=Phil+Klay+Redeployment,1
2014_KleinNaomi_ThisChangesEverything.txt,NON,English,MIX,,2014,Klein,Naomi,Naomi,Klein,ThisChangesEverything,,,,,F,,202986,49,0.2038123167,33.52369942,4.891452412,5.691727494,1363,-2.2602,0.12287,-2.383,-2.9794,4.16,23198,https://www.goodreads.com/search?q=Naomi+Klein+This+Changes+Everything,0
"2014_Kloos,Marko_LinesofDeparture_SF.txt",FIC,English,SF,,2014,Kloos,Marko,Marko,Kloos,LinesofDeparture,,,,,M,US/Germany,115564,34,0.219037871,18.19905512,4.234340682,3.856455836,3826,-2.3256,0.14421,-2.4698,-2.9527,4.14,18122,https://www.goodreads.com/search?q=+Linesof+Departure,1
"2014_Knight,Michelle_FindingMe_ME.txt",NON,English,MEM,,2014,Knight,Michelle,Michelle,Knight,FindingMe,,,,,F,,84244,24,0.2013651877,14.47989,3.787639258,3.16993611,4303,-2.4471,0.092947,-2.5401,-2.976,4.13,25114,https://www.goodreads.com/search?q=Michelle+Knight+Finding+Me,1
"2014_Koch,Herman_SummerHouse_CT.txt",FIC,English,NYT,,2014,Koch,Herman,Herman,Koch,SummerHouse,,,,,M,Netherlands,132115,24,0.1594867094,12.2874814,4.044801781,3.133526524,5904,-2.2157,0.25051,-2.4662,-3.0118,3.44,23541,https://www.goodreads.com/search?q=Herman+Koch+Summer+House,1
2014_KolbertElizabeth_TheSixthExtinction.txt,NON,English,MIX,,2014,Kolbert,Elizabeth,Elizabeth,Kolbert,TheSixthExtinction,,,,,F,,97901,45,0.1248554913,23.34867637,4.649414635,4.783877976,1729,-2.2273,0.10611,-2.3334,-2.7717,4.14,60426,https://www.goodreads.com/search?q=Elizabeth+Kolbert+The+Sixth+Extinction,0
"2014_Korelitz,JeanHanff_YouShouldHaveKnown_CT.txt",FIC,English,NYT,,2014,Korelitz,JeanHanff,JeanHanff,Korelitz,YouShouldHaveKnown,,,,,F,US,178229,66,0.3384397163,16.0523282,4.244251686,3.706138049,6971,-2.2972,0.24599,-2.5432,-3.1269,3.44,26713,https://www.goodreads.com/search?q=+You+Should+Have+Known,0
"2014_Krist,Gary_EmpireofSin_HIST.txt",NON,English,HIST,,2014,Krist,Gary,Gary,Krist,EmpireofSin,,,,,M,US,124459,111,0.0808128544,25.29140419,4.625661044,4.853641643,4029,-2.1866,0.2406,-2.4272,-2.9271,4.12,7600,https://www.goodreads.com/search?q=+Empireof+Sin,0
"2014_Kubica,Mary_TheGoodGirl_MY.txt",FIC,English,MY,,2014,Kubica,Mary,Mary,Kubica,TheGoodGirl,,,,,F,US,123402,32,0.4210836278,13.00611298,3.886532935,3.047469805,6742,-2.2915,0.19027,-2.4818,-3.0029,3.82,216668,https://www.goodreads.com/search?q=Mary+Kubica+The+Good+Girl,1
"2014_Langston,K_UntilYoureMine_ROM.txt",FIC,English,ROM,,2014,Langston,K,K,Langston,UntilYoureMine,,,,,F,US,59029,18,0.3327674024,12.74098856,4.012876415,3.119678087,4367,-2.366,0.2324,-2.5984,-3.0081,4.08,1368,https://www.goodreads.com/search?q=K+Langston+Until+Youre+Mine,1
"2014_Lashner,William_Bagmen_MY.txt",FIC,English,MY,,2014,Lashner,William,William,Lashner,Bagmen,,,,,M,US,131204,56,0.0951704545,14.38798114,4.020767977,3.246076931,5520,-2.3124,0.1942,-2.5066,-3.0053,3.83,643,https://www.goodreads.com/search?q=William+Lashner+Bagmen,1
"2014_Lashner,William_TheBarkeep_MY.txt",FIC,English,MY,,2014,Lashner,William,William,Lashner,TheBarkeep,,,,,M,US,150448,47,0.2807621064,14.63074978,4.012937651,3.290178518,6716,-2.1994,0.30406,-2.5035,-3.0546,3.57,6903,https://www.goodreads.com/search?q=William+Lashner+The+Barkeep,0
"2014_Lauren,Christina_SweetFilthyBoy_ROM.txt",FIC,English,ROM,,2014,Lauren,Christina,Christina,Lauren,SweetFilthyBoy,,,,,F,US,122187,17,0.3692003949,15.65295926,3.93208945,3.332289269,8298,-2.3101,0.30005,-2.6101,-3.1051,4.06,44076,https://www.goodreads.com/search?q=Christina+Lauren+Sweet+Filthy+Boy,1
"2014_Lazar,Zachary_IPitythePoorImmigrant_CT.txt",FIC,English,NYT,,2014,Lazar,Zachary,Zachary,Lazar,IPitythePoorImmigrant,,,,,M,US,71076,39,0.1408934708,19.28792402,4.224795729,3.953647666,2810,-2.2732,0.17251,-2.4457,-2.8902,3.19,239,https://www.goodreads.com/search?q=+I+Pitythe+Poor+Immigrant,1
"2014_Lear,Norman_EvenThisIGotToExperience_ME.txt",NON,English,MEM,,2014,Lear,Norman,Norman,Lear,EvenThisIGotToExperience,,,,,M,,185057,173,0.0513767629,24.2952606,4.255736726,4.371959186,5492,-2.3965,0.14371,-2.5402,-3.0772,3.85,1174,https://www.goodreads.com/search?q=+Even+This+I+Got+To+Experience,1
"2014_Leckie,Ann_AncillarySword_SF.txt",FIC,English,SF,,2014,Leckie,Ann,Ann,Leckie,AncillarySword,,,,,F,US,135705,56,0.1125501079,15.32004967,4.352502547,3.662478166,5700,-2.3632,0.15937,-2.5225,-3.0378,4.06,47110,https://www.goodreads.com/search?q=Ann+Leckie+Ancillary+Sword,1
"2014_Lee,ChangRae_OnSuchaFullSea_CT.txt",FIC,English,NYT,,2014,Lee,ChangRae,ChangRae,Lee,OnSuchaFullSea,,,,,M,SouthKorea/US,132720,39,0.3016224189,28.28041764,4.333539961,4.747154383,4023,-2.3105,0.22548,-2.536,-3.0757,3.49,10845,https://www.goodreads.com/search?q=+On+Sucha+Full+Sea,0
"2014_Leigh,Melinda_HourofNeed_ROM.txt",FIC,English,ROM,,2014,Leigh,Melinda,Melinda,Leigh,HourofNeed,,,,,F,US,118818,44,0.2498901099,10.88076923,4.168687949,2.999014148,7653,-2.2081,0.23315,-2.4412,-2.9522,4.3,25541,https://www.goodreads.com/search?q=+Hourof+Need,0
"2014_Levine,Daniel_Hyde_CT.txt",FIC,English,NYT,,2014,Levine,Daniel,Daniel,Levine,Hyde,,,,,M,US,158912,38,0.34955015,15.17349375,4.215476445,3.598078151,11813,-2.2327,0.26185,-2.4946,-3.0669,3.4,1263,https://www.goodreads.com/search?q=Daniel+Levine+Hyde,1
"2014_Lish,Atticus_PreparationfortheNextLife_CT.txt",FIC,English,NYT,,2014,Lish,Atticus,Atticus,Lish,PreparationfortheNextLife,,,,,M,US,174996,29,0.3401639344,12.75295146,4.130251488,3.26556413,12326,-2.1719,0.27636,-2.4482,-3.0753,3.75,3992,https://www.goodreads.com/search?q=+Preparationforthe+Next+Life,1
"2014_Lloyd,Natalie_ASnickerofMagic_MG.txt",FIC,English,MID,,2014,Lloyd,natalie,natalie,Lloyd,AsnickerOfMagic,,,,,F,,86818,48,0.1648838067,12.71127379,4.050560538,3.101035908,5342,-2.3436,0.15507,-2.4986,-2.9309,4.09,12820,https://www.goodreads.com/search?q=+Asnicker+Of+Magic,1
"2014_Lockhart,E._WeWereLiars_YA.txt",FIC,English,YA,,2014,Lockhart,E,E,Lockhart,WeWereLiars,,,,,F,,64455,33,0.1588785047,11.09953504,4.010783859,2.865826905,3074,-2.2685,0.16302,-2.4315,-2.8612,3.75,825413,https://www.goodreads.com/search?q=E+Lockhart+We+Were+Liars,1
"2014_Loh,Sandra_TheMadwomanintheVolvo_NF.txt",NON,English,MIX,,2014,Loh,Sandra,Sandra,Loh,TheMadwomanintheVolvo,,,,,F,,83613,35,0.2277227723,19.05492252,4.276606977,3.983791278,1712,-2.2751,0.13384,-2.4089,-2.8318,3.29,1957,https://www.goodreads.com/search?q=+The+Madwomaninthe+Volvo,1
"2014_Lopez,Jennifer_TrueLove_ME.txt",NON,English,MEM,,2014,Lopez,Jennifer,Jennifer,Lopez,TrueLove,,,,,F,,45451,15,0.2890365449,17.45430108,3.948819203,3.523993915,1273,-2.3495,0.16354,-2.5131,-2.9037,3.8,2194,https://www.goodreads.com/search?q=Jennifer+Lopez+True+Love,1
"2014_Loren,Sophia_YesterdayTodayTomorrow_ME.txt",NON,English,MEM,,2014,Loren,Sophia,Sophia,Loren,YesterdayTodayTomorrow,,,,,F,,109842,81,0.093410572,20.62760563,4.206408496,4.145066459,2935,-2.4071,0.14995,-2.5571,-3.0359,3.69,1112,https://www.goodreads.com/search?q=Sophia+Loren+Yesterday+Today+Tomorrow,1
"2014_LoveWins,Bella_CabinHeat_ROM.txt",FIC,English,ROM,,2014,LoveWins,Bella,Bella,LoveWins,CabinHeat,,,,,F,US,51124,13,0.2820730671,13.57514604,4.069842705,3.266647405,3574,-2.2809,0.20096,-2.4819,-2.8837,3.82,1016,https://www.goodreads.com/search?q=+Cabin+Heat,0
"2014_Lund,SE_TheAgreement_ROM.txt",FIC,English,ROM,,2014,Lund,SE,SE,Lund,TheAgreement,,,,,F,US,154623,25,0.424,13.80439247,3.90378274,3.170243893,9916,-2.2263,0.27211,-2.4985,-3.0649,3.9,8369,https://www.goodreads.com/search?q=SE+Lund+The+Agreement,1
"2014_Ma,Kathryn_TheYearSheLeftUs_CT.txt",FIC,English,NYT,,2014,Ma,Kathryn,Kathryn,Ma,TheYearSheLeftUs,,,,,M,US,128177,68,0.2575908412,14.39059167,4.06878292,3.325764616,6580,-2.2868,0.17795,-2.4648,-2.9703,3.32,1303,https://www.goodreads.com/search?q=Kathryn+Ma+The+Year+She+Left+Us,1
2014_MabryDonnaFoley_Maude.txt,NON,English,MIX,,2014,Mabry,DonnaFoley,DonnaFoley,Mabry,Maude,,,,,F,,136638,49,0.1833416708,15.09645343,3.801770061,3.252466406,7551,-2.3517,0.19577,-2.5475,-3.0985,4.07,753038,https://www.goodreads.com/search?q=+Maude,1
"2014_Macdonald,Helen_HistheHawk_ME.txt",NON,English,MEM,,2014,Macdonald,Helen,Helen,Macdonald,HistheHawk,,,,,F,,112337,25,0.2123115578,15.56345248,4.167241379,3.578470954,4959,-2.2602,0.21552,-2.4757,-2.9629,3.73,67741,https://www.goodreads.com/search?q=+Histhe+Hawk,1
"2014_Maguire,Peter_ThaiStick_HIST.txt",NON,English,HIST,,2014,Maguire,Peter,Peter,Maguire,ThaiStick,,,,,M,US,82563,59,0.2083333333,24.98880145,4.498556465,4.640055509,2825,-2.244,0.15393,-2.3979,-2.8354,3.77,186,https://www.goodreads.com/search?q=Peter+Maguire+Thai+Stick,0
"2014_Mann,Jen_PeopleIWantToPunchintheThroat_ME.txt",NON,English,MEM,,2014,Mann,Jen,Jen,Mann,PeopleIWantToPunchintheThroat,,,,,F,,71685,48,0.1515151515,13.31939799,3.912546634,3.102807733,2148,-2.2578,0.10534,-2.3632,-2.752,3.62,12505,https://www.goodreads.com/search?q=+People+I+Want+To+Punchinthe+Throat,1
"2014_Mann,William_Tinseltown_HIST.txt",NON,English,HIST,,2014,Mann,William,William,Mann,Tinseltown,,,,,M,US,162352,143,0.1043149789,17.94539626,4.542201553,4.150369856,5864,-2.2737,0.23407,-2.5078,-3.0575,3.61,4434,https://www.goodreads.com/search?q=William+Mann+Tinseltown,0
"2014_Martin,Valerie_TheGhostoftheMaryCeleste_CT.txt",FIC,English,NYT,,2014,Martin,Valerie,Valerie,Martin,TheGhostoftheMaryCeleste,,,,,F,US,127348,63,0.1685649203,17.98446547,4.24129153,3.840912558,8297,-2.1649,0.26221,-2.4271,-2.9711,3.15,2195,https://www.goodreads.com/search?q=+The+Ghostofthe+Mary+Celeste,1
"2014_Masson,Jeffrey_BeastsWhatAnimalsCanTeachUs_NF.txt",NON,English,MIX,,2014,Masson,Jeffrey,Jeffrey,Masson,BeastsWhatAnimalsCanTeachUs,,,,,M,,56973,25,0.0852017937,23.69925125,4.57044874,4.858301975,635,-2.1947,0.11934,-2.3141,-2.7096,3.49,322,https://www.goodreads.com/search?q=Jeffrey+Masson+Beasts+What+Animals+Can+Teach+Us,0
"2014_Matson,Morgan_SinceYouVeBeenGone_YA.txt",FIC,English,YA,,2014,Matson,Morgan,Morgan,Matson,SinceYouVeBeenGone,,,,,F,,145464,28,0.3371116709,18.0342177,3.961290591,3.499424591,10395,-2.4873,0.1458,-2.6331,-3.1514,4.09,108296,https://www.goodreads.com/search?q=+Since+You+Ve+Been+Gone,1
"2014_Matthiessen,Peter_InParadise_CT.txt",FIC,English,NYT,,2014,Matthiessen,Peter,Peter,Matthiessen,InParadise,,,,,M,US,61182,41,0.2520325203,19.86428571,4.485640095,4.212455495,2464,-2.2544,0.16513,-2.4195,-2.8743,3.39,2629,https://www.goodreads.com/search?q=Peter+Matthiessen+In+Paradise,0
"2014_Maupin,Armistead_TheDaysofAnnaMadrigal_CT.txt",FIC,English,NYT,,2014,Maupin,Armistead,Armistead,Maupin,TheDaysofAnnaMadrigal,,,,,M,US,87091,33,0.115472561,12.21815376,4.153968741,3.128427513,3975,-2.314,0.23816,-2.5522,-2.9692,4.07,5675,https://www.goodreads.com/search?q=+The+Daysof+Anna+Madrigal,0
"2014_Maxlyn,Amanda_WhatsLeftofMe_ROM.txt",FIC,English,ROM,,2014,Maxlyn,Amanda,Amanda,Maxlyn,WhatsLeftofMe,,,,,F,US,187243,30,0.3054794521,12.09267631,3.836197728,2.886724226,11284,-2.3067,0.21236,-2.5191,-3.1243,3.77,15605,https://www.goodreads.com/search?q=+Whats+Leftof+Me,1
"2014_May,Stephen_WakeUpHappy_CT.txt",FIC,English,NYT,,2014,May,Stephen,Stephen,May,WakeUpHappy,,,,,M,UK,140473,42,0.1943585781,12.79703015,4.096604463,3.204198911,4425,-2.2377,0.2341,-2.4718,-2.9747,3.05,233,https://www.goodreads.com/search?q=Stephen+May+Wake+Up+Happy,1
"2014_McCandless,Carine_TheWildTruth_ME.txt",NON,English,MEM,,2014,McCandless,Carine,Carine,McCandless,TheWildTruth,,,,,F,,101845,56,0.247464503,18.2419846,4.255111791,3.940054727,4156,-2.3218,0.15593,-2.4778,-2.9714,3.79,10359,https://www.goodreads.com/search?q=Carine+McCandless+The+Wild+Truth,1
"2014_McDevitt,Jack_ComingHome_SF.txt",FIC,English,SF,,2014,McDevitt,Jack,Jack,McDevitt,ComingHome,,,,,M,US,138487,69,0.2564885496,11.79817686,4.148985181,3.13173152,5304,-2.3356,0.24753,-2.5831,-3.1004,3.85,1981,https://www.goodreads.com/search?q=Jack+McDevitt+Coming+Home,1
"2014_McKenzie,CB_BadCountry_MY.txt",FIC,English,MY,,2014,McKenzie,CB,CB,McKenzie,BadCountry,,,,,M,US,111839,64,0.4040720439,14.1693906,4.164001134,3.535762294,5736,-2.0945,0.26175,-2.3562,-2.8869,3.63,1451,https://www.goodreads.com/search?q=CB+McKenzie+Bad+Country,1
"2014_McLean,Jay_MoreThanHim_ROM.txt",FIC,English,ROM,,2014,McLean,Jay,Jay,McLean,MoreThanHim,,,,,F,Phillipines,104632,31,0.3146461107,10.29639835,3.778924596,2.574931623,8335,-2.3419,0.25809,-2.6,-3.1026,4.33,16420,https://www.goodreads.com/search?q=Jay+McLean+More+Than+Him,1
"2014_McMurty,Larry_TheLastKindWordsSaloon_CT.txt",FIC,English,NYT,,2014,McMurty,Larry,Larry,McMurty,TheLastKindWordsSaloon,,,,,M,US,43213,45,0.1776947705,15.5778659,4.069954849,3.405854996,2331,-2.4014,0.16579,-2.5672,-2.9246,3.11,3957,https://www.goodreads.com/search?q=+The+Last+Kind+Words+Saloon,0
"2014_McPherson,Catriona_TheDaySheDied_MY.txt",FIC,English,MY,,2014,McPherson,Catriona,Catriona,McPherson,TheDaySheDied,,,,,F,Scotland,119155,40,0.1862292052,12.22478711,3.813564493,2.804584552,7323,-2.3609,0.22575,-2.5867,-3.0793,3.37,1175,https://www.goodreads.com/search?q=Catriona+McPherson+The+Day+She+Died,1
"2014_Mead,Richelle_GameboardoftheGods_SF.txt",FIC,English,SF,,2014,Mead,Richelle,Richelle,Mead,GameboardoftheGods,,,,,F,US,195846,68,0.2568688918,13.25522843,4.238907048,3.396501893,10262,-2.3283,0.23888,-2.5672,-3.1563,3.94,16337,https://www.goodreads.com/search?q=+Gameboardofthe+Gods,0
"2014_Mee,CharlesLJR_SavingaContinent_HIST.txt",NON,English,HIST,,2014,Mee,CharlesLJR,CharlesLJR,Mee,SavingaContinent,,,,,M,US,110475,86,0.0531107739,28.59083851,4.809490446,5.27792683,2045,-2.2699,0.14205,-2.412,-2.9052,3.92,290,https://www.goodreads.com/search?q=+Savinga+Continent,0
"2014_Mengestu,Dinaw_AllOurNames_CT.txt",FIC,English,NYT,,2014,Mengestu,Dinaw,Dinaw,Mengestu,AllOurNames,,,,,M,Ethiopia/US,89299,13,0.6891385768,18.57300333,3.999376818,3.726432948,4106,-2.308,0.26905,-2.5771,-3.0433,3.61,4627,https://www.goodreads.com/search?q=Dinaw+Mengestu+All+Our+Names,1
"2014_Mercier,Anne_FallingDown_ROM.txt",FIC,English,ROM,,2014,Mercier,Anne,Anne,Mercier,FallingDown,,,,,F,US,137150,44,0.2375039796,11.18040271,3.76536679,2.664431831,8411,-2.3284,0.20831,-2.5368,-3.0411,4.02,6816,https://www.goodreads.com/search?q=Anne+Mercier+Falling+Down,1
"2014_Meredith,Martin_THeFortunesofAfrica_HIST.txt",NON,English,HIST,,2014,Meredith,Martin,Martin,Meredith,THeFortunesofAfrica,,,,,M,UK,246021,202,0.0342721412,24.39716382,4.938736451,5.171447108,4984,-2.1987,0.13781,-2.3365,-3.0001,4.16,848,https://www.goodreads.com/search?q=+T+He+Fortunesof+Africa,0
"2014_Michaels,Al_YouCantMakeThisUp_ME.txt",NON,English,MEM,,2014,Michaels,Al,Al,Michaels,YouCantMakeThisUp,,,,,M,,121652,145,0.0524534687,18.25510204,4.216067379,3.839371465,3077,-2.3354,0.14177,-2.4772,-2.9453,3.91,2559,https://www.goodreads.com/search?q=Al+Michaels+You+Cant+Make+This+Up,1
"2014_Michaels,Sean_UsConductors_PW.txt",FIC,English,PW,,2014,Michaels,Sean,Sean,Michaels,UsConductors,,RandomHouse,ScotiabankGillerPrize,Winner,M,Canada,120781,68,0.0997357992,12.06965124,4.24020532,3.196747389,7639,-2.3131,0.14166,-2.4548,-2.9463,3.67,3682,https://www.goodreads.com/search?q=Sean+Michaels+Us+Conductors,1
"2014_Michaels,Shawn_WrestlingformyLife_ME.txt",NON,English,MEM,,2014,Michaels,Shawn,Shawn,Michaels,WrestlingformyLife,,,,,M,,59933,39,0.1792014856,20.01101836,4.034879329,3.881829738,1344,-2.3434,0.11699,-2.4603,-2.8689,3.79,1380,https://www.goodreads.com/search?q=+Wrestlingformy+Life,1
"2014_Miles,Barry_CallMeBurroughsALife_NF.txt",NON,English,MIX,,2014,Miles,Barry,Barry,Miles,CallMeBurroughsALife,,,,,M,,334041,268,0.2166625585,21.61238354,4.439653486,4.364543596,9840,-2.2842,0.18092,-2.4651,-3.2103,4.18,469,https://www.goodreads.com/search?q=Barry+Miles+Call+Me+Burroughs+A+Life,0
"2014_Miller,Sue_TheArsonist_CT.txt",FIC,English,NYT,,2014,Miller,Sue,Sue,Miller,TheArsonist,,,,,F,US,139348,37,0.2695035461,14.05709674,4.105513955,3.318178749,7670,-2.2399,0.28736,-2.5273,-3.0803,3.3,6815,https://www.goodreads.com/search?q=Sue+Miller+The+Arsonist,0
"2014_Mirvis,Tova_VisibleCity_CT.txt",FIC,English,NYT,,2014,Mirvis,Tova,Tova,Mirvis,VisibleCity,,,,,F,US,86130,24,0.1557711951,17.68946396,4.234019516,3.872405866,4081,-2.28,0.25083,-2.5309,-3.0053,3.23,1146,https://www.goodreads.com/search?q=Tova+Mirvis+Visible+City,0
"2014_Mizruchi,Susan_BrandosSmileHisLifeThoughtandWor_NF.txt",NON,English,MIX,,2014,Mizruchi,Susan,Susan,Mizruchi,BrandosSmileHisLifeThoughtandWor,,,,,F,,164757,196,0.2780915287,25.64710461,4.817039495,4.977737844,2285,-2.2477,0.14005,-2.3877,-2.9439,3.96,118,https://www.goodreads.com/search?q=+Brandos+Smile+His+Life+Thoughtand+Wor,0
"2014_Mock,Janet_RedefiningRealness_ME.txt",NON,English,MEM,,2014,Mock,Janet,Janet,Mock,RedefiningRealness,,,,,F,,96047,53,0.1330445545,21.81399046,4.239679243,4.206669134,3257,-2.2416,0.19107,-2.4326,-2.9061,4.27,15586,https://www.goodreads.com/search?q=Janet+Mock+Redefining+Realness,1
"2014_Mohamed,Nadifa_TheOrchardofLostSouls_CT.txt",FIC,English,NYT,,2014,Mohamed,Nadifa,Nadifa,Mohamed,TheOrchardofLostSouls,,,,,F,Somalia/UK,95967,37,0.2049382716,18.5730598,4.331163636,3.989404411,5377,-2.2844,0.22741,-2.5118,-2.9927,3.85,1473,https://www.goodreads.com/search?q=+The+Orchardof+Lost+Souls,0
"2014_Monk,Devon_HouseImmortal_SF.txt",FIC,English,SF,,2014,Monk,Devon,Devon,Monk,HouseImmortal,,,,,F,US,121930,48,0.2164009112,12.07706022,4.046009859,3.028505537,6439,-2.29,0.21367,-2.5037,-3.0266,3.87,2639,https://www.goodreads.com/search?q=Devon+Monk+House+Immortal,1
"2014_Moore,Wes_TheWork_ME.txt",NON,English,MEM,,2014,Moore,Wes,Wes,Moore,TheWork,,,,,M,,70165,29,0.0928433269,21.58923077,4.411323262,4.421724518,1528,-2.2881,0.1052,-2.3933,-2.8282,3.74,956,https://www.goodreads.com/search?q=Wes+Moore+The+Work,1
"2014_Moran,Caitlin_HowtoBuildaGirl_CT.txt",FIC,English,NYT,,2014,Moran,Caitlin,Caitlin,Moran,HowtoBuildaGirl,,,,,F,UK,124182,54,0.1362229102,15.84156142,4.035911085,3.418612656,4852,-2.3662,0.14064,-2.5069,-2.9801,3.72,33498,https://www.goodreads.com/search?q=+Howto+Builda+Girl,1
"2014_Morris,Sylvia_PriceofFame_NF.txt",NON,English,MIX,,2014,Morris,Sylvia,Sylvia,Morris,PriceofFame,,,,,F,,246857,196,0.2964393685,25.42034806,4.680436455,4.911658861,8406,-2.3042,0.18783,-2.492,-3.1518,3.81,176,https://www.goodreads.com/search?q=+Priceof+Fame,0
"2014_Morrow,JasonD_AnywherebutHere_SF.txt",FIC,English,SF,YA,2014,Morrow,JasonD,JasonD,Morrow,AnywherebutHere,,,,,M,US,91457,27,0.2398397252,13.66661686,3.831494717,3.077009453,5735,-2.2765,0.21321,-2.4897,-2.9875,3.56,2948,https://www.goodreads.com/search?q=+Anywherebut+Here,1
"2014_Morton,Brian_Florence_CT.txt",FIC,English,NYT,,2014,Morton,Brian,Brian,Morton,Florence,,,,,M,US,89084,27,0.3156484459,14.58719502,4.101467781,3.434011133,2813,-2.3,0.21737,-2.5173,-3.0017,3.67,3626,https://www.goodreads.com/search?q=Brian+Morton+Florence,0
"2014_Mukherjee,Neel_LivesofOthers_PW.txt",FIC,English,PW,,2014,Mukherjee,Neel,Neel,Mukherjee,LivesofOthers,,Chatto&Windus,TheManBookerPrize,Shortlist,M,India,243917,95,0.0639154504,21.52842012,4.345074696,4.302276097,8664,-2.2269,0.22883,-2.4557,-3.1305,4.28,5062,https://www.goodreads.com/search?q=+Livesof+Others,1
"2014_Mull,Brandon_SkyRaiders_MG.txt",FIC,English,MID,,2014,Mull,Brandon,Brandon,Mull,SkyRaiders,,,,,M,,130010,45,0.2844169247,10.68546067,4.214018354,3.008647907,8006,-2.0514,0.30791,-2.3593,-2.8859,4.21,18987,https://www.goodreads.com/search?q=Brandon+Mull+Sky+Raiders,0
"2014_Murphy,Hunter_ImogeneinNewOrleans_MY.txt",FIC,English,MY,,2014,Murphy,Hunter,Hunter,Murphy,ImogeneinNewOrleans,,,,,M,US,114790,30,0.2321226796,13.02212138,4.179913249,3.27312426,8426,-2.3039,0.21685,-2.5207,-3.0105,3.31,463,https://www.goodreads.com/search?q=+Imogenein+New+Orleans,0
"2014_Nesbit,TaraShea_TheWivesofLosAlamos_CT.txt",FIC,English,NYT,,2014,Nesbit,TaraShea,TaraShea,Nesbit,TheWivesofLosAlamos,,,,,F,US,54169,18,0.1435897436,21.71972735,4.311037491,4.168681665,1715,-2.3794,0.17461,-2.554,-2.9317,3.26,6759,https://www.goodreads.com/search?q=+The+Wivesof+Los+Alamos,0
"2014_Nesbo,Jo_TheSon_MY.txt",FIC,English,MY,,2014,Nesbo,Jo,Jo,Nesbo,TheSon,Norwegian,,,,M,Norway,171198,64,0.2209827357,13.44205402,4.15736108,3.35343879,10044,-2.3189,0.22973,-2.5486,-3.0916,4.07,43262,https://www.goodreads.com/search?q=Jo+Nesbo+The+Son,0
"2014_Netzel,AC_TheCasualRule_ROM.txt",FIC,English,ROM,,2014,Netzel,AC,AC,Netzel,TheCasualRule,,,,,F,US,127426,38,0.3437132785,11.13085255,3.859039562,2.791718014,7449,-2.2632,0.25504,-2.5183,-3.0146,3.98,730,https://www.goodreads.com/search?q=AC+Netzel+The+Casual+Rule,1
"2014_Neville,Stuart_TheFinalSilence_MY.txt",FIC,English,MY,,2014,Neville,Stuart,Stuart,Neville,TheFinalSilence,,,,,M,NorthernIreland,96399,36,0.2355944566,12.28638797,4.10243803,3.101323327,6556,-2.1485,0.28761,-2.4361,-2.9371,3.86,1923,https://www.goodreads.com/search?q=Stuart+Neville+The+Final+Silence,0
"2014_Newman,Sandra_TheCountryofIceCream_CT.txt",FIC,English,NYT,,2014,Newman,Sandra,Sandra,Newman,TheCountryofIceCream,,,,,F,US,252691,110,0.1468828412,10.28285993,4.037504403,2.739248953,14520,-2.2615,0.2329,-2.4944,-3.165,3.6,2652,https://www.goodreads.com/search?q=+The+Countryof+Ice+Cream,1
"2014_Nicholson,Christopher_Winter_CT.txt",FIC,English,NYT,,2014,Nicholson,Christopher,Christopher,Nicholson,Winter,,PenguinGroupUSA,,,M,,101214,28,0.1295774648,17.16073245,4.124576877,3.764168656,3803,-2.2039,0.27872,-2.4827,-2.9939,3.65,447,https://www.goodreads.com/search?q=Christopher+Nicholson+Winter,1
"2014_Noble,Olivia_DeadlyLust_ROM.txt",FIC,English,ROM,,2014,Noble,Olivia,Olivia,Noble,DeadlyLust,,,,,F,US,42017,10,0.4900990099,13.99167499,4.188099487,3.473633328,3490,-2.1283,0.29876,-2.427,-2.8364,4.05,308,https://www.goodreads.com/search?q=Olivia+Noble+Deadly+Lust,0
"2014_Noble,Olivia_SecretsExposed_ROM.txt",FIC,English,ROM,,2014,Noble,Olivia,Olivia,Noble,SecretsExposed,,,,,F,US,40634,11,0.4349845201,14.22759104,4.157580945,3.435594101,3244,-2.2945,0.21442,-2.5089,-2.8886,4.02,377,https://www.goodreads.com/search?q=Olivia+Noble+Secrets+Exposed,0
"2014_Noble,Olivia_ThePrivateRoom_ROM.txt",FIC,English,ROM,,2014,Noble,Olivia,Olivia,Noble,ThePrivateRoom,,,,,F,US,41486,8,0.3799435028,13.73708609,4.162933025,3.395125326,3839,-2.4457,0.094834,-2.5406,-2.9188,3.41,1566,https://www.goodreads.com/search?q=Olivia+Noble+The+Private+Room,0
"2014_Nolen,RL_DeadlyThyme_MY.txt",FIC,English,MY,,2014,Nolen,RL,RL,Nolen,DeadlyThyme,,,,,F,US,141821,43,0.2967032967,11.88178619,4.165754877,3.153223707,8398,-2.1864,0.29026,-2.4766,-3.0235,3.93,329,https://www.goodreads.com/search?q=RL+Nolen+Deadly+Thyme,0
"2014_North,Claire_TheFirstFifteenLives_SF.txt",FIC,English,SF,,2014,North,Claire,Claire,North,TheFirstFifteenLives,,,,,F,UK,149275,43,0.2694805195,21.19480335,4.232477567,4.158682759,5920,-2.2817,0.24585,-2.5276,-3.0577,4.03,77894,https://www.goodreads.com/search?q=Claire+North+The+First+Fifteen+Lives,1
"2014_Nunn,Kem_Chance_CT.txt",FIC,English,NYT,,2014,Nunn,Kem,Kem,Nunn,Chance,,,,,M,US,128810,40,0.4129537954,15.85353846,4.157706786,3.665603134,5306,-2.2258,0.32881,-2.5546,-3.0862,3.3,1087,https://www.goodreads.com/search?q=Kem+Nunn+Chance,0
"2014_Nuttall,Christopher_ArkRoyal_SF.txt",FIC,English,SF,,2014,Nuttall,Christopher,Christopher,Nuttall,ArkRoyal,,,,,M,UK,150875,44,0.2337909992,16.73413931,4.514257698,4.016665824,6730,-2.3416,0.23927,-2.5809,-3.0863,3.78,7067,https://www.goodreads.com/search?q=Christopher+Nuttall+Ark+Royal,0
"2014_Ohle,David_TheOldReactor_CT.txt",FIC,English,NYT,,2014,Ohle,David,David,Ohle,TheOldReactor,,,,,M,US,61544,18,0.4644351464,12.57796853,4.14104364,3.226348726,3221,-2.335,0.1746,-2.5097,-2.9012,3.27,55,https://www.goodreads.com/search?q=David+Ohle+The+Old+Reactor,0
"2014_Oliver,Lauren_Panic_YA.txt",FIC,English,YA,,2014,Oliver,Lauren,Lauren,Oliver,Panic,,,,,F,,98034,37,0.2868238558,12.88564669,4.184399658,3.212744961,6855,-2.3391,0.21298,-2.552,-3.0156,3.56,58274,https://www.goodreads.com/search?q=Lauren+Oliver+Panic,0
"2014_ONeill,Heather_GirlWhoWasSaturday_PW.txt",FIC,English,PW,,2014,ONeill,Heather,Heather,O'Neill,GirlWhoWasSaturday,,HarperCollins,ScotiabankGillerPrize,Shortlist,F,Canada,126924,25,0.3116578793,13.04058358,4.03850394,3.28796734,4779,-2.4133,0.22553,-2.6388,-3.1303,3.82,5153,https://www.goodreads.com/search?q=Heather+ONeill+Girl+Who+Was+Saturday,1
"2014_Oppel,Kenneth_TheBoundless_MG.txt",FIC,English,MID,,2014,Oppel,Kenneth,Kenneth,Oppel,TheBoundless,,,,,M,,96501,31,0.4472727273,12.50985222,4.16765193,3.101951299,6603,-2.209,0.23345,-2.4424,-2.9159,3.88,5903,https://www.goodreads.com/search?q=Kenneth+Oppel+The+Boundless,0
"2014_Oprah,Winfrey_WhatIKnowforSure_ME.txt",NON,English,MEM,,2014,Oprah,Winfrey,Winfrey,Oprah,WhatIKnowforSure,,,,,F,,40223,9,0.2222222222,18.55304428,4.099427651,3.835518057,765,-2.3056,0.14385,-2.4495,-2.8225,4.15,37366,https://www.goodreads.com/search?q=+What+I+Knowfor+Sure,1
"2014_Oreilly,Bill_KillingPatton_HIST.txt",NON,English,HIST,,2014,Oreilly,Bill,Bill,Oreilly,KillingPatton,,,,,M,US,106455,98,0.2021772939,19.64839424,4.618872299,4.399387028,2756,-2.2614,0.16335,-2.4247,-2.8864,4.11,22976,https://www.goodreads.com/search?q=Bill+Oreilly+Killing+Patton,0
"2014_Osnos,Evan_AgeofAmbition_HIST.txt",NON,English,HIST,,2014,Osnos,Evan,Evan,Osnos,AgeofAmbition,,,,,M,US,169203,83,0.0865874363,22.5483742,4.565696646,4.617012895,4762,-2.3112,0.14813,-2.4593,-2.9958,4.25,7779,https://www.goodreads.com/search?q=+Ageof+Ambition,1
"2014_Paige,Laurelin_TheFixedTrilogy_BS.txt",FIC,English,BS,,2014,Laurelin,Paige,Paige,Laurelin,TheFixedTrilogy,,,,,F,US,368891,52,0.2721285141,11.99723559,3.957502623,3.008623351,21128,-2.3729,0.29506,-2.668,-3.4739,4.35,20089,https://www.goodreads.com/search?q=Paige+Laurelin+The+Fixed+Trilogy,1
"2014_Palahniuk,Chuck_BeautifulYou_CT.txt",FIC,English,NYT,,2014,Palahniuk,Chuck,Chuck,Palahniuk,BeautifulYou,,,,,M,US,80965,21,0.4856262834,14.62782294,4.581298252,3.856258716,4612,-2.2898,0.14866,-2.4385,-2.8731,3.03,16507,https://www.goodreads.com/search?q=Chuck+Palahniuk+Beautiful+You,0
"2014_Papernick,Jonathan_TheBookofStone_MY.txt",FIC,English,MY,,2014,Papernick,Jonathan,Jonathan,Papernick,TheBookofStone,,,,,M,Canada/US,167107,59,0.3219410876,16.59453823,4.250600607,3.755806968,8361,-2.2157,0.27039,-2.4861,-3.0676,4.52,1676,https://www.goodreads.com/search?q=+The+Bookof+Stone,0
2014_PatMatter_ChrisOmodt_BreakingtheCode_ME.txt,NON,English,MEM,,2014,Matter,Pat,Pat,Matter,BreakingtheCode,,,,,M,,92533,109,0.1214511041,16.08430384,4.127925772,3.651422022,3498,-2.3421,0.14927,-2.4914,-2.9416,3.53,478,https://www.goodreads.com/search?q=+Breakingthe+Code,1
"2014_Patterson,James_NYPDRed2_BS.txt",FIC,English,BS,,2014,James,Patterson,Patterson,James,NYPDRed2,,,,,M,US,104795,71,0.1460239268,13.47672325,4.009939221,3.154481742,5176,-2.3294,0.21689,-2.5463,-2.9927,4.13,21804,https://www.goodreads.com/search?q=+N+Y+P+D+Red2,1
"2014_Patterson,James_Private1Suspect_BS.txt",FIC,English,BS,,2014,James,Patterson,Patterson,James,Private1Suspect,,,,,M,US,92876,65,0.0966494845,13.30601719,4.028402088,3.155476891,5736,-2.1534,0.30204,-2.4554,-2.9063,3.97,21966,https://www.goodreads.com/search?q=+Private1+Suspect,1
"2014_Patterson,James_PrivateLA_BS.txt",FIC,English,BS,,2014,James,Patterson,Patterson,James,PrivateLA,,,,,M,US,109651,85,0.1499024798,14.41827745,4.265240118,3.447422903,7259,-2.2227,0.19845,-2.4211,-2.8921,3.97,88365,https://www.goodreads.com/search?q=+Private+L+A,1
"2014_Paull,Laline_TheBees_CT.txt",FIC,English,NYT,SF,2014,Paull,Laline,Laline,Paull,TheBees,,,,,F,US,108515,30,0.5837004405,16.19143539,4.356349432,3.755921571,8540,-2.3406,0.16638,-2.507,-2.9924,3.71,36088,https://www.goodreads.com/search?q=Laline+Paull+The+Bees,0
"2014_Pawel,Miriam_TheCrusadesofCesarChavez_NF.txt",NON,English,MIX,,2014,Pawel,Miriam,Miriam,Pawel,TheCrusadesofCesarChavez,,,,,F,,219894,150,0.1749601045,19.82813345,4.661558497,4.499391006,6375,-2.3065,0.14971,-2.4563,-3.0847,3.98,233,https://www.goodreads.com/search?q=+The+Crusadesof+Cesar+Chavez,0
"2014_Payne,Sarah_PerfectlyMiserable_NF.txt",NON,English,MIX,,2014,Payne,Sarah,Sarah,Payne,PerfectlyMiserable,,,,,F,,76539,32,0.1738113796,29.00303145,4.403630523,4.714082161,1661,-2.3056,0.1325,-2.4381,-2.8747,2.89,472,https://www.goodreads.com/search?q=Sarah+Payne+Perfectly+Miserable,1
"2014_Penny,Louise_TheLongWayHome_MY.txt",FIC,English,MY,,2014,Penny,Louise,Louise,Penny,TheLongWayHome,,,,,F,Canada,136418,52,0.1781042824,10.33156619,4.225134321,2.928621083,8471,-2.3911,0.13337,-2.5245,-3.0047,4.07,52684,https://www.goodreads.com/search?q=Louise+Penny+The+Long+Way+Home,0
"2014_PetrovskyShtern,Yohanan_TheGoldenAge_NF.txt",NON,English,MIX,,2014,PetrovskyShtern,Yohanan,Yohanan,PetrovskyShtern,TheGoldenAge,,,,,M,,133719,102,0.2152317881,28.49328788,5.044838605,5.505189462,1816,-2.1418,0.091381,-2.2332,-2.7471,4.09,21856,https://www.goodreads.com/search?q=+The+Golden+Age,0
"2014_Petterson,Per_I Refuse_CT.txt",FIC,English,NYT,,2014,Petterson,Per,Per,Petterson,IRefuse,,,,,M,Norway,90862,16,0.3863912515,23.94255599,3.848246435,3.832956043,4323,-2.3322,0.22536,-2.5576,-2.9926,3.61,3213,https://www.goodreads.com/search?q=Per+Petterson+I+Refuse,1
"2014_Phillips,Carly_DaretoDesire_ROM.txt",FIC,English,ROM,,2014,Phillips,Carly,Carly,Phillips,DaretoDesire,,,,,F,US,71172,23,0.2877059569,13.07107438,4.101089835,3.253428794,4630,-2.249,0.30881,-2.5578,-3.0007,3.96,6008,https://www.goodreads.com/search?q=+Dareto+Desire,0
"2014_Picoult,Jodi_LeavingTime_MY.txt",FIC,English,MY,,2014,Picoult,Jodi,Jodi,Picoult,LeavingTime,,,,,F,US,162200,56,0.1344690105,15.75675151,4.062927787,3.49737965,7574,-2.3135,0.24219,-2.5557,-3.1134,3.97,157521,https://www.goodreads.com/search?q=Jodi+Picoult+Leaving+Time,1
"2014_Pisani,Elizabeth_IndonesiaEtc_NF.txt",NON,English,MIX,,2014,Pisani,Elizabeth,Elizabeth,Pisani,Indonesia,,,,,F,,155115,68,0.1058358061,21.49300263,4.501051927,4.476324931,4545,-2.2545,0.15227,-2.4068,-2.9398,4.19,2457,https://www.goodreads.com/search?q=Elizabeth+Pisani+Indonesia,1
"2014_Poehler,Amy_YesPlease_ME.txt",NON,English,MEM,,2014,Poehler,Amy,Amy,Poehler,YesPlease,,,,,F,,87002,65,0.0718711276,15.8994883,4.10959917,3.623792283,2036,-2.2064,0.1821,-2.3885,-2.8294,3.84,481060,https://www.goodreads.com/search?q=Amy+Poehler+Yes+Please,1
"2014_Portwood,Amber_NeverTooLate_ME.txt",NON,English,MEM,,2014,Portwood,Amber,Amber,Portwood,NeverTooLate,,,,,F,,55492,6,0.6459627329,17.92956381,3.884963604,3.590090926,1265,-2.5183,0.078339,-2.5967,-2.9982,3.45,1027,https://www.goodreads.com/search?q=Amber+Portwood+Never+Too+Late,1
"2014_Prins,Nomi_AllthePresidentsBankers_HIST.txt",NON,English,HIST,,2014,Prins,Nomi,Nomi,Prins,AllthePresidentsBankers,,,,,F,US,196893,170,0.0533931119,27.25539867,4.965895061,5.278962881,2749,-2.3257,0.12094,-2.4466,-3.0396,4.08,433,https://www.goodreads.com/search?q=+Allthe+Presidents+Bankers,0
"2014_Prose,Francine_LoversattheChameleonClubParis1932_CT.txt",FIC,English,NYT,,2014,Prose,Francine,Francine,Prose,LoversattheChameleonClubParis1932,,,,,F,US,171075,70,0.1735112936,16.19108461,4.344890964,3.848265326,6049,-2.2734,0.21764,-2.4911,-3.0616,3.62,4922,https://www.goodreads.com/search?q=+Loversatthe+Chameleon+Club+Paris1932,1
"2014_Pryor,Mark_TheBloodPromise_MY.txt",FIC,English,MY,,2014,Pryor,Mark,Mark,Pryor,TheBloodPromise,,,,,M,UK,112211,45,0.3898954704,14.48257615,4.119297624,3.415261793,5085,-2.2417,0.27982,-2.5215,-3.0009,3.95,1496,https://www.goodreads.com/search?q=Mark+Pryor+The+Blood+Promise,0
"2014_Pryor,Mark_TheButtonMan_MY.txt",FIC,English,MY,,2014,Pryor,Mark,Mark,Pryor,TheButtonMan,,,,,M,UK,107840,31,0.4203140662,14.80505217,4.121315335,3.415736458,6267,-2.2272,0.28016,-2.5074,-2.9858,3.79,1347,https://www.goodreads.com/search?q=Mark+Pryor+The+Button+Man,0
"2014_Quindlen,Anna_StillLifewithBreadCrumbs_CT.txt",FIC,English,NYT,,2014,Quindlen,Anna,Anna,Quindlen,StillLifewithBreadCrumbs,,,,,F,US,82261,29,0.3574782025,18.63638423,4.189430022,3.885953293,3191,-2.3693,0.13784,-2.5072,-2.952,3.66,49923,https://www.goodreads.com/search?q=+Still+Lifewith+Bread+Crumbs,0
"2014_Qureshi,Nabeel_SeekingAllahFindingJesus_ME.txt",NON,English,MEM,,2014,Qureshi,Nabeel,Nabeel,Qureshi,SeekingAllahFindingJesus,,,,,M,,95157,43,0.1562370493,17.129973,4.362114365,3.9608461,2281,-2.1188,0.14633,-2.2652,-2.7565,4.5,25833,https://www.goodreads.com/search?q=Nabeel+Qureshi+Seeking+Allah+Finding+Jesus,1
"2014_Rahman,ZiaHader_IntheLightofWhatWeKnow_CT.txt",FIC,English,NYT,,2014,Rahman,ZiaHader,ZiaHader,Rahman,IntheLightofWhatWeKnow,,,,,M,Bangladesh/UK,219416,77,0.2325134512,18.01444992,4.248366801,3.970163982,6914,-2.239,0.20022,-2.4393,-3.089,3.66,4281,https://www.goodreads.com/search?q=+Inthe+Lightof+What+We+Know,1
"2014_Raimondo,Lynne_DantesPoison_MY.txt",FIC,English,MY,,2014,Raimondo,Lynne,Lynne,Raimondo,DantesPoison,,,,,F,US,106631,52,0.1265746851,16.36197637,4.192560639,3.689468725,4390,-2.317,0.2353,-2.5523,-3.0134,3.73,142,https://www.goodreads.com/search?q=Lynne+Raimondo+Dantes+Poison,1
"2014_Raine,Alice_TheDarknessWithinHim_ROM.txt",FIC,English,ROM,,2014,Raine,Alice,Alice,Raine,TheDarknessWithinHim,,,,,F,UK,108670,16,0.6249251049,19.97977569,4.176733948,4.004018987,8457,-2.4861,0.18897,-2.6751,-3.1363,3.81,2482,https://www.goodreads.com/search?q=Alice+Raine+The+Darkness+Within+Him,1
"2014_Rakoff,Joanna_MySalingerYear_NF.txt",NON,English,MIX,,2014,Rakoff,Joanna,Joanna,Rakoff,MySalingerYear,,,,,F,,94946,40,0.1621621622,15.26708474,4.161073999,3.479426963,4502,-2.2687,0.26385,-2.5326,-2.9727,3.76,9581,https://www.goodreads.com/search?q=Joanna+Rakoff+My+Salinger+Year,1
"2014_Reade,Amy_SecretsofHallsteadHouse_MY.txt",FIC,English,MY,,2014,Reade,Amy,Amy,Reade,SecretsofHallsteadHouse,,,,,F,US,98199,18,0.2578512397,14.52647929,4.04714438,3.386237646,6773,-2.2054,0.29313,-2.4985,-2.9999,3.65,992,https://www.goodreads.com/search?q=+Secretsof+Hallstead+House,1
"2014_Reichs,Kathy_BonesNeverLie_MY.txt",FIC,English,MY,,2014,Reichs,Kathy,Kathy,Reichs,BonesNeverLie,,,,,F,US,111044,65,0.1150149155,9.634218289,4.33324162,2.88001214,6211,-2.2293,0.21287,-2.4422,-2.9196,4.02,17164,https://www.goodreads.com/search?q=Kathy+Reichs+Bones+Never+Lie,1
"2014_Richards,DouglasE_QuantumLens_SF.txt",FIC,English,SF,,2014,Richards,DouglasE,DouglasE,Richards,QuantumLens,,,,,M,US,133749,33,0.2287249925,14.15033855,4.28484681,3.579879975,5167,-2.2159,0.22967,-2.4455,-2.9842,4.05,4861,https://www.goodreads.com/search?q=+Quantum+Lens,0
"2014_Richardson,HeatherCox_ToMakeMenFree_HIST.txt",NON,English,HIST,,2014,Richardson,HeatherCox,HeatherCox,Richardson,ToMakeMenFree,,,,,F,US,137875,111,0.0927703135,27.63026052,5.072294379,5.522961432,1749,-2.3091,0.1184,-2.4275,-2.9344,4.32,10763,https://www.goodreads.com/search?q=+To+Make+Men+Free,0
"2014_Rickstad,Eric_TheSilentGirls_MY.txt",FIC,English,MY,,2014,Rickstad,Eric,Eric,Rickstad,TheSilentGirls,,,,,M,US,117099,52,0.3001430615,11.71341402,4.214805288,3.097156731,7239,-2.1555,0.22726,-2.3828,-2.8871,3.71,13604,https://www.goodreads.com/search?q=Eric+Rickstad+The+Silent+Girls,0
"2014_Riddle,AG_Departure_SF.txt",FIC,English,SF,,2014,Riddle,AG,AG,Riddle,Departure,,,,,M,US,108523,21,0.2260812582,13.23289843,4.121857558,3.275410924,4913,-2.2784,0.16606,-2.4444,-2.9244,3.85,18743,https://www.goodreads.com/search?q=AG+Riddle+Departure,1
"2014_Rieger,Susan_TheDivorcePapers_CT.txt",FIC,English,NYT,,2014,Rieger,Susan,Susan,Rieger,TheDivorcePapers,,,,,F,US,127534,99,0.0984105512,17.58847056,4.296195201,3.640196945,2380,-1.9088,0.37029,-2.2791,-2.8517,3.25,7007,https://www.goodreads.com/search?q=Susan+Rieger+The+Divorce+Papers,1
"2014_Riordan,Rick_TheBloodofOlympus_MG.txt",FIC,English,MID,,2014,Riordan,Rick,Rick,Riordan,TheBloodOfOlympus,,,,,M,,143776,96,0.1007842483,11.57057782,4.300111895,3.152638532,7935,-2.2438,0.18008,-2.4239,-2.944,4.42,259142,https://www.goodreads.com/search?q=Rick+Riordan+The+Blood+Of+Olympus,0
"2014_Ritchie,Fiona_WayfaringStrangers_HIST.txt",NON,English,HIST,,2014,Ritchie,Fiona,Fiona,Ritchie,WayfaringStrangers,,,,,F,Scotland,148688,84,0.0513207547,27.24221326,4.78047156,5.00158896,1204,-2.0688,0.18307,-2.2518,-2.8187,4.27,173,https://www.goodreads.com/search?q=Fiona+Ritchie+Wayfaring+Strangers,1
2014_RiveraMariano_TheCloser_ME.txt,NON,English,MEM,,2014,RiveraMariano,,,RiveraMariano,TheCloser,,,,,M,,105280,116,0.0743380855,17.76577793,3.910438061,3.592312044,2806,-2.3623,0.21144,-2.5737,-3.0525,4.15,48606,https://www.goodreads.com/search?q=+The+Closer,1
"2014_Rivers,Joan_DiaryofaMadDiva_ME.txt",NON,English,MEM,,2014,Rivers,Joan,Joan,Rivers,DiaryofaMadDiva,,,,,F,,66304,37,0.1123110151,18.68244576,4.065846879,3.695640876,1283,-2.5166,0.078449,-2.5951,-2.9532,3.4,2599,https://www.goodreads.com/search?q=+Diaryofa+Mad+Diva,1
"2014_Robb,JD_FestiveinDeath_MY.txt",FIC,English,MY,,2014,Robb,JD,JD,Robb,FestiveinDeath,,,,,F,US,140655,66,0.2159054615,11.51776941,4.013011797,2.916578227,5976,-2.2338,0.25753,-2.4913,-3.002,4.31,21607,https://www.goodreads.com/search?q=+Festivein+Death,0
"2014_Roberts,Nora_ShadowSpell_BS.txt",FIC,English,BS,,2014,Nora,Roberts,Roberts,Nora,ShadowSpell,,,,,F,US,130125,44,0.1659402242,12.59680542,3.865307948,2.889323755,6765,-2.2606,0.22813,-2.4887,-3.0237,4.06,36405,https://www.goodreads.com/search?q=Roberts+Nora+Shadow+Spell,0
"2014_Roberts,Nora_TheCollector_BS.txt",FIC,English,BS,,2014,Nora,Roberts,Roberts,Nora,TheCollector,,,,,F,US,184348,58,0.1713747646,11.68164248,3.974988575,2.909746902,8162,-2.2506,0.25378,-2.5044,-3.0879,3.96,31828,https://www.goodreads.com/search?q=Roberts+Nora+The+Collector,0
"2014_Robertson,Courtney_IDidntComeHere_ME.txt",NON,English,MEM,,2014,Robertson,Courtney,Courtney,Robertson,IDidntComeHere,,,,,F,,91894,44,0.3806104129,16.63842115,4.024718903,3.613028877,4021,-2.4757,0.14011,-2.6159,-3.0435,3.57,6292,https://www.goodreads.com/search?q=Courtney+Robertson+I+Didnt+Come+Here,1
"2014_Robertson,Phil_unPHILtered_ME.txt",NON,English,MEM,,2014,Robertson,Phil,Phil,Robertson,unPHILtered,,,,,M,,58736,20,0.4295874822,19.35288303,4.240675594,4.053200258,586,-2.1274,0.067987,-2.1954,-2.5871,3.25,16,https://www.goodreads.com/search?q=+un+P+H+I+Ltered,1
"2014_Robertson,Sadie_LiveOriginal_ME.txt",NON,English,MEM,,2014,Robertson,Sadie,Sadie,Robertson,LiveOriginal,,,,,F,,58848,17,0.4513761468,18.5114816,4.018443258,3.791669865,525,-2.1891,0.17968,-2.3688,-2.7962,4.23,2098,https://www.goodreads.com/search?q=Sadie+Robertson+Live+Original,1
"2014_Robinson,Marilynne_Lila_PW.txt",FIC,English,PW,,2014,Robinson,Marilynne,Marilynne,Robinson,Lila,,"Farrar,Straus&Giroux",TheNationalBookAwards,Shortlist,F,US,115117,20,0.2957074722,14.95025974,3.850595989,3.221794825,3711,-2.3835,0.2694,-2.6529,-3.1706,3.95,30475,https://www.goodreads.com/search?q=Marilynne+Robinson+Lila,0
"2014_Romm,James_DyingEveryDaySenecaattheCourtofNe_NF.txt",NON,English,MIX,,2014,Romm,James,James,Romm,DyingEveryDaySenecaattheCourtofNe,,,,,M,,85303,78,0.2638334284,22.77175654,4.619382593,4.822165368,2024,-2.3827,0.14688,-2.5296,-2.9587,4.1,1098,https://www.goodreads.com/search?q=+Dying+Every+Day+Senecaatthe+Courtof+Ne,0
"2014_Rowe,Julie_AGreaterTomorrow_ME.txt",NON,English,MEM,,2014,Rowe,Julie,Julie,Rowe,AGreaterTomorrow,,,,,F,,57904,32,0.1823266219,19.91881665,4.347553951,4.246778074,1851,-2.0731,0.1906,-2.2637,-2.6682,3.43,511,https://www.goodreads.com/search?q=Julie+Rowe+A+Greater+Tomorrow,1
"2014_Russell,Gareth_TheEmperors_HIST.txt",NON,English,HIST,,2014,Russell,Gareth,Gareth,Russell,TheEmperors,,,,,M,UK,95153,99,0.081586144,32.25525424,4.724967339,5.455737629,2532,-2.2919,0.14224,-2.4341,-2.9162,4.08,87,https://www.goodreads.com/search?q=Gareth+Russell+The+Emperors,0
"2014_Russell,Gerard_HeirstoForgottenKingdoms_HIST.txt",NON,English,HIST,,2014,Russell,Gerard,Gerard,Russell,HeirstoForgottenKingdoms,,,,,M,UK,135936,120,0.048838312,24.42256558,4.630680855,4.818480274,2706,-2.2558,0.12638,-2.3821,-2.9031,4.21,1274,https://www.goodreads.com/search?q=+Heirsto+Forgotten+Kingdoms,1
"2014_Russell,RachelRenee_TalesfromaNotSoGlamTVStar_MG.txt",FIC,English,MID,,2014,Russell,RachelRenee,RachelRenee,Russell,TalesFromANotSoGlamTVStar,,,,,F,,36054,16,0.1674140508,11.08330772,4.152640522,2.736416483,1553,-2.3499,0.10021,-2.4501,-2.8248,4.35,17836,https://www.goodreads.com/search?q=+Tales+From+A+Not+So+Glam+T+V+Star,1
"2014_Ryan,April_ThePresidencyinBlackandWhite_ME.txt",NON,English,MEM,,2014,Ryan,April,April,Ryan,ThePresidencyinBlackandWhite,,,,,F,,77504,49,0.1597077244,22.00567859,4.533113939,4.607072576,1336,-2.2331,0.15009,-2.3832,-2.8121,3.84,81,https://www.goodreads.com/search?q=+The+Presidencyin+Blackand+White,1
"2014_Sandberg,Sheryl_LeanInforGraduates_ME.txt",NON,English,MEM,,2014,Sandberg,Sheryl,Sheryl,Sandberg,LeanInforGraduates,,,,,F,,66295,24,0.178041543,20.40473992,4.497404177,4.467118677,1126,-2.2365,0.1821,-2.4186,-2.8538,4.13,3759,https://www.goodreads.com/search?q=+Lean+Infor+Graduates,1
"2014_Santana,Carlos_TheUniversalTone_ME.txt",NON,English,MEM,,2014,Santana,Carlos,Carlos,Santana,TheUniversalTone,,,,,M,,233890,193,0.0874397148,19.26923711,3.99977253,3.768879486,6344,-2.3758,0.18847,-2.5643,-3.2272,4.1,677,https://www.goodreads.com/search?q=Carlos+Santana+The+Universal+Tone,1
"2014_Savage,Sam_ItWillEndWithUs_CT.txt",FIC,English,NYT,,2014,Savage,Sam,Sam,Savage,ItWillEndWithUs,,,,,M,US,22755,15,0.2628865979,22.70958084,4.21306151,4.241101298,906,-2.2841,0.10924,-2.3934,-2.7383,3.68,105,https://www.goodreads.com/search?q=Sam+Savage+It+Will+End+With+Us,1
"2014_Savage,Shay_Transcendence_ROM.txt",FIC,English,ROM,,2014,Savage,Shay,Shay,Savage,Transcendence,,,,,F,US,121749,13,0.7773079634,19.11287284,3.780331998,3.559956969,10467,-2.4612,0.19012,-2.6513,-3.1868,4.06,20285,https://www.goodreads.com/search?q=Shay+Savage+Transcendence,1
"2014_Scott,Kylie_Play_ROM.txt",FIC,English,ROM,,2014,Scott,Kylie,Kylie,Scott,Play,,,,,F,Australia,103748,26,0.3225181598,10.31087259,3.965353618,2.730650365,5889,-2.4158,0.23458,-2.6504,-3.0995,4.27,54808,https://www.goodreads.com/search?q=Kylie+Scott+Play,1
"2014_Seckert,Sven_EmpireofCotton_HIST.txt",NON,English,HIST,,2014,Seckert,Sven,Sven,Seckert,EmpireofCotton,,,,,M,US,185208,51,0.0897196262,34.102007,5.179387368,5.980762394,688,-2.2547,0.12133,-2.376,-3.0134,3.87,2801,https://www.goodreads.com/search?q=+Empireof+Cotton,0
"2014_Segal,Lore_HalftheKingdom_CT.txt",FIC,English,NYT,,2014,Segal,Lore,Lore,Segal,HalftheKingdom,,,,,F,US,48671,55,0.1130099228,16.21285809,4.201277152,3.631728469,2469,-2.3082,0.098649,-2.4069,-2.7934,3.87,2823,https://www.goodreads.com/search?q=+Halfthe+Kingdom,0
"2014_Segel,Jason_Nightmares!_MG.txt",FIC,English,MID,,2014,Segel,Jason,Jason,Segel,Nightmares,,,,,M,,86791,32,0.4421912833,12.07779015,4.206783431,3.135461262,5187,-2.3707,0.17739,-2.5481,-2.9657,3.88,8828,https://www.goodreads.com/search?q=Jason+Segel+Nightmares,0
"2014_Shafer,David_WhiskeyTangoFoxtrot_MY.txt",FIC,English,MY,,2014,Shafer,David,David,Shafer,WhiskeyTangoFoxtrot,,,,,M,US,174671,73,0.1940298507,14.48710293,4.177324019,3.485172375,7081,-2.2869,0.22465,-2.5115,-3.0495,3.48,5973,https://www.goodreads.com/search?q=David+Shafer+Whiskey+Tango+Foxtrot,0
"2014_Sharma,Akhil_FamilyLife_CT.txt",FIC,English,NYT,,2014,Sharma,Akhil,Akhil,Sharma,FamilyLife,,,,,M,India/US,61158,24,0.5145754119,14.12751213,4.101477286,3.398133488,3028,-2.3495,0.14989,-2.4993,-2.9112,3.53,9189,https://www.goodreads.com/search?q=Akhil+Sharma+Family+Life,1
"2014_Sheridan,Mia_ArchersVoice_ROM.txt",FIC,English,ROM,,2014,Sheridan,Mia,Mia,Sheridan,ArchersVoice,,,,,F,US,131849,27,0.361790734,14.54323847,3.919762218,3.229175888,11861,-2.3479,0.21598,-2.5639,-3.1115,4.35,134350,https://www.goodreads.com/search?q=Mia+Sheridan+Archers+Voice,1
"2014_Sherratt,Mel_WatchingOverYou_MY.txt",FIC,English,MY,,2014,Sherratt,Mel,Mel,Sherratt,WatchingOverYou,,,,,F,UK,109050,31,0.3423618635,13.0630091,3.998718805,3.156218963,6317,-2.2489,0.32449,-2.5734,-3.0933,3.85,2327,https://www.goodreads.com/search?q=Mel+Sherratt+Watching+Over+You,0.27
"2014_Shipstead,Maggie_AstonishMe_CT.txt",FIC,English,NYT,,2014,Shipstead,Maggie,Maggie,Shipstead,AstonishMe,,,,,F,US,102162,26,0.2371134021,15.83906977,4.21957588,3.584260369,4383,-2.2184,0.2517,-2.4701,-2.9794,3.59,17080,https://www.goodreads.com/search?q=Maggie+Shipstead+Astonish+Me,0
"2014_Short,Martin_IMustSay_ME.txt",NON,English,MEM,,2014,Short,Martin,Martin,Short,IMustSay,,,,,M,,109607,115,0.0889938249,20.93334607,4.225921587,4.066131849,3185,-2.3824,0.13362,-2.516,-2.9655,4.08,12143,https://www.goodreads.com/search?q=Martin+Short+I+Must+Say,1
"2014_Shteyngart,Gary_LittleFailure_ME.txt",NON,English,MEM,,2014,Shteyngart,Gary,Gary,Shteyngart,LittleFailure,,,,,M,,139079,74,0.1168141593,19.79772242,4.296830238,4.071666035,2961,-2.362,0.15081,-2.5128,-2.9809,3.65,7266,https://www.goodreads.com/search?q=Gary+Shteyngart+Little+Failure,1
"2014_Sides,Hampton_IntheKingdomofIce_HIST.txt",NON,English,HIST,,2014,Sides,Hampton,Hampton,Sides,IntheKingdomofIce,,,,,M,US,170727,95,0.2034428795,22.93176629,4.548820054,4.54950669,6406,-2.2529,0.16957,-2.4225,-3.0008,4.24,20017,https://www.goodreads.com/search?q=+Inthe+Kingdomof+Ice,0
"2014_Silber,Joan_FoolsStories_PW.txt",FIC,English,PW,,2014,Silber,Joan,Joan,Silber,FoolsStories,,W.W.Norton&Co.,PEN/FaulknerAwardforFiction,Shortlist,F,US,81126,40,0.0913242009,15.74650621,3.995929066,3.446606968,2996,-2.5087,0.1199,-2.6286,-3.0162,3.73,861,https://www.goodreads.com/search?q=Joan+Silber+Fools+Stories,1
"2014_Simpson,Mona_Casebook_CT.txt",FIC,English,NYT,,2014,Simpson,Mona,Mona,Simpson,Casebook,,,,,F,US,130475,49,0.1990740741,11.85705198,3.944885181,2.950535275,6787,-2.4741,0.18845,-2.6625,-3.1342,3.3,2285,https://www.goodreads.com/search?q=Mona+Simpson+Casebook,1
"2014_Singh,Nalini_ShieldofWinter_ROM.txt",FIC,English,ROM,,2014,Singh,Nalini,Nalini,Singh,ShieldofWinter,,,,,F,Fiji,177958,61,0.2784297855,16.44409536,4.232632933,3.72327712,9992,-2.3462,0.27409,-2.6203,-3.1803,4.31,19242,https://www.goodreads.com/search?q=+Shieldof+Winter,0
"2014_Skyhorse,Brando_TakeThisMan_NF.txt",NON,English,MIX,,2014,Skyhorse,Brando,Brando,Skyhorse,TakeThisMan,,,,,M,,102439,47,0.1402855369,17.31265844,4.181015915,3.732249552,3912,-2.3438,0.13463,-2.4785,-2.9406,3.72,1187,https://www.goodreads.com/search?q=Brando+Skyhorse+Take+This+Man,1
"2014_Slaughter,Karin_CopTown_MY.txt",FIC,English,MY,,2014,Slaughter,Karin,Karin,Slaughter,CopTown,,,,,F,US,151490,61,0.2436472347,10.60037786,4.152364765,2.969882389,7866,-2.1923,0.24616,-2.4385,-3.0299,3.9,28784,https://www.goodreads.com/search?q=Karin+Slaughter+Cop+Town,0
"2014_Smiley,Jane_SomeLuck_CT.txt",FIC,English,NYT,,2014,Smiley,Jane,Jane,Smiley,SomeLuck,,,,,F,US,185341,121,0.1797612438,19.05036489,4.068774724,3.723250788,8474,-2.2868,0.20488,-2.4917,-3.0716,3.62,19076,https://www.goodreads.com/search?q=Jane+Smiley+Some+Luck,0
"2014_Smith,AlexanderMccall_TheHandsomeMansDeLuxe_MY.txt",FIC,English,MY,,2014,Smith,AlexanderMccall,AlexanderMccall,Smith,TheHandsomeMansDeLuxe,,,,,M,UK,90308,25,0.375676651,14.61058081,4.151456311,3.500068471,4041,-2.2185,0.23739,-2.4559,-2.9212,4,12435,https://www.goodreads.com/search?q=+The+Handsome+Mans+De+Luxe,0
"2014_Smith,Ali_HowToBeBoth_PW.txt",FIC,English,PW,,2014,Smith,Ali,Ali,Smith,HowToBeBoth,,HamishHamilton,TheManBookerPrize,Shortlist,F,Scotland,200076,48,0.4363185621,17.94403587,3.979146623,3.633131973,8351,-2.2227,0.71523,-2.938,-3.4287,3.66,21062,https://www.goodreads.com/search?q=Ali+Smith+How+To+Be+Both,1
"2014_Smith,Andrew_GrasshopperJungle_CT.txt",FIC,English,NYT,,2014,Smith,Andrew,Andrew,Smith,GrasshopperJungle,,,,,M,US,120836,77,0.2929249353,14.6255144,4.291104703,3.541055437,5293,-2.1923,0.19199,-2.3843,-2.8732,3.63,17371,https://www.goodreads.com/search?q=Andrew+Smith+Grasshopper+Jungle,1
"2014_Smith,Jennifer_TheGeographyofYouandMe_YA.txt",FIC,English,YA,,2014,Smith,Jennifer,Jennifer,Smith,TheGeographyofYouandMe,,,,,F,,82556,10,0.36159601,19.15452436,4.110087848,3.755368075,5109,-2.4838,0.18436,-2.6682,-3.0917,3.65,33359,https://www.goodreads.com/search?q=+The+Geographyof+Youand+Me,0
"2014_Smith,NicholasSansbury_ExtinctionHorizon_SF.txt",FIC,English,SF,,2014,Smith,NicholasSansbury,NicholasSansbury,Smith,ExtinctionHorizon,,,,,M,US,110747,47,0.28465063,12.54639175,4.373530832,3.409728548,9724,-2.2949,0.20566,-2.5005,-2.996,3.97,6276,https://www.goodreads.com/search?q=+Extinction+Horizon,0
"2014_Smith,TomRob_TheFarm_MY.txt",FIC,English,MY,,2014,Smith,TomRob,TomRob,Smith,TheFarm,,,,,M,UK,99997,17,0.2050326188,15.78983104,4.180722057,3.645799511,4951,-2.3174,0.18308,-2.5004,-2.9478,4.07,88410,https://www.goodreads.com/search?q=+The+Farm,1
"2014_Spencer,Charles_KillersoftheKing_HIST.txt",NON,English,HIST,,2014,Spencer,Charles,Charles,Spencer,KillersoftheKing,,,,,M,UK,120836,132,0.0683839313,29.38618677,4.633133635,5.089440783,4806,-2.3725,0.16249,-2.535,-3.0336,3.78,1111,https://www.goodreads.com/search?q=+Killersofthe+King,0
2014_SpivackEmily_WornStory.txt,NON,English,MIX,,2014,Spivack,Emily,Emily,Spivack,WornStory,,,,,F,,51134,12,0.1196581197,19.60659509,4.142286314,3.930234207,1372,-2.2627,0.16413,-2.4269,-2.7995,3.74,748,https://www.goodreads.com/search?q=Emily+Spivack+Worn+Story,1
"2014_Stace,Wesley_Wonderkid_CT.txt",FIC,English,NYT,,2014,Stace,Wesley,Wesley,Stace,Wonderkid,,,,,M,UK,147342,74,0.3316998469,15.7804434,4.166610795,3.53930089,5011,-2.3499,0.1813,-2.5312,-3.015,3.52,151,https://www.goodreads.com/search?q=Wesley+Stace+Wonderkid,1
"2014_Standiford,Natalie_Countdown_MG.txt",FIC,English,MID,,2014,Standiford,natalie,natalie,Standiford,Countdown,,,,,F,,54610,28,0.2,11.98113208,4.146147951,3.129686077,3486,-2.0833,0.24043,-2.3237,-2.7095,4.23,6024,https://www.goodreads.com/search?q=natalie+Standiford+Countdown,0
"2014_StAubyn,Edward_LostforWords_CT.txt",FIC,English,NYT,,2014,StAubyn,Edward,Edward,StAubyn,LostforWords,,,,,M,UK,58316,33,0.1087124133,24.51282051,4.430245133,4.608856302,2343,-2.2726,0.20253,-2.4751,-2.8632,4.02,18069,https://www.goodreads.com/search?q=+Lostfor+Words,0
"2014_StClaire,Roxanne_BarefootinWhite_ROM.txt",FIC,English,ROM,,2014,StClaire,Roxanne,Roxanne,StClaire,BarefootinWhite,,,,,F,US,108367,21,0.3176151762,13.12108003,4.038849121,3.1465422,6574,-2.349,0.25257,-2.6016,-3.0587,3.93,2627,https://www.goodreads.com/search?q=+Barefootin+White,0
"2014_Stelmach,Orest_TheBoyWhoGlowedintheDark_MY.txt",FIC,English,MY,,2014,Stelmach,Orest,Orest,Stelmach,TheBoyWhoGlowedintheDark,,,,,M,US,99601,22,0.2561017532,10.55318924,4.242065171,3.091258659,5124,-2.1376,0.21802,-2.3556,-2.8389,4,991,https://www.goodreads.com/search?q=+The+Boy+Who+Glowedinthe+Dark,0
"2014_Sternbergh,Adam_ShovelReady_MY.txt",FIC,English,SF,,2014,Sternbergh,Adam,Adam,Sternbergh,ShovelReady,,,,,M,Canada/US,68216,26,0.1772885284,8.687722873,4.092304161,2.646451481,2201,-2.2151,0.16866,-2.3838,-2.8274,3.46,5172,https://www.goodreads.com/search?q=Adam+Sternbergh+Shovel+Ready,1
"2014_Stevens,Chevy_ThatNight_MY.txt",FIC,English,MY,,2014,Stevens,Chevy,Chevy,Stevens,ThatNight,,,,,F,Canada,137831,38,0.1841349605,14.79032085,3.899530321,3.209234962,8755,-2.3395,0.24884,-2.5883,-3.1475,3.98,21281,https://www.goodreads.com/search?q=Chevy+Stevens+That+Night,1
"2014_Stevenson,Bryan_JustMercy_ME.txt",NON,English,MEM,,2014,Stevenson,Bryan,Bryan,Stevenson,JustMercy,,,,,M,,134686,74,0.2668725187,19.91807158,4.572940031,4.422242761,5676,-2.0239,0.24875,-2.2726,-2.8336,4.62,194270,https://www.goodreads.com/search?q=Bryan+Stevenson+Just+Mercy,1
"2014_Stibbe,Nina_ManattheHelm_CT.txt",FIC,English,NYT,,2014,Stibbe,Nina,Nina,Stibbe,ManattheHelm,,,,,F,UK,111565,58,0.1424148607,20.23304316,4.071362972,3.887220528,5243,-2.353,0.16448,-2.5175,-2.953,3.61,4314,https://www.goodreads.com/search?q=+Manatthe+Helm,1
"2014_StJohnMandel,Emily_StationEleven_PW.txt",FIC,English,PW,,2014,StJohnMandel,Emily,Emily St. John,Mandel,StationEleven,,AlfredA.Knopf,TheNationalBookAwards,Shortlist,F,Canada,120286,49,0.1400078217,16.85149902,4.281579366,3.741304297,6177,-2.2483,0.21363,-2.4619,-2.9484,4.06,404955,https://www.goodreads.com/search?q=+Station+Eleven,0
"2014_Stroud,Jonathan_TheWhisperingSkull_MG.txt",FIC,English,MID,,2014,Stroud,Johnathan,Johnathan,Stroud,TheWhisperingSKull,,,,,M,,136060,30,0.2886219553,12.52969887,4.217061098,3.180147149,7863,-2.287,0.23989,-2.5269,-3.0569,4.33,20459,https://www.goodreads.com/search?q=+The+Whispering+S+Kull,1
"2014_Szabo,Magda_IzasBallad_CT.txt",FIC,English,NYT,,2014,Szabo,Magda,Magda,Szabo,Iza'sBallad,,NewYorkReview,,,F,,110974,27,0.3032820939,21.28385117,4.21728533,4.166160287,4905,-2.4599,0.17006,-2.6299,-3.1065,4.25,2556,https://www.goodreads.com/search?q=Magda+Szabo+Iza's+Ballad,0
"2014_Thomas,Joan_OpeningSky_PW.txt",FIC,English,PW,,2014,Thomas,Joan,Joan,Thomas,OpeningSky,,McClelland&Stewart,GovernorGeneralLiteraryAwardforfiction,Shortlist,F,Canada,138891,49,0.2529194837,14.8848998,4.104037667,3.404253984,7361,-2.3665,0.19073,-2.5572,-3.0892,3.4,232,https://www.goodreads.com/search?q=Joan+Thomas+Opening+Sky,0
"2014_Tierce,Merritt_LoveMeBack_CT.txt",FIC,English,NYT,,2014,Tierce,Merritt,Merritt,Tierce,LoveMeBack,,,,,F,US,63456,46,0.1913043478,16.54654498,3.847505888,3.456439758,3267,-2.3351,0.1237,-2.4588,-2.8964,3.22,3378,https://www.goodreads.com/search?q=Merritt+Tierce+Love+Me+Back,1
"2014_Toews,Miriam_AllMyPunySorrows_CT.txt",FIC,English,NYT,,2014,Toews,Miriam,Miriam,Toews,AllMyPunySorrows,,,,,F,Canada,110449,32,0.3526540574,14.68541417,3.953839019,3.357768772,6138,-2.3065,0.21241,-2.5189,-3.0339,3.98,23149,https://www.goodreads.com/search?q=Miriam+Toews+All+My+Puny+Sorrows,1
"2014_Toews,Miriam_AllmyPunySorrows_PW.txt",FIC,English,PW,,2014,Toews,Miriam,Miriam,Toews,AllmyPunySorrows,,AlfredA.Knopf,ScotiabankGillerPrize,Shortlist,F,Canada,110450,32,0.3526540574,14.68554713,3.953808577,3.357747698,6138,-2.3065,0.21241,-2.5189,-3.0339,3.98,23149,https://www.goodreads.com/search?q=+Allmy+Puny+Sorrows,1
"2014_Tooze,Adam_TheDeluge_HIST.txt",NON,English,HIST,,2014,Tooze,Adam,Adam,Tooze,TheDeluge,,,,,M,UK,216694,143,0.1775147929,25.70205195,4.97798615,5.369938622,2633,-2.3712,0.13802,-2.5092,-3.1386,4.19,1365,https://www.goodreads.com/search?q=Adam+Tooze+The+Deluge,0
"2014_Torre,Alessandra_BlackLies_ROM.txt",FIC,English,ROM,,2014,Torre,Alessandra,Alessandra,Torre,BlackLies,,,,,F,US,98661,22,0.4185185185,12.77165049,4.061652522,3.169799139,7303,-2.3383,0.22352,-2.5619,-3.0086,4.27,29777,https://www.goodreads.com/search?q=Alessandra+Torre+Black+Lies,1
"2014_Townsend,Jacinda_SaintMonkey_CT.txt",FIC,English,NYT,,2014,Townsend,Jacinda,Jacinda,Townsend,SaintMonkey,,,,,F,US,142525,90,0.1004319654,22.50513185,4.031632719,3.900409176,7116,-2.3624,0.18474,-2.5472,-3.0674,3.64,453,https://www.goodreads.com/search?q=Jacinda+Townsend+Saint+Monkey,1
"2014_Trueblood,Valerie_SearchPartyStoriesofRescue_PW.txt",FIC,English,PW,,2014,Trueblood,Valerie,Valerie,Trueblood,SearchPartyStoriesofRescue,,CounterpointPress,PEN/FaulknerAwardforFiction,Shortlist,F,US,96559,56,0.0962085308,15.51896496,4.04517724,3.474512214,4183,-2.309,0.15584,-2.4649,-2.9461,3.39,41,https://www.goodreads.com/search?q=+Search+Party+Storiesof+Rescue,0
"2014_Turner,Stevie_AHouseWithoutWindows_MY.txt",FIC,English,MY,,2014,Turner,Stevie,Stevie,Turner,AHouseWithoutWindows,,,,,F,UK,83758,39,0.1272154391,14.95678571,3.905204897,3.316994205,4669,-2.334,0.11448,-2.4485,-2.8839,3.59,602,https://www.goodreads.com/search?q=Stevie+Turner+A+House+Without+Windows,1
"2014_Ullmann,Linn_TheColdSong_CT.txt",FIC,English,NYT,,2014,Ullmann,Linn,Linn,Ullmann,TheColdSong,,,,,F,Norway,96475,30,0.2042464115,15.55045132,4.053157256,3.442107776,4725,-2.2809,0.17953,-2.4604,-2.9233,3.4,2258,https://www.goodreads.com/search?q=Linn+Ullmann+The+Cold+Song,0
"2014_Unger,Lisa_IntheBlood_MY.txt",FIC,English,MY,,2014,Unger,Lisa,Lisa,Unger,IntheBlood,,,,,F,US,117401,20,0.2462462462,13.10425271,3.97853187,3.160168383,5811,-2.3062,0.2666,-2.5728,-3.0687,4.16,124931,https://www.goodreads.com/search?q=+Inthe+Blood,1
"2014_VanderMeer,Jeff_Annihilation_SF.txt",FIC,English,SF,,2014,VanderMeer,Jeff,Jeff,VanderMeer,Annihilation,,,,,M,US,64854,1,1,18.85290698,4.272519043,4.030078628,2772,-2.3664,0.16077,-2.5271,-2.9596,3.73,185102,https://www.goodreads.com/search?q=Jeff+VanderMeer+Annihilation,1
"2014_VanderMeer,Jeff_Authority_SF.txt",FIC,English,SF,,2014,VanderMeer,Jeff,Jeff,VanderMeer,Authority,,,,,M,US,110788,19,0.3781307269,17.55196451,4.355241607,3.980759732,4229,-2.333,0.23105,-2.564,-3.039,3.53,70294,https://www.goodreads.com/search?q=Jeff+VanderMeer+Authority,0
"2014_Venturini,Fred_HeartDoesNotGrowBack_CT.txt",FIC,English,NYT,,2014,Venturini,Fred,Fred,Venturini,HeartDoesNotGrowBack,,,,,M,US,104211,33,0.2579617834,14.74405773,4.026309415,3.346732959,4849,-2.2625,0.24429,-2.5068,-2.9789,3.68,608,https://www.goodreads.com/search?q=Fred+Venturini+Heart+Does+Not+Grow+Back,1
"2014_VonFurstenberg,Diane_TheWomanIWantedtoBe_ME.txt",NON,English,MEM,,2014,VonFurstenberg,Diane,Diane,VonFurstenberg,TheWomanIWantedtoBe,,,,,F,,90766,55,0.1374207188,19.59542314,4.284712854,4.155882995,2542,-2.3153,0.099312,-2.4146,-2.8802,3.67,3848,https://www.goodreads.com/search?q=+The+Woman+I+Wantedto+Be,1
"2014_Walker,Casey_LastDaysinSHanghai_CT.txt",FIC,English,NYT,,2014,Walker,Casey,Casey,Walker,LastDaysinSHanghai,,,,,M,US,83057,24,0.2678916828,14.85016986,4.150345028,3.441732421,4992,-2.3127,0.19904,-2.5117,-2.9623,2.82,121,https://www.goodreads.com/search?q=+Last+Daysin+S+Hanghai,1
"2014_Ward,JR_TheKing_ROM.txt",FIC,English,ROM,,2014,Ward,JR,JR,Ward,TheKing,,,,,F,US,240801,62,0.210959682,13.82960028,4.100725726,3.28763707,13170,-2.2604,0.31967,-2.58,-3.2713,4.36,51930,https://www.goodreads.com/search?q=JR+Ward+The+King,0
"2014_Ward,Penelope_StepbrotherDearest_ROM.txt",FIC,English,ROM,,2014,Ward,Penelope,Penelope,Ward,StepbrotherDearest,,,,,F,US,90905,21,0.3301470588,13.29603627,3.906908512,3.150137794,5457,-2.4131,0.19082,-2.6039,-3.0962,4.06,64761,https://www.goodreads.com/search?q=Penelope+Ward+Stepbrother+Dearest,1
"2014_Watson,Alexander_RingofSteel_HIST.txt",NON,English,HIST,,2014,Watson,Alexander,Alexander,Watson,RingofSteel,,,,,M,UK,256142,92,0.1125632378,29.97916667,5.072390181,5.622653394,3728,-2.2839,0.12986,-2.4137,-3.104,4.35,715,https://www.goodreads.com/search?q=+Ringof+Steel,0
"2014_Watts,Peter_Echopaxia_SF.txt",FIC,English,SF,,2014,Watts,Peter,Peter,Watts,Echopaxia,,,,,M,Canada,128262,32,0.381613183,14.40822287,4.442456982,3.613905073,6120,-2.1795,0.33554,-2.5151,-2.9977,3.85,8228,https://www.goodreads.com/search?q=+Echopaxia,0
"2014_Wayne,Jimmy_WalktoBeautiful_ME.txt",NON,English,MEM,,2014,Wayne,Jimmy,Jimmy,Wayne,WalktoBeautiful,,,,,M,,132882,113,0.1642041639,18.19802794,4.121423648,3.73758457,7124,-2.2953,0.12064,-2.416,-2.9032,4.25,4304,https://www.goodreads.com/search?q=+Walkto+Beautiful,1
"2014_Weaver,Ashley_MurderattheBrightwell_MY.txt",FIC,English,MY,,2014,Weaver,Ashley,Ashley,Weaver,MurderattheBrightwell,,,,,F,US,111052,32,0.1857968621,14.14134726,4.090903118,3.358481645,6817,-2.396,0.21294,-2.609,-3.0968,3.77,6998,https://www.goodreads.com/search?q=+Murderatthe+Brightwell,1
"2014_Weir,Alison_AgainstourBetter_HIST.txt",NON,English,HIST,,2014,Weir,Alison,Alison,Weir,AgainstourBetter,,,,,F,US,24489,29,0.0791788856,35.28674352,5.093701637,5.849479346,379,-2.1583,0.068431,-2.2268,-2.6204,4.2,594,https://www.goodreads.com/search?q=+Againstour+Better,0
"2014_Wells,JenniferFoehner_Fluency_SF.txt",FIC,English,SF,,2014,Wells,JenniferFoehner,JenniferFoehner,Wells,Fluency,,,,,F,US,112343,19,0.267822736,12.15833333,4.357346165,3.369663692,6986,-2.194,0.2221,-2.4161,-2.9446,3.81,10287,https://www.goodreads.com/search?q=+Fluency,0
"2014_West,Kasie_OntheFence_YA.txt",FIC,English,YA,,2014,West,Kasie,Kasie,West,OntheFence,,,,,F,,75234,19,0.2692307692,11.02652792,3.835938537,2.727385107,4307,-2.4309,0.17529,-2.6062,-3.0246,4.03,56501,https://www.goodreads.com/search?q=+Onthe+Fence,1
"2014_Wilder,Jasinda_FallingAway_ROM.txt",FIC,English,ROM,,2014,Wilder,Jasinda,Jasinda,Wilder,FallingAway,,,,,F,US,106073,27,0.2375601926,14.30519218,3.792595065,3.016028139,6468,-2.1719,0.25243,-2.4243,-2.9148,4.16,3217,https://www.goodreads.com/search?q=Jasinda+Wilder+Falling+Away,1
"2014_Wilson,DanielH_Robogenesis_SF.txt",FIC,English,SF,,2014,Wilson,DanielH,DanielH,Wilson,Robogenesis,,,,,M,US,146874,46,0.0941727367,11.85423729,4.242898072,3.201002731,9980,-2.2024,0.24794,-2.4503,-2.9878,3.7,5893,https://www.goodreads.com/search?q=+Robogenesis,1
"2014_Windrow,Martin_TheOwlWhoLikedSittingonCaesar_NF.txt",NON,English,MIX,,2014,Windrow,Martin,Martin,Windrow,TheOwlWhoLikedSittingonCaesar,,,,,M,,82570,11,0.6118721461,32.01628538,4.460581255,5.041593925,1881,-2.2105,0.16449,-2.375,-2.8335,3.63,856,https://www.goodreads.com/search?q=+The+Owl+Who+Liked+Sittingon+Caesar,1
"2014_Winroth,Anders_TheAgeoftheVikings_HIST.txt",NON,English,HIST,,2014,Winroth,Anders,Anders,Winroth,TheAgeoftheVikings,,,,,M,Sweden/US,100207,76,0.0556030796,28.36314747,4.793263292,5.186269453,951,-2.1739,0.079737,-2.2536,-2.696,3.75,840,https://www.goodreads.com/search?q=+The+Ageofthe+Vikings,0
"2014_Wood,Naomi_MrsHemingway_CT.txt",FIC,English,NYT,,2014,Wood,Naomi,Naomi,Wood,MrsHemingway,,,,,F,UK,94441,31,0.2855138548,13.70696662,4.117290422,3.308090171,4268,-2.3575,0.20061,-2.5582,-3.0239,3.83,8771,https://www.goodreads.com/search?q=Naomi+Wood+Mrs+Hemingway,0
"2014_Woodson,Jacqueline_BrownGirlDreaming_MG.txt",FIC,English,MID,,2014,Woodson,Jacqueline,Jacqueline,Woodson,BrownGirlDreaming,,,,,F,,35615,20,0.1191135734,16.75211665,4.078028747,3.604235248,1262,-2.4247,0.11185,-2.5365,-2.882,4.14,80127,https://www.goodreads.com/search?q=Jacqueline+Woodson+Brown+Girl+Dreaming,1
"2014_Wright,Cynthia_SmugglersMoon_ROM.txt",FIC,English,ROM,,2014,Wright,Cynthia,Cynthia,Wright,SmugglersMoon,,,,,F,US,125727,57,0.2572396796,15.71194701,4.246209303,3.630331474,7471,-2.3646,0.2432,-2.6078,-3.0924,4.25,700,https://www.goodreads.com/search?q=Cynthia+Wright+Smugglers+Moon,0
"2014_Wright,Lawrence_ThirteenDaysinSeptember_HIST.txt",NON,English,HIST,,2014,Wright,Lawrence,Lawrence,Wright,ThirteenDaysinSeptember,,,,,M,US,119132,77,0.1676499508,20.73664056,4.678364713,4.618416896,3995,-2.2124,0.2448,-2.4572,-2.9467,4.17,2700,https://www.goodreads.com/search?q=+Thirteen+Daysin+September,0
"2014_Wroe,Simon_ChipChop_CT.txt",FIC,English,NYT,,2014,Wroe,Simon,Simon,Wroe,ChopChop,,,,,M,UK,98381,28,0.2703455964,15.33847833,4.188844239,3.601815024,4193,-2.2922,0.17659,-2.4688,-2.9418,3.38,845,https://www.goodreads.com/search?q=Simon+Wroe+Chop+Chop,1
"2014_York,Zoe_LoveinaSmallTown_ROM.txt",FIC,English,ROM,,2014,York,Zoe,Zoe,York,LoveinaSmallTown,,,,,F,Canada,72124,23,0.2816901408,13.43591654,4.025967532,3.228607338,4150,-2.3836,0.20195,-2.5855,-3.0304,3.9,3682,https://www.goodreads.com/search?q=+Loveina+Small+Town,0
"2014_Young,Samantha_BeforeJamaicaLane_ROM.txt",FIC,English,ROM,,2014,Young,Samantha,Samantha,Young,BeforeJamaicaLane,,,,,F,UK,119346,32,0.3470565602,13.09479921,3.968520804,3.123398423,9084,-2.3585,0.23566,-2.5941,-3.0875,4.31,41239,https://www.goodreads.com/search?q=Samantha+Young+Before+Jamaica+Lane,1
"2014_Zamperini,Louis_Dontgiveup_ME.txt",NON,English,MEM,,2014,Zamperini,Louis,Louis,Zamperini,Dontgiveup,,,,,M,,54111,31,0.1379310345,15.57151079,4.053007114,3.492111168,1978,-2.2326,0.12244,-2.3551,-2.7641,4.15,2424,https://www.goodreads.com/search?q=+Dontgiveup,1
"2014_Zanders,Abbie_DangerousSecrets_ROM.txt",FIC,English,ROM,,2014,Zanders,Abbie,Abbie,Zanders,DangerousSecrets,,,,,F,US,92432,19,0.2752120641,14.27962305,4.170994801,3.489616195,5718,-2.3761,0.20912,-2.5853,-3.0562,4.21,5106,https://www.goodreads.com/search?q=Abbie+Zanders+Dangerous+Secrets,0
"2014_Ziegler,Philip_Olivier_NF.txt",NON,English,MIX,,2014,Ziegler,Philip,Philip,Ziegler,Olivier,,,,,M,,172560,164,0.2527001862,23.57377049,4.510593051,4.64333508,4275,-2.5078,0.15914,-2.667,-3.1941,3.56,143,https://www.goodreads.com/search?q=Philip+Ziegler+Olivier,0
"2014_Zink,Nell_TheWallcreeper_CT.txt",FIC,English,NYT,,2014,Zink,Nell,Nell,Zink,TheWallcreeper,,,,,F,US,52612,14,0.4579439252,14.99344543,4.22993255,3.629962188,1688,-2.3014,0.2267,-2.5281,-2.9107,3.28,3939,https://www.goodreads.com/search?q=Nell+Zink+The+Wallcreeper,1
"2014_Zinovieff,Sofka_TheMadBoy_ME.txt",NON,English,MEM,,2014,Zinovieff,Sofka,Sofka,Zinovieff,TheMadBoy,,,,,F,,151215,160,0.2253143682,26.91616234,4.613622737,4.892061277,2919,-2.3355,0.16187,-2.4973,-3.0331,3.7,290,https://www.goodreads.com/search?q=Sofka+Zinovieff+The+Mad+Boy,0.25
"2015_Aaronovitch,Ben_FoxgloveSummer_MY.txt",FIC,English,MY,,2015,Aaronovitch,Ben,Ben,Aaronovitch,FoxgloveSummer,,,,,M,UK,116292,43,0.1622516556,16.90290698,4.183089201,3.703104724,6519,-2.2858,0.25835,-2.5441,-3.0179,4.2,37305,https://www.goodreads.com/search?q=Ben+Aaronovitch+Foxglove+Summer,1
"2015_Aboulela,Leila_TheKindnessOfEnemies_CT.txt",FIC,English,NYT,,2015,Aboulela,Leila,Leila,Aboulela,TheKindnessofEnemies,,GrovePress,,,F,,121652,58,0.1097237987,14.55167464,4.241027022,3.584330878,5762,-2.2518,0.28969,-2.5415,-3.0562,3.8,1014,https://www.goodreads.com/search?q=+The+Kindnessof+Enemies,1
"2015_Ackerman,Elliot_GreenonBlue_CT.txt",FIC,English,NYT,,2015,Ackerman,Elliot,Elliot,Ackerman,GreenonBlue,,,,,M,US,89757,31,0.2305925586,13.0101464,4.094497592,3.274369031,6901,-2.2816,0.21894,-2.5005,-2.9507,3.74,1203,https://www.goodreads.com/search?q=+Greenon+Blue,1
"2015_Addario,Lynsey_ItsWhatIDo_ME.txt",NON,English,MEM,,2015,Addario,Lynsey,Lynsey,Addario,ItsWhatIDo,,,,,F,,104720,56,0.1221757322,19.04346245,4.369984116,4.148183507,4181,-2.2464,0.16751,-2.4139,-2.8879,4.31,11169,https://www.goodreads.com/search?q=Lynsey+Addario+Its+What+I+Do,1
"2015_Ahdieh,Renee_TheWrathandtheDawn_MY.txt",FIC,English,MY,YA,2015,Ahdieh,Renee,Renee,Ahdieh,TheWrathandtheDawn,,,,,F,US,107898,33,0.2832298137,11.17998135,4.285878222,3.121349303,7582,-2.2631,0.24081,-2.5039,-2.9745,4.08,155582,https://www.goodreads.com/search?q=+The+Wrathandthe+Dawn,0
"2015_Ahlborn,Ania_WithinTheseWalls_MY.txt",FIC,English,MY,,2015,Ahlborn,Ania,Ania,Ahlborn,WithinTheseWalls,,,,,F,Poland,155145,61,0.1954628781,13.95690896,4.194577684,3.411177788,8125,-2.2667,0.25266,-2.5193,-3.0612,3.61,4014,https://www.goodreads.com/search?q=Ania+Ahlborn+Within+These+Walls,0
"2015_Albert,Elisa_AfterBirth_CT.txt",FIC,English,NYT,,2015,Albert,Elisa,Elisa,Albert,AfterBirth,,,,,F,US,66482,32,0.1652046784,11.40343053,4.148365872,3.146188538,1746,-2.331,0.17325,-2.5043,-2.9241,3.49,3601,https://www.goodreads.com/search?q=Elisa+Albert+After+Birth,1
"2015_Albertalli,Becky_SimonvsTheHomoSapiensAgenda_YA.txt",FIC,English,YA,,2015,Albertalli,Becky,Becky,Albertalli,SimonVsTheHomoSapiens,,,,,F,,79593,34,0.1623838163,11.70485294,3.945870144,2.814354388,3577,-2.3107,0.27902,-2.5897,-3.0006,4.21,375409,https://www.goodreads.com/search?q=Becky+Albertalli+Simon+Vs+The+Homo+Sapiens,1
"2015_Alda,Arlene_JustKidsfromtheBronx_ME.txt",NON,English,MEM,,2015,Alda,Arlene,Arlene,Alda,JustKidsfromtheBronx,,,,,F,,104154,29,0.0981132075,15.89894673,4.111541253,3.599104333,1669,-2.2421,0.18439,-2.4265,-2.9017,3.77,403,https://www.goodreads.com/search?q=+Just+Kidsfromthe+Bronx,1
"2015_Alexander,Victoria_TheDaringExploitsofaRunawayHeiress_ROM.txt",FIC,English,ROM,,2015,Alexander,Victoria,Victoria,Alexander,TheDaringExploitsofaRunawayHeiress,,,,,F,US,134387,57,0.2462109496,12.46863982,4.193329554,3.253353733,5647,-2.2685,0.231,-2.4995,-3.0375,3.79,1010,https://www.goodreads.com/search?q=+The+Daring+Exploitsofa+Runaway+Heiress,0
2015_AlexisAndre_FifteenDogs_PW.txt,FIC,English,PW,,2015,Alexis,Andre,Andre,Alexis,FifteenDogs,,CoachHouse,ScotiabankGillerPrize,Winner,M,Trinidad/Canada,65777,24,0.2268356643,16.58522441,4.271471515,3.809791666,2356,-2.3299,0.14671,-2.4766,-2.8866,3.79,22289,https://www.goodreads.com/search?q=Andre+Alexis+Fifteen+Dogs,0
"2015_Allen,JohnL_TheFrancisMiracle_HIST.txt",NON,English,HIST,,2015,Allen,JohnL,JohnL,Allen,TheFrancisMiracle,,,,,M,UK,93693,78,0.3039647577,29.84804078,4.772810558,5.395751537,1538,-2.3389,0.090759,-2.4296,-2.8833,4.05,1399,https://www.goodreads.com/search?q=+The+Francis+Miracle,0
"2015_Applegate,Katherine_Crenshaw_MG.txt",FIC,English,MID,,2015,Applegate,Katherine,Katherine,Applegate,Crenshaw,,,,,F,,32579,11,0.2756539235,10.55703176,3.906354003,2.74261824,1755,-2.2941,0.1464,-2.4405,-2.804,3.99,27986,https://www.goodreads.com/search?q=Katherine+Applegate+Crenshaw,1
"2015_Appy,ChristianG_AmericanReckoning_HIST.txt",NON,English,HIST,,2015,Appy,ChristianG,ChristianG,Appy,AmericanReckoning,,,,,M,US,150510,109,0.0558455115,22.76315789,4.845953966,4.918833066,2124,-2.2517,0.10298,-2.3547,-2.8588,4.25,29720,https://www.goodreads.com/search?q=+American+Reckoning,0
2015_ArchibaldSamuel_Arvida_PW.txt,FIC,English,PW,,2015,Archibald,Samuel,Samuel,Archibald,Arvida,French,Biblioasis,ScotiabankGillerPrize,Shortlist,M,Canada,75545,50,0.1104368932,20.47289973,4.120638586,3.977382246,2780,-2.2516,0.12105,-2.3726,-2.8092,3.46,732,https://www.goodreads.com/search?q=Samuel+Archibald+Arvida,1
"2015_Arlen,Tessa_DeathofaDishonorableGentlemen_MY.txt",FIC,English,MY,,2015,Arlen,Tessa,Tessa,Arlen,DeathofaDishonorableGentlemen,,,,,F,UK,98358,68,0.1329075426,19.81825509,4.380838855,4.171788475,5501,-2.2425,0.20351,-2.446,-2.9628,3.52,1266,https://www.goodreads.com/search?q=+Deathofa+Dishonorable+Gentlemen,0
"2015_Armentrout,JenniferL_FallWithMe_ROM.txt",FIC,English,ROM,,2015,Armentrout,Jennifer,Jennifer,Armentrout,FallWithMe,,,,,F,US,130568,37,0.3144950288,12.9918408,3.94294358,3.071078966,9304,-2.4007,0.23022,-2.6309,-3.1331,4.07,21950,https://www.goodreads.com/search?q=Jennifer+Armentrout+Fall+With+Me,1
"2015_Armstrong,Jesse_LoveSexAndOtherForeignPolicyGoals_CT.txt",FIC,English,NYT,,2015,Armstrong,Jesse,Jesse,Armstrong,"Love,SexandOtherForeignPolicyGoals",,BlueRiderPress,,,M,,131013,39,0.1780590717,15.48433991,4.145677444,3.548500576,6941,-2.3608,0.20499,-2.5658,-3.0493,3.03,374,"https://www.goodreads.com/search?q=+Love,+Sexand+Other+Foreign+Policy+Goals",1
"2015_Arnold,David_Mosquitoland_YA.txt",FIC,English,YA,,2015,Arnold,David,David,Arnold,Mosquitoland,,,,,M,,97544,43,0.3554449972,13.1620564,4.060267108,3.116757492,4838,-2.3133,0.18664,-2.4999,-2.9218,3.88,30888,https://www.goodreads.com/search?q=David+Arnold+Mosquitoland,1
"2015_Ashley,Jennifer_Grant_ROM.txt",FIC,English,ROM,,2015,Ashley,Jennifer,Jennifer,Ashley,Grant,,,,,F,US,69244,27,0.5691105769,13.0920779,4.110967582,3.171958704,4312,-2.2341,0.25367,-2.4877,-2.9043,4.04,1135,https://www.goodreads.com/search?q=Jennifer+Ashley+Grant,0
"2015_Atkins,Ace_RobertBParkersKickback_MY.txt",FIC,English,MY,,2015,Atkins,Ace,Ace,Atkins,RobertBParkersKickback,,,,,M,US,88255,54,0.1369193154,11.33800103,3.977426993,2.853352318,5577,-2.2797,0.23243,-2.5122,-2.9464,3.9,4566,https://www.goodreads.com/search?q=Ace+Atkins+Robert+B+Parkers+Kickback,1
"2015_Axelrod,David_Believer_ME.txt",NON,English,MEM,,2015,Axelrod,David,David,Axelrod,Believer,,,,,M,,232475,168,0.2756787545,21.57740858,4.532131198,4.53459878,6376,-2.3754,0.15572,-2.5311,-3.144,4.16,2365,https://www.goodreads.com/search?q=David+Axelrod+Believer,1
"2015_Bacigalupi,Paolo_TheWaterKnife_SF.txt",FIC,English,SF,,2015,Bacigalupi,Paolo,Paolo,Bacigalupi,TheWaterKnife,,,,,M,US,153465,44,0.2129552405,11.70773573,4.194663321,3.104775898,9178,-2.1484,0.28789,-2.4363,-2.9833,3.84,23450,https://www.goodreads.com/search?q=Paolo+Bacigalupi+The+Water+Knife,0
"2015_Bagans,Zak_IAmHaunted_ME.txt",NON,English,MEM,,2015,Bagans,Zak,Zak,Bagans,IAmHaunted,,,,,M,,82826,34,0.1282051282,20.17685749,4.163098203,4.067158863,1634,-2.2566,0.13967,-2.3963,-2.8428,3.95,1516,https://www.goodreads.com/search?q=Zak+Bagans+I+Am+Haunted,1
"2015_Baird,Mimi_HeWantedtheMoon_ME.txt",NON,English,MEM,,2015,Baird,Mimi,Mimi,Baird,HeWantedtheMoon,,,,,F,,65854,36,0.0991561181,18.18668876,4.382021692,4.128723661,2932,-2.2678,0.10991,-2.3777,-2.7988,3.84,1196,https://www.goodreads.com/search?q=+He+Wantedthe+Moon,1
"2015_Barbery,Muriel_TheLifeOfElves_CT.txt",FIC,English,NYT,,2015,Barbery,Muriel,Muriel,Barbery,TheLifeofElves,,PenguinGroupUSA,,,F,,84213,31,0.1986863711,26.42390963,4.300296139,4.584098088,4307,-2.3639,0.17595,-2.5398,-2.9994,2.77,3042,https://www.goodreads.com/search?q=+The+Lifeof+Elves,0
"2015_Barrett,AIgoni_Blackass_CT.txt",FIC,English,NYT,,2015,Barrett,A.Igoni,A.Igoni,Barrett,Blackass,,GraywolfPress,,,M,,91418,31,0.6249413971,18.63012024,4.263216031,3.928332188,6900,-2.1643,0.20454,-2.3689,-2.8856,3.36,2172,https://www.goodreads.com/search?q=A.Igoni+Barrett+Blackass,0
"2015_Barrett,Shirley_RushOh_CT.txt",FIC,English,NYT,,2015,Barrett,Shirley,Shirley,Barrett,RushOh!,,HachetteBookGroup,,,F,,103010,55,0.1609467456,21.88907777,4.274154947,4.22464393,5247,-2.2126,0.2566,-2.4693,-2.9361,3.6,1575,https://www.goodreads.com/search?q=Shirley+Barrett+Rush+Oh!,1
"2015_Beatty,Robert_SerafinaandtheBlackCloak_MG.txt",FIC,English,MID,,2015,Beatty,Robert,Robert,Beatty,SerafinaAndTheBlackCoat,,,,,M,,83468,24,0.2701421801,15.84735143,4.182135242,3.552480371,5607,-2.1713,0.20363,-2.3749,-2.8669,3.91,31768,https://www.goodreads.com/search?q=+Serafina+And+The+Black+Coat,0
"2015_Bender,Karen_Refund_PW.txt",FIC,English,PW,,2015,Bender,Karen,Karen,Bender,Refund:Stories,,Counterpoint,NationalBookAwards,Shortlist,F,US,96379,47,0.0887230514,12.63986885,4.155325406,3.154613717,6366,-2.3552,0.13391,-2.4891,-2.9322,3.56,898,https://www.goodreads.com/search?q=Karen+Bender+Refund:+Stories,1
"2015_Benditt,John_TheBoatmaker_CT.txt",FIC,English,NYT,,2015,Benditt,John,John,Benditt,TheBoatmaker,,,,,M,US,115628,25,0.1542111507,16.10417827,4.197019124,3.661456804,4684,-2.3079,0.17817,-2.4861,-2.9776,3.78,226,https://www.goodreads.com/search?q=John+Benditt+The+Boatmaker,0
"2015_Benjamin,Ali_TheThingAboutJellyfish_MG.txt",FIC,English,MID,,2015,Benjamin,Ali,Ali,Benjamin,TheThingAboutJellyFish,,,,,F,,52431,26,0.0917431193,14.10573043,4.037933156,3.216595112,2395,-2.2335,0.19725,-2.4307,-2.8238,4.1,33284,https://www.goodreads.com/search?q=+The+Thing+About+Jelly+Fish,1
"2015_Bennett,ClaireLouise_Pond_CT.txt",FIC,English,NYT,,2015,Bennett,Claire-Louise,Claire-Louise,Bennett,Pond,,PenguinGroupUSA,,,F,,47642,0,NA,27.47520185,4.207521312,4.59758165,1293,-2.4618,0.086328,-2.5481,-2.9302,3.56,5458,https://www.goodreads.com/search?q=Claire-Louise+Bennett+Pond,1
"2015_Bergen,Candice_AFineRomance_ME.txt",NON,English,MEM,,2015,Bergen,Candice,Candice,Bergen,AFineRomance,,,,,F,,145994,87,0.2047075606,15.99583653,4.219385339,3.695607121,4149,-2.2741,0.15935,-2.4335,-2.954,3.66,2657,https://www.goodreads.com/search?q=Candice+Bergen+A+Fine+Romance,1
"2015_Berry,Steve_ThePatriotThreat_MY.txt",FIC,English,MY,,2015,Berry,Steve,Steve,Berry,ThePatriotThreat,,,,,M,US,133689,56,0.112964894,12.58960354,4.366800668,3.455168928,6328,-2.1329,0.32526,-2.4582,-3,3.96,9981,https://www.goodreads.com/search?q=Steve+Berry+The+Patriot+Threat,0
"2015_Birdsall,Jeanne_ThePenderwicksinSpring_MG.txt",FIC,English,MID,,2015,Birdsall,Jeanne,Jeanne,Birdsall,ThePenderwicksInSpring,,,,,F,,96011,59,0.2810555675,14.98766781,4.167329186,3.420372728,4763,-2.2688,0.21018,-2.4789,-2.9289,4.42,9108,https://www.goodreads.com/search?q=Jeanne+Birdsall+The+Penderwicks+In+Spring,0
"2015_Bishop,Stephanie_TheOtherSideOfTheWorld_CT.txt",FIC,English,NYT,,2015,Bishop,Stephanie,Stephanie,Bishop,TheOtherSideoftheWorld,,AtriaBooks,,,F,,86743,13,0.3667711599,14.46198733,4.174323768,3.392525521,5373,-2.2957,0.21496,-2.5106,-2.9737,3.24,1938,https://www.goodreads.com/search?q=+The+Other+Sideofthe+World,0
"2015_Black,Holly_TheCopperGauntlet_MG.txt",FIC,English,MID,,2015,Black,Holly,Holly,Black,TheCopperGauntlet,,,,,F,,88575,40,0.3350660602,13.42452258,4.193062592,3.331419704,5826,-2.3129,0.24398,-2.5568,-2.9876,4.13,32551,https://www.goodreads.com/search?q=Holly+Black+The+Copper+Gauntlet,0
"2015_Blackwood,Scott_SeeHowSmall_CT.txt",FIC,English,NYT,,2015,Blackwood,Scott,Scott,Blackwood,SeeHowSmall,,,,,M,US,53315,30,0.1814310051,13.96046085,4.217566283,3.442363417,3045,-2.2839,0.17389,-2.4578,-2.8361,2.71,1656,https://www.goodreads.com/search?q=Scott+Blackwood+See+How+Small,0
"2015_Bladon,Deborah_CHANCE_ROM.txt",FIC,English,ROM,,2015,Bladon,Deborah,Deborah,Bladon,CHANCE,,,,,F,Canada,71087,19,0.3296812749,13.12294628,3.772282166,2.993514197,3794,-2.3607,0.23113,-2.5918,-3.0433,4.4,112758,https://www.goodreads.com/search?q=+C+H+A+N+C+E,1
"2015_Bladon,Deborah_EMBER_ROM.txt",FIC,English,ROM,,2015,Bladon,Deborah,Deborah,Bladon,EMBER,,,,,F,Canada,28005,9,0.212244898,14.22295582,3.771618717,3.120076157,1442,-2.4275,0.18145,-2.609,-2.9739,4.16,124931,https://www.goodreads.com/search?q=+E+M+B+E+R,1
"2015_Blair,EK_Echo_ROM.txt",FIC,English,ROM,,2015,Blair,EK,EK,Blair,Echo,,,,,F,US,103960,19,0.312371134,15.21885522,3.844119445,3.213055158,7331,-2.2781,0.3046,-2.5827,-3.0741,4.24,5399,https://www.goodreads.com/search?q=EK+Blair+Echo,1
"2015_Bogosian,Eric_OperationNemesis_HIST.txt",NON,English,HIST,,2015,Bogosian,Eric,Eric,Bogosian,OperationNemesis,,,,,M,US,110351,94,0.2444049734,21.0875215,4.87672429,4.801780163,2854,-2.163,0.16706,-2.3301,-2.8287,4.18,862,https://www.goodreads.com/search?q=Eric+Bogosian+Operation+Nemesis,0
"2015_Bolton,Sharon_LittleBlackLies_MY.txt",FIC,English,MY,,2015,Bolton,Sharon,Sharon,Bolton,LittleBlackLies,,,,,F,UK,135477,53,0.17578125,13.49910323,3.998781023,3.197691224,6243,-2.3953,0.1633,-2.5586,-3.0744,3.98,10929,https://www.goodreads.com/search?q=Sharon+Bolton+Little+Black+Lies,1
"2015_Bowen,Sarina_ShootingFortheStars_ROM.txt",FIC,English,ROM,,2015,Bowen,Sarina,Sarina,Bowen,ShootingFortheStars,,,,,F,US,86067,22,0.3536264562,11.98704735,4.098950525,3.078113142,4821,-2.4085,0.18344,-2.5919,-3.036,3.79,2148,https://www.goodreads.com/search?q=+Shooting+Forthe+Stars,0
"2015_Box,CJ_Endangered_MY.txt",FIC,English,MY,,2015,Box,CJ,CJ,Box,Endangered,,,,,M,US,113611,44,0.254536994,14.04859651,4.084897096,3.276274179,6701,-2.1257,0.26842,-2.3941,-2.926,4.35,13980,https://www.goodreads.com/search?q=CJ+Box+Endangered,0
"2015_Boyd,Natasha_DeepBlueEternity_ROM.txt",FIC,English,ROM,,2015,Boyd,Natasha,Natasha,Boyd,DeepBlueEternity,,,,,F,Denmark,122702,28,0.1935866983,12.32071493,3.932706615,2.997920442,8603,-2.3227,0.2161,-2.5388,-3.0588,4.06,2297,https://www.goodreads.com/search?q=Natasha+Boyd+Deep+Blue+Eternity,1
"2015_Bradley,Alan_AsChimneySweepersCometoDust_MY.txt",FIC,English,MY,,2015,Bradley,Alan,Alan,Bradley,AsChimneySweepersCometoDust,,,,,M,Canada,109735,52,0.1060254925,15.32611732,4.179413986,3.521206068,5486,-2.3374,0.22947,-2.5669,-3.0162,3.95,25565,https://www.goodreads.com/search?q=+As+Chimney+Sweepers+Cometo+Dust,1
"2015_Bradley,James_TheChinaMirage_HIST.txt",NON,English,HIST,,2015,Bradley,James,James,Bradley,TheChinaMirage,,,,,M,US,120706,124,0.0749232344,26.49385426,4.840936025,5.142076552,2489,-2.2817,0.10392,-2.3856,-2.8826,4.07,1118,https://www.goodreads.com/search?q=James+Bradley+The+China+Mirage,0
"2015_Brencher,Hannah_IfYouFindThisLetter_ME.txt",NON,English,MEM,,2015,Brencher,Hannah,Hannah,Brencher,IfYouFindThisLetter,,,,,F,,104522,22,0.2658227848,15.76976463,4.015917613,3.515465398,2797,-2.3446,0.23711,-2.5817,-3.0597,4.05,1644,https://www.goodreads.com/search?q=Hannah+Brencher+If+You+Find+This+Letter,1
"2015_Brent,Cora_Unruly_ROM.txt",FIC,English,ROM,,2015,Brent,Cora,Cora,Brent,Unruly,,,,,F,US,100825,30,0.1981742107,13.1676897,4.054297332,3.23433008,6166,-2.4096,0.22188,-2.6315,-3.1173,4.07,2965,https://www.goodreads.com/search?q=Cora+Brent+Unruly,1
"2015_Browder,Bill_RedNotice_ME.txt",NON,English,MEM,,2015,Browder,Bill,Bill,Browder,RedNotice,,,,,M,,148064,103,0.1380120887,17.36210131,4.354294755,3.971491024,6471,-2.3013,0.18015,-2.4814,-2.996,4.43,68988,https://www.goodreads.com/search?q=Bill+Browder+Red+Notice,1
"2015_Brown,Pierce_GoldenSon_SF.txt",FIC,English,SF,YA,2015,Brown,Pierce,Pierce,Brown,GoldenSon,,,,,M,US,180284,90,0.0735127799,10.63496933,4.109676758,2.901424498,9398,-2.2229,0.28084,-2.5038,-3.0777,4.44,178693,https://www.goodreads.com/search?q=Pierce+Brown+Golden+Son,1
"2015_BrubakerBradley,Kimberly_TheWarthatSavedMyLife_MG.txt",FIC,English,MID,,2015,BrubakerBradley,Kimberly,Kimberly,BrubakerBradley,TheWarThatSavedMyLife,,,,,F,,81473,23,0.2553596951,11.19749863,3.8763633,2.735442026,5413,-2.3625,0.1149,-2.4774,-2.9058,4.49,81913,https://www.goodreads.com/search?q=+The+War+That+Saved+My+Life,1
"2015_Burrough,Bryan_DaysofRage_HIST.txt",NON,English,HIST,,2015,Burrough,Bryan,Bryan,Burrough,DaysofRage,,,,,M,US,238253,252,0.0456621005,20.35654477,4.642178893,4.440706268,10116,-2.2493,0.1663,-2.4156,-3.0489,4.3,4829,https://www.goodreads.com/search?q=+Daysof+Rage,0
2015_ButlerJudith_SensesOfTheSubject.txt,NON,English,MIX,,2015,Butler,Judith,Judith,Butler,SensesoftheSubject,,,,,F,,83113,17,0.1746506986,33.95138889,4.69900033,5.706123487,256,-2.3363,0.067505,-2.4038,-2.8083,4.04,70,https://www.goodreads.com/search?q=+Sensesofthe+Subject,0
"2015_Cadbury,Deborah_PrincesatWar_HIST.txt",NON,English,HIST,,2015,Cadbury,Deborah,Deborah,Cadbury,PrincesatWar,,,,,F,UK,149475,116,0.1063956964,23.3117592,4.659669462,4.732759995,4871,-2.3421,0.17241,-2.5146,-3.039,4.08,1361,https://www.goodreads.com/search?q=+Princesat+War,0
"2015_Callihan,Kristen_TheFriendZone_ROM.txt",FIC,English,ROM,,2015,Callihan,Kristen,Kristen,Callihan,TheFriendZone,,,,,F,US,124229,34,0.341827768,11.2750953,3.831149037,2.714276348,7550,-2.3277,0.24281,-2.5705,-3.0617,4.16,38951,https://www.goodreads.com/search?q=Kristen+Callihan+The+Friend+Zone,1
"2015_Campbell,WJoseph_1995TheYear_HIST.txt",NON,English,HIST,,2015,Campbell,WJoseph,WJoseph,Campbell,1995TheYear,,,,,M,US,82805,82,0.0956268222,25.40030675,4.877712496,5.091944828,2243,-2.1048,0.076066,-2.1808,-2.6024,3.47,105,https://www.goodreads.com/search?q=+1995+The+Year,0
"2015_Carmack,Cora_AllPlayedOut_ROM.txt",FIC,English,ROM,,2015,Carmack,Cora,Cora,Carmack,AllPlayedOut,,,,,F,US,97885,19,0.2407024793,13.58193423,3.835067606,3.045535742,4869,-2.3448,0.22043,-2.5652,-3.0179,4.06,8102,https://www.goodreads.com/search?q=Cora+Carmack+All+Played+Out,1
"2015_Casey,Kathryn_DeliverUs_HIST.txt",NON,English,HIST,,2015,Casey,Kathryn,Kathryn,Casey,DeliverUs,,,,,F,US,125880,101,0.0711014177,19.0496368,4.45965125,4.123106168,6069,-2.2073,0.17296,-2.3802,-2.8996,4.02,1226,https://www.goodreads.com/search?q=Kathryn+Casey+Deliver+Us,0
"2015_Chainani,Soman_TheLastEverAfter_MG.txt",FIC,English,MID,,2015,Chainani,Soman,Soman,Chainani,TheLastEverAfter,,,,,M,,198910,72,0.2236623068,15.24681895,4.238534375,3.477666077,12504,-2.2146,0.28247,-2.4971,-3.0996,4.3,28474,https://www.goodreads.com/search?q=Soman+Chainani+The+Last+Ever+After,0
"2015_Cherryh,CJ_Tracker_SF.txt",FIC,English,SF,,2015,Cherryh,CJ,CJ,Cherryh,Tracker,,,,,F,US,153822,84,0.0817554021,15.22990099,4.343537893,3.766931044,4932,-2.1831,0.26462,-2.4478,-3.0364,4.38,1448,https://www.goodreads.com/search?q=CJ+Cherryh+Tracker,0
"2015_Child,Lincoln_TheForgottenRoom_MY.txt",FIC,English,MY,,2015,Child,Lincoln,Lincoln,Child,TheForgottenRoom,,,,,M,US,97865,32,0.3943248532,14.96177954,4.395505899,3.709951547,5736,-2.1608,0.25942,-2.4202,-2.8835,3.73,11879,https://www.goodreads.com/search?q=Lincoln+Child+The+Forgotten+Room,0
"2015_Chopra,Malika_LivingwithIntent_ME.txt",NON,English,MEM,,2015,Chopra,Malika,Malika,Chopra,LivingwithIntent,,,,,F,,64495,28,0.1221198157,19.43205785,4.258630196,4.072789979,1462,-2.2957,0.12122,-2.4169,-2.8273,3.85,807,https://www.goodreads.com/search?q=+Livingwith+Intent,1
"2015_Christie,Michael_IfIFall_CT.txt",FIC,English,NYT,,2015,Christie,Michael,Michael,Christie,IfIFall,,,,,M,Canada,111576,31,0.4280750521,17.69081972,4.365279691,3.890472615,5988,-2.2947,0.25196,-2.5467,-3.0319,3.32,2292,https://www.goodreads.com/search?q=Michael+Christie+If+I+Fall,0
"2015_Chu,Wesley_TheRebirthspfTao_SF.txt",FIC,English,SF,,2015,Chu,Wesley,Wesley,Chu,TheRebirthspfTao,,,,,M,US/Taiwan,162935,88,0.1709733826,13.08714859,4.227166619,3.414362945,8528,-2.2621,0.27324,-2.5353,-3.0824,4.06,2275,https://www.goodreads.com/search?q=+The+Rebirthspf+Tao,0
"2015_Ciment,Jill_ActofGod_CT.txt",FIC,English,NYT,,2015,Ciment,Jill,Jill,Ciment,ActofGod,,,,,F,US,54394,26,0.2270942408,15.02596685,4.336631496,3.657785476,2497,-2.3299,0.1258,-2.4557,-2.8345,3.68,1234,https://www.goodreads.com/search?q=+Actof+God,0
"2015_Clare,Jessica_LastKiss_ROM.txt",FIC,English,ROM,,2015,Clare,Jessica,Jessica,Clare,LastKiss,,,,,F,US,120448,35,0.2348387097,12.73100095,3.954526462,3.129235784,6493,-2.2498,0.275,-2.5248,-3.0149,4.12,3311,https://www.goodreads.com/search?q=Jessica+Clare+Last+Kiss,1
"2015_Clement,Jennifer_PrayersfortheStolen_PW.txt",FIC,English,PW,,2015,Clement,Jennifer,Jennifer,Clement,PrayersfortheStolen,,Hogarth,PEN/FaulknerAwardforFiction,Shortlist,F,UK,66638,28,0.1444444444,13.61626481,3.999441047,3.350782177,3280,-2.3808,0.10093,-2.4818,-2.881,3.97,8100,https://www.goodreads.com/search?q=+Prayersforthe+Stolen,1
"2015_Clines,Peter_TheFold_SF.txt",FIC,English,SF,,2015,Clines,Peter,Peter,Clines,TheFold,,,,,M,US,141766,36,0.283776868,11.44104592,4.073795625,2.93674505,9334,-2.2366,0.2408,-2.4774,-3.0007,3.87,28204,https://www.goodreads.com/search?q=Peter+Clines+The+Fold,0
"2015_Coben,Harlan_TheStranger_MY.txt",FIC,English,MY,,2015,Coben,Harlan,Harlan,Coben,TheStranger,,,,,M,US,111366,53,0.3023917995,11.26844076,4.105735678,2.972504046,5058,-2.2536,0.2352,-2.4888,-2.9543,3.89,79247,https://www.goodreads.com/search?q=Harlan+Coben+The+Stranger,0
"2015_Cole,Courtney_VERUM_ROM.txt",FIC,English,ROM,YA,2015,Cole,Courtney,Courtney,Cole,VERUM,,,,,F,US,67501,20,0.3588516746,11.24454439,3.779033688,2.710078212,4379,-2.3319,0.23018,-2.5621,-2.9677,3.82,246806,https://www.goodreads.com/search?q=+V+E+R+U+M,1
"2015_Cole,Kresley_TheMaster_ROM.txt",FIC,English,ROM,,2015,Cole,Kresley,Kresley,Cole,TheMaster,,,,,F,US,116344,35,0.2535305985,10.98310205,4.006789936,2.852090159,7126,-2.3186,0.24592,-2.5645,-3.0435,4.33,18013,https://www.goodreads.com/search?q=Kresley+Cole+The+Master,1
"2015_Colfer,Chris_Beyond the Kingdoms_MG.txt",FIC,English,MID,,2015,Colfer,Chris,Chris,Colfer,BeyondtheKingdoms,,,,,M,,116376,87,0.1759280609,13.43988913,4.188095689,3.288965836,7387,-2.1733,0.21494,-2.3883,-2.8678,4.47,37922,https://www.goodreads.com/search?q=+Beyondthe+Kingdoms,0
"2015_Colonna,Sarah_HasAnyoneSeenMyPants_ME.txt",NON,English,MEM,,2015,Colonna,Sarah,Sarah,Colonna,HasAnyoneSeenMyPants,,,,,F,,84843,30,0.1152777778,15.42039258,3.8514867,3.276159352,3600,-2.3388,0.10721,-2.446,-2.8984,3.84,2002,https://www.goodreads.com/search?q=Sarah+Colonna+Has+Anyone+Seen+My+Pants,1
"2015_Constantine,David_TheLifeWriter_CT.txt",FIC,English,NYT,,2015,Constantine,David,David,Constantine,TheLife-Writer,,Biblioasis,,,M,,95233,18,0.274822695,21.36706305,4.113533606,4.014773496,4338,-2.2334,0.22097,-2.4543,-2.9793,3.57,306,https://www.goodreads.com/search?q=David+Constantine+The+Life-+Writer,1
"2015_Cooper,JS_OneNightStand_ROM.txt",FIC,English,ROM,,2015,Cooper,JS,JS,Cooper,OneNightStand,,,,,F,UK,72809,13,0.2517702596,10.93885216,3.725866465,2.638251719,4985,-2.3773,0.19591,-2.5732,-2.9999,3.56,13283,https://www.goodreads.com/search?q=JS+Cooper+One+Night+Stand,1
"2015_Corey,JamesSA_NemesisGames_SF.txt",FIC,English,SF,,2015,Corey,JamesSA,JamesSA,Corey,NemesisGames,,,,,M,US,203852,78,0.1242926011,13.27507163,4.158584971,3.295006111,9863,-2.2824,0.27975,-2.5622,-3.1582,4.42,75974,https://www.goodreads.com/search?q=+Nemesis+Games,0
"2015_Costello,Mary_Academy_Street_CT.txt",FIC,English,NYT,,2015,Costello,Mary,Mary,Costello,AcademyStreet,,,,,F,Ireland,53802,26,0.2690909091,13.91670978,4.175677468,3.389235669,3929,-2.3805,0.12072,-2.5012,-2.8701,3.66,2049,https://www.goodreads.com/search?q=Mary+Costello+Academy+Street,0
"2015_Cotterill,Colin_SixandaHalfDeadlySins_MY.txt",FIC,English,MY,,2015,Cotterill,Colin,Colin,Cotterill,SixandaHalfDeadlySins,,,,,M,UK,85456,38,0.2653061224,13.34624395,4.212581007,3.409960574,4172,-2.2758,0.23176,-2.5076,-2.9383,4.1,1866,https://www.goodreads.com/search?q=+Sixanda+Half+Deadly+Sins,0
"2015_Cottrell,Leonard_LostWorlds_HIST.txt",NON,English,HIST,,2015,Cottrell,Leonard,Leonard,Cottrell,LostWorlds,,,,,M,UK,120113,64,0.0941597139,26.91909458,4.808048471,5.2052447,1276,-2.1939,0.15509,-2.349,-2.8444,3.68,109,https://www.goodreads.com/search?q=Leonard+Cottrell+Lost+Worlds,0
"2015_Crews,Caitlin_GreeksLastRedemption_ROM.txt",FIC,English,ROM,,2015,Crews,Caitlin,Caitlin,Crews,GreeksLastRedemption,,,,,F,US,54946,6,0.5062166963,16.92208192,4.113171751,3.672296973,2550,-2.3792,0.30186,-2.6811,-3.0503,2.95,170,https://www.goodreads.com/search?q=Caitlin+Crews+Greeks+Last+Redemption,0
"2015_Cross,Kaylea_CollateralDamage_ROM.txt",FIC,English,ROM,,2015,Cross,Kaylea,Kaylea,Cross,CollateralDamage,,,,,F,Canada,109513,29,0.2637695806,15.38319989,4.149367896,3.563931251,7921,-2.2074,0.29144,-2.4989,-3.0199,4.33,1030,https://www.goodreads.com/search?q=Kaylea+Cross+Collateral+Damage,0
"2015_Crownover,Jay_Asa_ROM.txt",FIC,English,ROM,,2015,Crownover,Jay,Jay,Crownover,Asa,,,,,F,US,113732,34,0.1679336558,19.224476,3.88486903,3.720911749,6274,-2.5019,0.19012,-2.692,-3.199,4.17,16446,https://www.goodreads.com/search?q=Jay+Crownover+Asa,1
"2015_Cruise,Marilyn_TheBlackChapel_ROM.txt",FIC,English,ROM,,2015,Cruise,Marilyn,Marilyn,Cruise,TheBlackChapel,,,,,F,US,74646,12,0.4105534106,12.66904277,3.810239488,2.92398878,4692,-2.4302,0.21637,-2.6466,-3.0665,3.78,1204,https://www.goodreads.com/search?q=Marilyn+Cruise+The+Black+Chapel,1
"2015_Cryer,Jon_SoThatHappened_ME.txt",NON,English,MEM,,2015,Cryer,Jon,Jon,Cryer,SoThatHappened,,,,,M,,128035,91,0.0950704225,19.69163334,4.227149263,4.019357411,3757,-2.4318,0.11494,-2.5467,-3.0011,3.74,2799,https://www.goodreads.com/search?q=Jon+Cryer+So+That+Happened,1
2015_CuskRachel_Outline_PW.txt,FIC,English,PW,,2015,Cusk,Rachel,Rachel,Cusk,Outline,,HarperCollins,GovernerGeneral's,Shortlist,F,Canada,69274,15,0.1323529412,29.82092122,4.251116731,4.770720118,3180,-2.3314,0.16311,-2.4945,-2.9723,3.68,38870,https://www.goodreads.com/search?q=Rachel+Cusk+Outline,1
"2015_Dawson,DelilahS_Hit_SF.txt",FIC,English,SF,YA,2015,Dawson,DelilahS,DelilahS,Dawson,Hit,,,,,F,US,101481,28,0.2013552759,14.97211567,3.875077073,3.205971079,4834,-2.3981,0.19461,-2.5927,-3.0563,3.63,1238,https://www.goodreads.com/search?q=DelilahS+Dawson+Hit,1
"2015_Dawson,Shane_IHateMyselfie_ME.txt",NON,English,MEM,,2015,Dawson,Shane,Shane,Dawson,IHateMyselfie,,,,,M,,54932,23,0.1105121294,12.70691649,3.950866201,3.106862814,1691,-2.4134,0.070263,-2.4837,-2.8706,4.05,13384,https://www.goodreads.com/search?q=Shane+Dawson+I+Hate+Myselfie,1
"2015_Deaver,Jeffery_SolitudeCreek_MY.txt",FIC,English,MY,,2015,Deaver,Jeffery,Jeffery,Deaver,SolitudeCreek,,,,,M,US,155684,87,0.1884415905,11.10838387,4.258660862,3.079905642,8105,-2.228,0.25824,-2.4862,-3.0159,3.9,7656,https://www.goodreads.com/search?q=Jeffery+Deaver+Solitude+Creek,0
"2015_delaCruz,Melissa_TheIsleoftheLost_MG.txt",FIC,English,MID,,2015,delaCruz,Melissa,Melissa,delaCruz,TheIsleoftheLost,,,,,F,,80173,32,0.258778626,13.1108749,4.171110153,3.251454158,4336,-2.2744,0.167,-2.4414,-2.8677,3.83,23427,https://www.goodreads.com/search?q=+The+Isleofthe+Lost,0
"2015_Demetrios,Heather_I'llMeetYouThere_YA.txt",FIC,English,YA,,2015,Demetrios,Heather,Heather,Demetrios,IllMeetYouThere,,,,,F,,118366,29,0.2381209503,13.3611017,3.844756008,2.998146925,7378,-2.4187,0.20899,-2.6277,-3.1108,4.06,14507,https://www.goodreads.com/search?q=Heather+Demetrios+Ill+Meet+You+There,1
"2015_Denis,Nelson_WarAgainstAllPuertoRicans_HIST.txt",NON,English,HIST,,2015,Denis,Nelson,Nelson,Denis,WarAgainstAllPuertoRicans,,,,,M,US,89686,60,0.1989319092,23.68259836,4.742965081,4.786389596,3181,-2.1288,0.15,-2.2788,-2.7221,4.54,2103,https://www.goodreads.com/search?q=Nelson+Denis+War+Against+All+Puerto+Ricans,0
"2015_Dessen,Sarah_SaintAnything_YA.txt",FIC,English,YA,,2015,Dessen,Sarah,Sarah,Dessen,SaintAnything,,,,,F,,137000,32,0.2012658228,12.674623,3.975659305,3.008503133,8728,-2.4518,0.19622,-2.648,-3.1476,4.03,59843,https://www.goodreads.com/search?q=Sarah+Dessen+Saint+Anything,1
"2015_Donovan,FrankR_TheVikings_HIST.txt",NON,English,HIST,,2015,Donovan,FrankR,FrankR,Donovan,TheVikings,,,,,M,US,34013,49,0.122923588,24.55812274,4.653304661,4.738056471,960,-2.2632,0.087649,-2.3508,-2.7321,3.88,3768,https://www.goodreads.com/search?q=+The+Vikings,0
"2015_Douglas,Ian_DeepTime_SF.txt",FIC,English,SF,,2015,Douglas,Ian,Ian,Douglas,DeepTime,,,,,M,US,122045,69,0.1574690771,16.2142952,4.763988685,4.11116099,3839,-2.2644,0.19429,-2.4587,-2.9479,4.09,1209,https://www.goodreads.com/search?q=Ian+Douglas+Deep+Time,0
"2015_Douglas,Penelope_FallingAway_ROM.txt",FIC,English,ROM,,2015,Douglas,Penelope,Penelope,Douglas,FallingAway,,,,,F,US,148574,36,0.3314814815,12.77506449,3.93573371,2.983492368,12586,-2.3304,0.2341,-2.5645,-3.1102,3.96,148679,https://www.goodreads.com/search?q=Penelope+Douglas+Falling+Away,1
"2015_Downs,GregoryP_AfterAppomattox_HIST.txt",NON,English,HIST,,2015,Downs,GregoryP,GregoryP,Downs,AfterAppomattox,,,,,M,US,111510,67,0.2241566921,26.19450317,5.125675937,5.498551447,1275,-2.3166,0.16329,-2.4799,-2.9677,3.88,341,https://www.goodreads.com/search?q=+After+Appomattox,0
"2015_Doyle,DonH_TheCauseofAllNations_HIST.txt",NON,English,HIST,,2015,Doyle,DonH,DonH,Doyle,TheCauseofAllNations,,,,,M,US,126101,116,0.0822256569,30.25455854,4.975727455,5.561127529,2652,-2.2834,0.1296,-2.413,-2.9197,4.29,380,https://www.goodreads.com/search?q=+The+Causeof+All+Nations,0
"2015_Dunkerly,RobertM_TotheBitterEnd_HIST.txt",NON,English,HIST,,2015,Dunkerly,RobertM,RobertM,Dunkerly,TotheBitterEnd,,,,,M,US,56125,46,0.097909791,21.89816621,4.73435146,4.666139271,2008,-2.2255,0.10527,-2.3307,-2.7478,4.14,177,https://www.goodreads.com/search?q=+Tothe+Bitter+End,0
"2015_Edwards,Nicole_Brendon_ROM.txt",FIC,English,ROM,,2015,Edwards,Nicole,Nicole,Edwards,Brendon,,,,,F,US,107414,45,0.2916428163,15.02503847,4.153378341,3.426140203,6640,-2.252,0.32154,-2.5736,-3.0841,4.4,3076,https://www.goodreads.com/search?q=Nicole+Edwards+Brendon,0
"2015_Edwards,Nicole_Sawyer_ROM.txt",FIC,English,ROM,,2015,Edwards,Nicole,Nicole,Edwards,Sawyer,,,,,F,US,121749,42,0.3228521911,14.91839235,4.116424426,3.436032362,7976,-2.2668,0.31115,-2.5779,-3.0883,4.33,3695,https://www.goodreads.com/search?q=Nicole+Edwards+Sawyer,0
"2015_Ee,Susan_EndofDays_SF.txt",FIC,English,SF,YA,2015,Ee,Susan,Susan,Ee,EndofDays,,,,,F,US,100129,31,0.241622575,12.76016312,3.989531765,3.11258546,5381,-2.2741,0.1973,-2.4714,-2.9372,4.06,66272,https://www.goodreads.com/search?q=+Endof+Days,1
"2015_Elliot,Kendra_Bridged_ROM.txt",FIC,English,ROM,,2015,Elliot,Kendra,Kendra,Elliot,Bridged,,,,,F,US,108588,34,0.2002304811,11.91834047,4.100741099,3.129681293,6587,-2.1504,0.26678,-2.4172,-2.9231,4.28,18631,https://www.goodreads.com/search?q=Kendra+Elliot+Bridged,0
"2015_Elliot,Kendra_Spiraled_MY.txt",FIC,English,MY,,2015,Elliot,Kendra,Kendra,Elliot,Spiraled,,,,,F,US,104182,39,0.2164826498,11.74675837,4.137451206,3.134187844,6837,-2.1941,0.26567,-2.4598,-2.9511,4.28,16314,https://www.goodreads.com/search?q=Kendra+Elliot+Spiraled,0
"2015_Elliott,Kelly_HoldingYou_ROM.txt",FIC,English,ROM,,2015,Elliott,Kelly,Kelly,Elliott,HoldingYou,,,,,F,US,116049,43,0.2651197235,11.77923264,3.880040344,2.874890258,10766,-2.3608,0.18239,-2.5431,-3.0511,4.4,2413,https://www.goodreads.com/search?q=Kelly+Elliott+Holding+You,1
"2015_Essbaum,JillAlexander_Hausfrau_CT.txt",FIC,English,NYT,,2015,Essbaum,JillAlexander,JillAlexander,Essbaum,Hausfrau,,,,,F,US,103910,32,0.4908767245,11.27128756,4.260460323,3.119087299,5451,-2.3598,0.17927,-2.5391,-2.9778,3.77,17253,https://www.goodreads.com/search?q=+Hausfrau,0
"2015_Faulks,Sebastian_WhereMyHeartUsedToBeat_CT.txt",FIC,English,NYT,,2015,Faulks,Sebastian,Sebastian,Faulks,WhereMyHeartUsedtoBeat,,RandomHouseCa,,,M,,127413,54,0.1100371747,17.48737304,4.103275416,3.738691375,4939,-2.3398,0.19837,-2.5382,-3.057,3.66,6999,https://www.goodreads.com/search?q=+Where+My+Heart+Usedto+Beat,1
"2015_Feehan,Christine_CatsLair_ROM.txt",FIC,English,ROM,,2015,Feehan,Christine,Christine,Feehan,CatsLair,,,,,F,US,171632,26,0.2911800242,12.19410302,3.994948731,3.114172048,10574,-2.2873,0.30971,-2.597,-3.2063,4.01,5114,https://www.goodreads.com/search?q=Christine+Feehan+Cats+Lair,0
"2015_Fishbane, Joel_The_Thunder_of_Giants_CT.txt",FIC,English,NYT,,2015,Fishbane,Joel,Joel,Fishbane,TheThunderofGiants,,,,,M,Canada,100972,40,0.1551035234,14.03168427,4.226878716,3.443195267,5227,-2.4226,0.13683,-2.5595,-2.9879,3.52,391,https://www.goodreads.com/search?q=+The+Thunderof+Giants,0
"2015_Fisher,Tarryn_Marrow_ROM.txt",FIC,English,ROM,,2015,Fisher,Tarryn,Tarryn,Fisher,Marrow,,,,,F,SouthAfrica,106704,34,0.2664974619,13.31303805,3.870405996,3.081632041,5812,-2.378,0.16869,-2.5467,-3.0224,3.97,13052,https://www.goodreads.com/search?q=Tarryn+Fisher+Marrow,1
"2015_Flournoy,Angela_TheTurnerHouse_PW.txt",FIC,English,PW,,2015,Flournoy,Angela,Angela,Flournoy,TheTurnerHouse,,MarinerBooks,NationalBookAwards,Shortlist,F,US,128236,61,0.1768553459,16.02148926,4.138053475,3.584142648,4846,-2.2687,0.21816,-2.4869,-3.0237,3.64,16579,https://www.goodreads.com/search?q=Angela+Flournoy+The+Turner+House,0
"2015_Foner,Eric_GatewaytoFreedom_HIST.txt",NON,English,HIST,,2015,Foner,Eric,Eric,Foner,GatewaytoFreedom,,,,,M,US,84687,87,0.1239616613,28.37085427,4.958130943,5.458806023,2067,-2.2882,0.12325,-2.4114,-2.8644,3.61,1115,https://www.goodreads.com/search?q=+Gatewayto+Freedom,0
"2015_Foor,Jennifer_Binge_ROM.txt",FIC,English,ROM,,2015,Foor,Jennifer,Jennifer,Foor,Binge,,,,,F,US,78430,10,0.3311184939,13.0651341,3.843916984,3.091179013,3809,-2.4001,0.28182,-2.6819,-3.1351,3.65,665,https://www.goodreads.com/search?q=Jennifer+Foor+Binge,1
"2015_Ford,Hannah_WhatHeFights_ROM.txt",FIC,English,ROM,,2015,Ford,Hannah,Hannah,Ford,WhatHeFights,,,,,F,US,15548,7,0.3828828829,13.96945193,3.923604081,3.170844658,1169,-2.384,0.055823,-2.4398,-2.8044,4.07,1204,https://www.goodreads.com/search?q=Hannah+Ford+What+He+Fights,1
"2015_Forman,Gayle_IWasHere_YA.txt",FIC,English,YA,,2015,Forman,Gayle,Gayle,Forman,IwasHere,,,,,F,,87227,36,0.2250922509,12.33936908,3.878182074,2.940387088,3908,-2.3649,0.15803,-2.5229,-2.958,3.75,62835,https://www.goodreads.com/search?q=+Iwas+Here,1
"2015_Frank,Ella_Trust_ROM.txt",FIC,English,ROM,,2015,Frank,Ella,Ella,Frank,Trust,,,,,F,US,119058,20,0.4446420631,15.47815913,3.985070858,3.422326177,9229,-2.4063,0.29802,-2.7043,-3.1737,4.4,11703,https://www.goodreads.com/search?q=Ella+Frank+Trust,0
"2015_Fraser,Steve_TheAgeofAcquiescence_HIST.txt",NON,English,HIST,,2015,Fraser,Steve,Steve,Fraser,TheAgeofAcquiescence,,,,,M,US,154529,41,0.0551724138,29.16191734,5.10829304,5.752389773,397,-2.2976,0.11506,-2.4127,-2.949,3.82,412,https://www.goodreads.com/search?q=+The+Ageof+Acquiescence,0
"2015_Freeman, Anna_The_Fair_Fight_CT.txt",FIC,English,NYT,,2015,Freeman,Anna,Anna,Freeman,TheFairFight,,,,,F,UK,189808,48,0.1827277514,16.40376804,3.856362566,3.334187218,10673,-2.4103,0.15796,-2.5683,-3.1818,3.94,2905,https://www.goodreads.com/search?q=Anna+Freeman+The+Fair+Fight,1
"2015_Fried,Johannes_TheMiddleAges_HIST.txt",NON,English,HIST,,2015,Fried,Johannes,Johannes,Fried,TheMiddleAges,German,,,,M,Germany,262054,198,0.0604665439,32.70360664,4.9427269,5.768545567,2230,-2.3161,0.18449,-2.5006,-3.1756,3.77,158,https://www.goodreads.com/search?q=Johannes+Fried+The+Middle+Ages,0
"2015_Frost,Jeaniene_BoundByFlames_ROM.txt",FIC,English,ROM,,2015,Frost,Jeaniene,Jeaniene,Frost,BoundByFlames,,,,,F,US,92892,25,0.4261096606,17.304769,4.121178763,3.687832043,5804,-2.3684,0.20622,-2.5746,-3.018,4.2,25272,https://www.goodreads.com/search?q=Jeaniene+Frost+Bound+By+Flames,1
"2015_Fuller,Alexandra_LeavingBeforeTheRainsCome_ME.txt",NON,English,MEM,,2015,Fuller,Alexandra,Alexandra,Fuller,LeavingBeforeTheRainsCome,,,,,F,,92656,27,0.3487297921,20.34160263,4.343934547,4.203604319,3313,-2.3692,0.12548,-2.4947,-2.921,3.78,5897,https://www.goodreads.com/search?q=Alexandra+Fuller+Leaving+Before+The+Rains+Come,1
"2015_Gable,Dan_AWrestlingLife_ME.txt",NON,English,MEM,,2015,Gable,Dan,Dan,Gable,AWrestlingLife,,,,,M,,51462,37,0.0680958386,18.96866937,4.181494189,3.923492522,1608,-2.2675,0.11887,-2.3863,-2.7945,4.16,440,https://www.goodreads.com/search?q=Dan+Gable+A+Wrestling+Life,1
"2015_Gale,Patrick_APlaceCalledWinter_CT.txt",FIC,English,NYT,,2015,Gale,Patrick,Patrick,Gale,APlaceCalledWinter,,HachetteBookGroup,,,M,,118708,45,0.2687651332,19.29897578,4.296706767,4.063723598,5901,-2.2927,0.25434,-2.5471,-3.0194,4.12,9021,https://www.goodreads.com/search?q=Patrick+Gale+A+Place+Called+Winter,0
"2015_Gappah,Petina_TheBookOfMemory_CT.txt",FIC,English,NYT,,2015,Gappah,Petina,Petina,Gappah,TheBookofMemory,,MacmillanCA,,,F,,89685,57,0.1765847348,18.81371932,4.204636229,3.991182768,3865,-2.2223,0.16356,-2.3858,-2.8748,4.53,122848,https://www.goodreads.com/search?q=+The+Bookof+Memory,1
"2015_Gardner,Lisa_Crash&Burn_MY.txt",FIC,English,MY,,2015,Gardner,Lisa,Lisa,Gardner,Crash&Burn,,,,,F,US,142037,29,0.264017252,10.5619423,4.128884559,2.888462102,6587,-2.1701,0.27409,-2.4442,-2.9957,4.03,19835,https://www.goodreads.com/search?q=Lisa+Gardner+Crash&+Burn,1
"2015_Gattis,Ryan_All_Involved_CT.txt",FIC,English,NYT,,2015,Gattis,Ryan,Ryan,Gattis,AllInvolved,,,,,M,US,149431,61,0.1423197492,16.13203066,3.79429813,3.235782437,6051,-2.3524,0.19795,-2.5504,-3.0946,4.01,3678,https://www.goodreads.com/search?q=Ryan+Gattis+All+Involved,1
"2015_Gemeinhart,Dan_TheHonestTruth_MG.txt",FIC,English,MID,,2015,Gemeinhart,Dan,Dan,Gemeinhart,TheHonestTruth,,,,,M,,47277,5,0.4534161491,10.78890917,3.879370143,2.735324993,3965,-2.2492,0.18949,-2.4387,-2.8352,4.24,11919,https://www.goodreads.com/search?q=Dan+Gemeinhart+The+Honest+Truth,1
"2015_George,CB_TheDeathOfRexNhongo_CT.txt",FIC,English,NYT,,2015,George,CB,CB,George,TheDeathofRexNhongo,,HachetteBookGroup,,,M,,101765,59,0.1552128729,13.88525038,4.229175822,3.482574047,6037,-2.1565,0.24589,-2.4024,-2.9366,3.72,309,https://www.goodreads.com/search?q=+The+Deathof+Rex+Nhongo,0
"2015_Gessen,Masha_TheBrothers_HIST.txt",NON,English,HIST,,2015,Gessen,Masha,Masha,Gessen,TheBrothers,,,,,F,US,90463,74,0.1164129988,24.93467475,4.58193004,4.792696233,2388,-2.2666,0.15321,-2.4198,-2.8547,3.62,1157,https://www.goodreads.com/search?q=Masha+Gessen+The+Brothers,0
2015_GilbertElizabeth_BigMagic.txt,NON,English,MIX,,2015,Gilbert,Elizabeth,Elizabeth,Gilbert,BigMagic,,,,,F,,64350,21,0.1435406699,19.5177434,4.314945501,4.206216001,694,-2.185,0.179,-2.364,-2.7544,3.94,182627,https://www.goodreads.com/search?q=Elizabeth+Gilbert+Big+Magic,1
"2015_Gino,Alex_George_MG.txt",FIC,English,MID,,2015,Gino,Alex,Alex,Gino,George,,,,,o,,36011,22,0.5086463924,13.51764264,4.174861023,3.283269024,2170,-2.1989,0.16504,-2.3639,-2.7499,4.08,39647,https://www.goodreads.com/search?q=Alex+Gino+George,0
"2015_Glines,Abbi_UntilFridayNight_YA.txt",FIC,English,YA,,2015,Glines,Abbi,Abbi,Glines,UntilFridayNight,,,,,F,,83417,23,0.3694344164,11.35543153,3.768475759,2.786624293,5202,-2.4192,0.19265,-2.6119,-3.0809,3.94,52319,https://www.goodreads.com/search?q=Abbi+Glines+Until+Friday+Night,1
"2015_Glines,Abbi_WhenImGone_ROM.txt",FIC,English,ROM,,2015,Glines,Abbi,Abbi,Glines,WhenImGone,,,,,F,US,83074,21,0.1919104991,11.64806506,3.779366262,2.838320829,5585,-2.3502,0.22818,-2.5783,-3.0229,4.25,20610,https://www.goodreads.com/search?q=Abbi+Glines+When+Im+Gone,1
"2015_Goodwin,Emily_Contagious_SF.txt",FIC,English,SF,,2015,Goodwin,Emily,Emily,Goodwin,Contagious,,,,,F,US,133249,36,0.2558962264,11.40732814,3.999934428,2.898108086,10493,-2.3411,0.23773,-2.5788,-3.0755,4.03,1797,https://www.goodreads.com/search?q=Emily+Goodwin+Contagious,1
"2015_Gordon,Kim_GirlinaBand_ME.txt",NON,English,MEM,,2015,Gordon,Kim,Kim,Gordon,GirlinaBand,,,,,F,,85732,80,0.1922811854,23.12705692,4.300134626,4.334548178,1644,-2.3684,0.11658,-2.485,-2.9226,3.65,25230,https://www.goodreads.com/search?q=+Girlina+Band,1
"2015_Green,Simon_TheDarkSideoftheRoad_MY.txt",FIC,English,MY,,2015,Green,Simon,Simon,Green,TheDarkSideoftheRoad,,,,,M,UK,98793,17,0.1800706159,13.30366281,4.055460463,3.205991377,5168,-2.2938,0.21936,-2.5131,-2.9941,3.64,1986,https://www.goodreads.com/search?q=+The+Dark+Sideofthe+Road,1
"2015_Greenfeld,KarlTaro_TheSubprimes_SF.txt",FIC,English,SF,,2015,Greenfeld,KarlTaro,KarlTaro,Greenfeld,TheSubprimes,,,,,M,US/Japan,105972,42,0.1624531835,17.18650665,4.280264699,3.772645373,4837,-2.1413,0.23417,-2.3755,-2.8669,3.35,571,https://www.goodreads.com/search?q=+The+Subprimes,1
"2015_Griffiths,Elly_TheGhostFields_MY.txt",FIC,English,MY,,2015,Griffiths,Elly,Elly,Griffiths,TheGhostFields,,,,,F,UK,110767,59,0.2437623762,13.55611308,4.173147151,3.272610554,5116,-2.3587,0.15629,-2.515,-2.9811,4.08,15530,https://www.goodreads.com/search?q=Elly+Griffiths+The+Ghost+Fields,0
"2015_Groff,Lauren_FatesandFuries_PW.txt",FIC,English,PW,,2015,Groff,Lauren,Lauren,Groff,FatesandFuries,,Riverhead,NationalBookAwards,Shortlist,F,US,151226,46,0.2370689655,13.69056672,4.197743296,3.347175412,9591,-2.3113,0.20228,-2.5136,-3.059,3.58,125131,https://www.goodreads.com/search?q=+Fatesand+Furies,0
"2015_Grossart,Chuck_TheGeminiEffect_SF.txt",FIC,English,SF,,2015,Grossart,Chuck,Chuck,Grossart,TheGeminiEffect,,,,,M,US,103034,34,0.1752380952,13.58929042,4.402469601,3.536117345,4734,-2.0833,0.31229,-2.3956,-2.8843,3.39,8120,https://www.goodreads.com/search?q=Chuck+Grossart+The+Gemini+Effect,0
"2015_Grosvenor,EdwinS_TheBestofAmerican_HIST.txt",NON,English,HIST,,2015,Grosvenor,EdwinS,EdwinS,Grosvenor,TheBestofAmerican,,,,,M,US,76891,86,0.0963636364,22.87061273,4.691970209,4.730259969,2926,-2.2312,0.066592,-2.2978,-2.7326,4.22,188,https://www.goodreads.com/search?q=+The+Bestof+American,0
"2015_Gunn,Tim_TheNattyProfessor_ME.txt",NON,English,MEM,,2015,Gunn,Tim,Tim,Gunn,TheNattyProfessor,,,,,M,,65410,14,0.1605839416,15.7197789,4.229606333,3.651782102,1285,-2.4098,0.10865,-2.5185,-2.9282,3.75,1182,https://www.goodreads.com/search?q=Tim+Gunn+The+Natty+Professor,1
"2015_Hadley,Tessa_ThePast_CT.txt",FIC,English,NYT,,2015,Hadley,Tessa,Tessa,Hadley,ThePast,,RandomHouseCa,,,F,,112047,33,0.1509831461,19.13370902,4.309405915,4.011709314,5323,-2.3439,0.24639,-2.5903,-3.0764,3.22,7636,https://www.goodreads.com/search?q=Tessa+Hadley+The+Past,0.94
"2015_Halle,Karina_WhereSeaMeetsSky_ROM.txt",FIC,English,ROM,,2015,Halle,Karina,Karina,Halle,WhereSeaMeetsSky,,,,,F,Canada,138151,28,0.2412935323,14.03545667,3.829698428,3.086886123,7543,-2.3411,0.22772,-2.5689,-3.0898,3.77,3090,https://www.goodreads.com/search?q=Karina+Halle+Where+Sea+Meets+Sky,1
"2015_Han,Jenny_PSIStillLoveYou_YA.txt",FIC,English,YA,,2015,Han,Jenny,Jenny,Han,PSIStillLoveYou,,,,,F,,102180,33,0.1987381703,12.00846163,3.783850206,2.796964344,4973,-2.362,0.18386,-2.5458,-3.0119,4.06,305889,https://www.goodreads.com/search?q=Jenny+Han+P+S+I+Still+Love+You,1
"2015_Hand,Cynthia_TheLastTimeWeSayGoodbye_YA.txt",FIC,English,YA,,2015,Hand,Cynthia,Cynthia,Hand,TheLastTimeWeSayGoodbye,,,,,F,,111472,31,0.2632886239,12.0745234,3.870791899,2.887375015,5737,-2.2681,0.21034,-2.4784,-2.9626,4.1,22445,https://www.goodreads.com/search?q=Cynthia+Hand+The+Last+Time+We+Say+Goodbye,1
"2015_Handler,Daniel_WearePirates_CT.txt",FIC,English,NYT,,2015,Handler,Daniel,Daniel,Handler,WearePirates,,,,,M,US,104433,38,0.2818461538,13.33754789,4.093803201,3.174913842,5752,-2.282,0.19671,-2.4787,-2.9591,2.88,2593,https://www.goodreads.com/search?q=+Weare+Pirates,0
"2015_Hannaham,James_DeliciousFoods_PW.txt",FIC,English,PW,,2015,Hannaham,James,James,Hannaham,DeliciousFoods,,LittleBrownandCo,PEN/FaulknerAwardforFiction,Winner,M,US,133664,44,0.2439249462,21.31462287,4.243445661,4.166529212,6616,-2.2998,0.1924,-2.4922,-3.0237,3.8,5760,https://www.goodreads.com/search?q=James+Hannaham+Delicious+Foods,1
"2015_Harden,Blaine_TheGreatLeaderandtheFighterPilot_HIST.txt",NON,English,HIST,,2015,Harden,Blaine,Blaine,Harden,TheGreatLeaderandtheFighterPilot,,,,,M,US,92697,61,0.2323026851,21.19272977,4.634801129,4.588351015,2517,-2.2188,0.15608,-2.3749,-2.8391,4.02,1301,https://www.goodreads.com/search?q=+The+Great+Leaderandthe+Fighter+Pilot,0
"2015_Harlow,Melanie_Floored_ROM.txt",FIC,English,ROM,,2015,Harlow,Melanie,Melanie,Harlow,Floored,,,,,F,US,93883,14,0.4332129964,11.59049383,3.89889336,2.853882565,5918,-2.2988,0.28343,-2.5822,-3.0143,4.1,5633,https://www.goodreads.com/search?q=Melanie+Harlow+Floored,1
"2015_Harlow,Melanie_Frenched_Series_Bundle_ROM.txt",FIC,English,ROM,,2015,Harlow,Melanie,Melanie,Harlow,Frenched,,,,,F,US,320666,39,0.3281467074,12.33520542,3.896967679,2.962293387,19829,-2.3013,0.31716,-2.6185,-3.3582,4.14,13385,https://www.goodreads.com/search?q=Melanie+Harlow+Frenched,1
"2015_Harper,ES_UnexpectedFate_ROM.txt",FIC,English,ROM,,2015,Harper,ES,ES,Harper,UnexpectedFate,,,,,M,US,101196,33,0.1896766169,14.5815562,3.812151845,3.121878768,5775,-2.351,0.20678,-2.5578,-3.0632,4.2,15468,https://www.goodreads.com/search?q=+Unexpected+Fate,1
"2015_Harrison,Thea_MidnightsKiss_ROM.txt",FIC,English,ROM,,2015,Harrison,Thea,Thea,Harrison,MidnightsKiss,,,,,F,US,114170,32,0.2407243816,14.14045083,4.160440478,3.460594387,7672,-2.282,0.24255,-2.5245,-3.0284,4.07,5110,https://www.goodreads.com/search?q=Thea+Harrison+Midnights+Kiss,0
"2015_Hart,Emma_DirtyPast_ROM.txt",FIC,English,ROM,,2015,Hart,Emma,Emma,Hart,DirtyPast,,,,,F,UK,105641,38,0.205801105,11.02724426,3.856510004,2.704553822,6918,-2.2491,0.22804,-2.4771,-2.9789,4.07,4057,https://www.goodreads.com/search?q=Emma+Hart+Dirty+Past,1
"2015_Hartman,Andrew_AWarfortheSoul_HIST.txt",NON,English,HIST,,2015,Hartman,Andrew,Andrew,Hartman,AWarfortheSoul,,,,,M,US,129464,134,0.0384435068,31.49975669,5.281184697,6.074082114,887,-2.2488,0.086905,-2.3357,-2.7933,4.06,223,https://www.goodreads.com/search?q=+A+Warforthe+Soul,0
"2015_Hawdon,Lindsay_JakobsColors_CT.txt",FIC,English,NYT,,2015,Hawdon,Lindsay,Lindsay,Hawdon,Jakob'sColors,,HachetteBookGroup,,,F,,106035,31,0.2866568915,15.45474421,4.149699857,3.493264823,6301,-2.1236,0.3326,-2.4562,-2.9736,3.87,333,https://www.goodreads.com/search?q=Lindsay+Hawdon+Jakob's+Colors,0
"2015_Headley,MariaDahvana_Magonia_SF.txt",FIC,English,SF,YA,2015,Headley,MariaDahvana,MariaDahvana,Headley,Magonia,,,,,F,US,98890,26,0.1775223499,11.90298507,3.949381843,2.914117005,5666,-2.3065,0.14346,-2.45,-2.927,3.54,18182,https://www.goodreads.com/search?q=+Magonia,1
"2015_Hemmings,KauiHart_ThePossibilities_CT.txt",FIC,English,NYT,,2015,Hemmings,KauiHart,KauiHart,Hemmings,ThePossibilities,,,,,F,US,110060,21,0.1980267794,11.75352414,3.862118381,2.833417255,6183,-2.3924,0.16663,-2.559,-3.0389,3.92,15547,https://www.goodreads.com/search?q=+The+Possibilities,1
"2015_Henderson,Bruce_RescueatLosBanos_HIST.txt",NON,English,HIST,,2015,Henderson,Bruce,Bruce,Henderson,RescueatLosBanos,,,,,M,US,105875,60,0.0808383234,22.05269735,4.605020894,4.583681371,4111,-2.1682,0.16551,-2.3337,-2.8322,4.15,785,https://www.goodreads.com/search?q=+Rescueat+Los+Banos,0
"2015_Henion,LeighAnn_Phenomenal_ME.txt",NON,English,MEM,,2015,Henion,LeighAnn,LeighAnn,Henion,Phenomenal,,,,,F,,105269,57,0.0664961637,16.30813323,4.307561683,3.815091087,3602,-2.2321,0.14341,-2.3756,-2.8503,4.02,31136,https://www.goodreads.com/search?q=+Phenomenal,1
"2015_Heppner,Vaughn_TheLostDestroyer_SF.txt",FIC,English,SF,,2015,Heppner,Vaughn,Vaughn,Heppner,TheLostDestroyer,,,,,M,Canada,156749,36,0.2744909412,11.21799184,4.400397157,3.213861781,10064,-2.1905,0.22528,-2.4158,-2.9551,4.21,3647,https://www.goodreads.com/search?q=Vaughn+Heppner+The+Lost+Destroyer,0
"2015_Hewitt,Kate_MarakaiosMarriage_ROM.txt",FIC,English,ROM,,2015,Hewitt,Kate,Kate,Hewitt,MarakaiosMarriage,,,,,F,US,59923,11,0.4389750506,14.2605902,4.222970354,3.402247671,3968,-2.293,0.28042,-2.5734,-2.9724,3.52,240,https://www.goodreads.com/search?q=Kate+Hewitt+Marakaios+Marriage,0
"2015_Hinton,Lynne_TheCaseoftheSinCitySister_MY.txt",FIC,English,MY,,2015,Hinton,Lynne,Lynne,Hinton,TheCaseoftheSinCitySister,,,,,F,US,94961,29,0.3902748414,14.31213263,4.089405068,3.377908781,6762,-2.2563,0.23498,-2.4913,-2.9691,3.78,374,https://www.goodreads.com/search?q=+The+Caseofthe+Sin+City+Sister,0
"2015_Hiro,Dilip_TheLongestAugust_HIST.txt",NON,English,HIST,,2015,Hiro,Dilip,Dilip,Hiro,TheLongestAugust,,,,,M,Pakistan/UK,201135,151,0.0787973043,25.07917706,4.958973749,5.190676875,5271,-2.2833,0.12455,-2.4078,-3.0033,3.66,166,https://www.goodreads.com/search?q=Dilip+Hiro+The+Longest+August,0
"2015_Hodes,Martha_MourningLincoln_HIST.txt",NON,English,HIST,,2015,Hodes,Martha,Martha,Hodes,MourningLincoln,,,,,F,US,119940,95,0.2175171915,29.36826641,4.853866118,5.238918454,3584,-2.3224,0.12914,-2.4516,-2.9346,3.67,187,https://www.goodreads.com/search?q=Martha+Hodes+Mourning+Lincoln,0
"2015_Hodgeman,George_Bettyville_ME.txt",NON,English,MEM,,2015,Hodgeman,George,George,Hodgeman,Bettyville,,,,,M,,117255,49,0.4213649852,15.33948195,4.066582454,3.497541966,4678,-2.2803,0.23036,-2.5107,-3.0339,3.73,7624,https://www.goodreads.com/search?q=+Bettyville,1
"2015_Hoffman,Bruce_AnonymousSoldiers_HIST.txt",NON,English,HIST,,2015,Hoffman,Bruce,Bruce,Hoffman,AnonymousSoldiers,,,,,M,US,237755,147,0.0467657343,31.1238382,5.069444117,5.806143326,6581,-2.3335,0.15906,-2.4925,-3.1591,4.18,142,https://www.goodreads.com/search?q=Bruce+Hoffman+Anonymous+Soldiers,0
"2015_Holcombe,Larry_ThePresidentsandUFOs_HIST.txt",NON,English,HIST,,2015,Holcombe,Larry,Larry,Holcombe,ThePresidentsandUFOs,,,,,M,US,95380,105,0.0575851393,24.65236495,4.716731608,4.938194408,2232,-2.25,0.14995,-2.4,-2.8509,3.45,213,https://www.goodreads.com/search?q=+The+Presidentsand+U+F+Os,0
"2015_Hooper,John_TheItalians_HIST.txt",NON,English,HIST,,2015,Hooper,John,John,Hooper,TheItalians,,,,,M,UK,111708,33,0.3373702422,24.99619602,4.734653365,5.136235896,819,-2.2725,0.091382,-2.3639,-2.8282,3.66,1797,https://www.goodreads.com/search?q=John+Hooper+The+Italians,0
"2015_Hua,Yu_TheSeventhDay_CT.txt",FIC,English,NYT,,2015,Hua,Yu,Yu,Hua,TheSeventhDay,,,,,M,China,76667,14,0.2123745819,18.55445305,4.133118774,3.839396783,5363,-2.1534,0.2056,-2.359,-2.8137,3.94,2576,https://www.goodreads.com/search?q=Yu+Hua+The+Seventh+Day,1
"2015_Huckabee,Mike_GodsGunsGrits_ME.txt",NON,English,MEM,,2015,Huckabee,Mike,Mike,Huckabee,GodsGunsGrits,,,,,M,,96569,25,0.1911262799,26.68389058,4.529447115,4.86478861,720,-2.1908,0.085391,-2.2762,-2.7067,3.82,435,https://www.goodreads.com/search?q=+Gods+Guns+Grits,1
"2015_Humphreys,Helen_TheEveningChorus_PW.txt",FIC,English,PW,,2015,Humphreys,Helen,Helen,Humphreys,TheEveningChorus,,HarperCollins,GovernerGeneral's,Shortlist,F,Canada/UK,65153,21,0.2708333333,16.24358015,4.12735273,3.607421381,2640,-2.3431,0.14027,-2.4833,-2.8963,3.85,1737,https://www.goodreads.com/search?q=Helen+Humphreys+The+Evening+Chorus,0
"2015_Hunter,Stephen_IRipper_MY.txt",FIC,English,MY,,2015,Hunter,Stephen,Stephen,Hunter,IRipper,,,,,M,US,121632,51,0.1510934394,21.61962318,4.206760745,4.11724321,4292,-2.2557,0.27531,-2.531,-3.0205,3.33,2268,https://www.goodreads.com/search?q=Stephen+Hunter+I+Ripper,1
"2015_Hunting,Helena_PUCKED_ROM.txt",FIC,English,ROM,,2015,Hunting,Helena,Helena,Hunting,PUCKED,,,,,F,Canada,133156,31,0.3693965517,12.08641191,3.908248596,2.978792539,6394,-2.3733,0.19836,-2.5716,-3.0659,4.09,9357,https://www.goodreads.com/search?q=+P+U+C+K+E+D,1
"2015_Iles,Greg_TheBoneTree_MY.txt",FIC,English,MY,,2015,Iles,Greg,Greg,Iles,TheBoneTree,,,,,M,US,359160,140,0.0857992565,13.7841572,4.143714959,3.312244155,16687,-2.2113,0.29357,-2.5049,-3.3026,4.23,21545,https://www.goodreads.com/search?q=Greg+Iles+The+Bone+Tree,1
"2015_IrelandStone,Tamara_EveryLastWord_YA.txt",FIC,English,YA,,2015,IrelandStone,Tamara,Tamara,IrelandStone,EveryLastWord,,,,,F,,99535,29,0.1604381443,13.3424933,3.856148604,3.002180917,6412,-2.3818,0.2418,-2.6236,-3.0868,4.27,58230,https://www.goodreads.com/search?q=+Every+Last+Word,1
"2015_Irving,Nicholas_TheReaper_ME.txt",NON,English,MEM,,2015,Irving,Nicholas,Nicholas,Irving,TheReaper,,,,,M,,94279,18,0.4342762063,17.99904544,4.017678533,3.704587004,4603,-2.4036,0.21287,-2.6164,-3.0672,4.14,3871,https://www.goodreads.com/search?q=Nicholas+Irving+The+Reaper,1
"2015_Jackman,Clifford_TheWinterFamily_PW.txt",FIC,English,PW,,2015,Jackman,Clifford,Clifford,Jackman,TheWinterFamily,,RandomHouse,GovernerGeneral's,Shortlist,M,Canada,135474,68,0.1134453782,12.30463215,4.166797811,3.131457615,9759,-2.1293,0.29117,-2.4204,-2.9385,3.6,831,https://www.goodreads.com/search?q=Clifford+Jackman+The+Winter+Family,0
"2015_Jackson,AL_ComeToMeRecklessly_ROM.txt.txt",FIC,English,ROM,,2015,Jackson,AL,AL,Jackson,ComeToMeRecklessly,,,,,F,US,141134,22,0.2494969819,13.82988731,4.034031523,3.26952955,10747,-2.4145,0.2186,-2.6331,-3.177,4.22,3076,https://www.goodreads.com/search?q=AL+Jackson+Come+To+Me+Recklessly,1
"2015_Jaff,Sophie_LoveisRed_MY.txt",FIC,English,MY,,2015,Jaff,Sophie,Sophie,Jaff,LoveisRed,,,,,F,SouthAfrica/US,114466,26,0.1872586873,12.9223301,4.016284955,3.124517511,5058,-2.0418,0.27805,-2.3199,-2.8756,3.4,517,https://www.goodreads.com/search?q=+Loveis+Red,1
"2015_Jagger,Eve_Hard_ROM.txt",FIC,English,ROM,,2015,Jagger,Eve,Eve,Jagger,Hard,,,,,F,US,76199,20,0.3077513431,15.92788462,3.906660263,3.291918012,4230,-2.3169,0.28002,-2.5969,-3.0267,3.98,3630,https://www.goodreads.com/search?q=Eve+Jagger+Hard,1
"2015_James,Marlon_ABriefHistoryofSevenKillings_PW.txt",FIC,English,PW,,2015,James,Marlon,Marlon,James,ABriefHistoryofSevenKillings,,Penguin,ManBooker,Winner,M,Jamaica,286673,130,0.1217910448,14.44050977,3.900555328,3.271847794,7778,-2.2047,0.25967,-2.4643,-3.2342,3.89,31346,https://www.goodreads.com/search?q=+A+Brief+Historyof+Seven+Killings,1
"2015_James,Nicole_WOLF_ROM.txt",FIC,English,ROM,,2015,James,Nicole,Nicole,James,WOLF,,,,,F,US,109418,41,0.2375979112,11.89584692,3.967817338,2.933609538,8524,-2.2198,0.26602,-2.4858,-2.9763,3.83,18,https://www.goodreads.com/search?q=Nicole+James+W+O+L+F,0
"2015_James,Tania_TheTuskthatDid_CT.txt",FIC,English,NYT,,2015,James,Tania,Tania,James,TheTuskthatDid,,,,,F,US,66485,30,0.1403921569,15.06230177,4.1824127,3.541057964,3735,-2.1846,0.29861,-2.4832,-2.906,3.66,1532,https://www.goodreads.com/search?q=+The+Tuskthat+Did,1
"2015_Jewel,Bella_TilDeath_ROM.txt",FIC,English,ROM,,2015,Jewel,Bella,Bella,Jewel,TilDeath,,,,,F,Australia,115321,33,0.1957446809,10.87933962,3.742133995,2.60061175,8323,-2.3633,0.22456,-2.5879,-3.0737,4,12119,https://www.goodreads.com/search?q=Bella+Jewel+Til+Death,1
"2015_Jewel,Bella_TilDeathVolumeTwo_ROM.txt",FIC,English,ROM,,2015,Jewel,Bella,Bella,Jewel,TilDeathVolumeTwo,,,,,F,Australia,62071,21,0.2192982456,10.69083707,3.730128403,2.562569404,4353,-2.3861,0.17836,-2.5645,-2.9544,3.97,10322,https://www.goodreads.com/search?q=Bella+Jewel+Til+Death+Volume+Two,1
"2015_Jewell,Lisa_TheGirlsInTheGarden_CT.txt",FIC,English,NYT,,2015,Jewell,Lisa,Lisa,Jewell,TheGirlsintheGarden,,Simon&Schuster,,,F,,105856,38,0.2325373134,11.80111483,4.077724462,3.011214447,5835,-2.2345,0.26704,-2.5015,-2.9863,3.59,53349,https://www.goodreads.com/search?q=+The+Girlsinthe+Garden,0
"2015_Johnson,Adam_FortuneSmiles_PW.txt",FIC,English,PW,,2015,Johnson,Adam,Adam,Johnson,FortuneSmiles,,RandomHouse,NationalBookAwards,Winner,M,US,88964,40,0.1869651086,14.12126984,4.09578491,3.302296614,4373,-2.349,0.1415,-2.4905,-2.8893,4.02,10095,https://www.goodreads.com/search?q=Adam+Johnson+Fortune+Smiles,1
"2015_Johnson,Craig_DryBones_MY.txt",FIC,English,MY,,2015,Johnson,Craig,Craig,Johnson,DryBones,,,,,M,US,101555,48,0.0969626168,15.06527221,4.051710925,3.378344699,6426,-2.3715,0.16562,-2.5371,-2.9849,4.22,10229,https://www.goodreads.com/search?q=Craig+Johnson+Dry+Bones,1
"2015_Johnston,Tim_Descent_MY.txt",FIC,English,MY,,2015,Johnston,Tim,Tim,Johnston,Descent,,,,,M,US,139445,42,0.2248459959,15.10616401,3.996849558,3.320175691,10548,-2.2138,0.26814,-2.4819,-3.0331,3.6,21030,https://www.goodreads.com/search?q=Tim+Johnston+Descent,0
"2015_Jones,Darynda_EighthGraveAfterDark_MY.txt",FIC,English,MY,,2015,Jones,Darynda,Darynda,Jones,EighthGraveAfterDark,,,,,F,US,106942,56,0.1989005497,11.72995503,3.973444851,2.929471706,6666,-2.2968,0.22857,-2.5253,-2.9991,4.27,23217,https://www.goodreads.com/search?q=Darynda+Jones+Eighth+Grave+After+Dark,1
"2015_Juba,Stacy_DarkBeforeDawn_MY.txt",FIC,English,MY,YA,2015,Juba,Stacy,Stacy,Juba,DarkBeforeDawn,,,,,F,US,70815,27,0.3616180049,12.10926813,4.249969852,3.18226291,4031,-2.302,0.20024,-2.5022,-2.9414,3.8,165,https://www.goodreads.com/search?q=Stacy+Juba+Dark+Before+Dawn,0
"2015_July,Miranda_TheFirstBadMan_CT.txt",FIC,English,NYT,,2015,July,Miranda,Miranda,July,TheFirstBadMan,,,,,F,US,95371,31,0.2555205047,12.23960472,4.010696346,3.044112995,5709,-2.4645,0.13698,-2.6015,-3.0265,3.63,26054,https://www.goodreads.com/search?q=Miranda+July+The+First+Bad+Man,1
2015_KalingMindy_WhyNotMe.txt,NON,English,MIX,,2015,Kaling,Mindy,Mindy,Kaling,WhyNotMe,,,,,F,,66492,34,0.1089108911,18.22197862,4.150684693,3.782093091,1235,-2.2961,0.10392,-2.4,-2.7984,3.9,200051,https://www.goodreads.com/search?q=Mindy+Kaling+Why+Not+Me,1
"2015_Kamkwamba,William_BoyWhoHarnessed_ME.txt",NON,English,MEM,,2015,Kamkwamba,William,William,Kamkwamba,BoyWhoHarnessed,,,,,M,,70980,32,0.1927330174,15.12465374,4.182765263,3.530050468,3312,-2.299,0.12052,-2.4195,-2.8283,4.05,27711,https://www.goodreads.com/search?q=William+Kamkwamba+Boy+Who+Harnessed,1
"2015_Kang,Han_TheVegetarian_CT.txt",FIC,English,NYT,,2015,Kang,Han,Han,Kang,TheVegetarian,,PortobelloBooks,,,F,,63223,9,0.4902723735,18.37343795,4.171420078,3.816983352,3119,-2.338,0.13218,-2.4702,-2.9012,3.6,122177,https://www.goodreads.com/search?q=Han+Kang+The+Vegetarian,0.93
"2015_Kanon,Joseph_LeavingBerlin_CT.txt",FIC,English,NYT,,2015,Kanon,Joseph,Joseph,Kanon,LeavingBerlin,,,,,M,US,141116,63,0.2908220721,9.205218526,4.040651798,2.530863425,7119,-2.3312,0.22866,-2.5599,-3.0896,3.68,7273,https://www.goodreads.com/search?q=Joseph+Kanon+Leaving+Berlin,0
"2015_Katusa,Marin_TheColderWar_HIST.txt",NON,English,HIST,,2015,Katusa,Marin,Marin,Katusa,TheColderWar,,,,,M,US,85072,49,0.2467672414,21.49368368,4.784133333,4.73995741,670,-2.0995,0.13425,-2.2337,-2.6871,4.21,500,https://www.goodreads.com/search?q=Marin+Katusa+The+Colder+War,0
"2015_Kazan,Phillip_ThePainterOfSouls_CT.txt",FIC,English,NYT,,2015,Kazan,Phillip,Phillip,Kazan,ThePainterofSouls,,HachetteBookGroup,,,M,,105054,57,0.3854975953,13.71462141,4.147753873,3.322291229,5271,-2.2814,0.25512,-2.5365,-3.0039,3.79,335,https://www.goodreads.com/search?q=+The+Painterof+Souls,0
"2015_Kellerman,Jonathan_Motive_MY.txt",FIC,English,MY,,2015,Kellerman,Jonathan,Jonathan,Kellerman,Motive,,,,,M,US,113924,65,0.1945414154,12.61896323,4.236403306,3.208621885,5147,-2.2344,0.23559,-2.47,-2.9591,3.84,11647,https://www.goodreads.com/search?q=Jonathan+Kellerman+Motive,1
"2015_Keneally,Thomas_NapoelansLastIsland_CT.txt",FIC,English,NYT,,2015,Keneally,Thomas,Thomas,Keneally,Napolean'sLastIsland,,AtriaBooks,,,M,,175129,121,0.0978082192,21.03398991,4.293503996,4.244716955,7652,-2.3768,0.19412,-2.5709,-3.1232,3.17,592,https://www.goodreads.com/search?q=+Napolean's+Last+Island,1
"2015_Kennedy,Elle_FlashFire_ROM.txt",FIC,English,ROM,,2015,Kennedy,Elle,Elle,Kennedy,FlashFire,,,,,F,Canada,33754,16,0.30634278,13.29944838,4.154303633,3.277670515,2377,-2.2217,0.20135,-2.423,-2.8109,3.99,175,https://www.goodreads.com/search?q=Elle+Kennedy+Flash+Fire,0
"2015_Kennedy,Elle_TheDeal_ROM.txt",FIC,English,ROM,,2015,Kennedy,Elle,Elle,Kennedy,TheDeal,,,,,F,Canada,142576,49,0.2138528139,12.8389014,3.899663369,2.990268248,7706,-2.3656,0.24838,-2.614,-3.1036,4.28,356745,https://www.goodreads.com/search?q=Elle+Kennedy+The+Deal,1
"2015_Kennedy,Elle_TheMistake_ROM.txt",FIC,English,ROM,,2015,Kennedy,Elle,Elle,Kennedy,TheMistake,,,,,F,Canada,117873,43,0.3223949338,12.97303544,3.943710559,3.05826294,6259,-2.3276,0.25494,-2.5825,-3.0603,4.08,188276,https://www.goodreads.com/search?q=Elle+Kennedy+The+Mistake,1
"2015_Kerik,BernardB_FromJailertoJailed_ME.txt",NON,English,MEM,,2015,Kerik,BernardB,BernardB,Kerik,FromJailertoJailed,,,,,M,,91958,77,0.0644910645,21.27672374,4.392266218,4.381462559,2769,-2.2597,0.14079,-2.4005,-2.8666,3.66,226,https://www.goodreads.com/search?q=+From+Jailerto+Jailed,1
"2015_Keyes,Greg_FootstepsintheSky_SF.txt",FIC,English,SF,,2015,Keyes,Greg,Greg,Keyes,FootstepsintheSky,,,,,M,US,103836,33,0.2362143136,13.26469085,4.285744558,3.418718622,5288,-2.1454,0.31973,-2.4651,-2.986,3.42,113,https://www.goodreads.com/search?q=+Footstepsinthe+Sky,0
"2015_King,CM_ICherishYourHeart_ROM.txt",FIC,English,ROM,,2015,King,CM,CM,King,ICherishYourHeart,,,,,F,UK,106647,20,0.3878478137,14.06581377,3.946981609,3.206766989,8400,-2.4447,0.19427,-2.6389,-3.115,3.57,217,https://www.goodreads.com/search?q=CM+King+I+Cherish+Your+Heart,1
"2015_King,LaurieR_DreamingSpies_MY.txt",FIC,English,MY,,2015,King,LaurieR,LaurieR,King,DreamingSpies,,,,,F,US,126035,41,0.30875,17.78397065,4.289100067,3.916793305,6254,-2.3261,0.17922,-2.5054,-2.9983,4.08,8738,https://www.goodreads.com/search?q=+Dreaming+Spies,1
"2015_King,M_TheREALRoosevelts_HIST.txt",NON,English,HIST,,2015,King,M,M,King,TheREALRoosevelts,,,,,M,US,25491,36,0.1233283804,25.46553447,4.712179664,4.699458151,267,-2.1743,0.076821,-2.2511,-2.5967,1.5,2,https://www.goodreads.com/search?q=+The+R+E+A+L+Roosevelts,0
"2015_King,Stephen_FindersKeepers_MY.txt",FIC,English,MY,,2015,King,Stephen,Stephen,King,FindersKeepers,,,,,M,US,155818,70,0.1489612842,13.99982031,4.113303051,3.328847839,6292,-2.3365,0.18354,-2.52,-3.0549,4.05,127681,https://www.goodreads.com/search?q=Stephen+King+Finders+Keepers,0
"2015_Kinsella,Sophie_FindingAudrey_YA.txt",FIC,English,YA,,2015,Kinsella,Sophie,Sophie,Kinsella,FindingAudrey,,,,,F,,74937,30,0.2066869301,10.24289229,3.897352866,2.576549603,3493,-2.2977,0.20977,-2.5074,-2.9017,3.76,76525,https://www.goodreads.com/search?q=Sophie+Kinsella+Finding+Audrey,1
"2015_Kloos,Marko_AnglesofAttack_SF.txt",FIC,English,SF,,2015,Kloos,Marko,Marko,Kloos,AnglesofAttack,,,,,M,Germany,120718,41,0.1168831169,16.66454997,4.244867777,3.727789003,5021,-2.2576,0.20653,-2.4641,-2.9542,4.14,14401,https://www.goodreads.com/search?q=+Anglesof+Attack,1
"2015_Knausgaard,Karl_Dancing_in_the_Dark-My_Struggle_CT.txt",FIC,English,NYT,,2015,Knausgaard,Karl,Karl,Knausgaard,DancingintheDark(MyStruggle),,,,,M,Norway,207669,72,0.1021582734,14.43148019,3.955511744,3.232452508,13040,-2.3002,0.28465,-2.5849,-3.2294,4.21,9733,https://www.goodreads.com/search?q=+Dancinginthe+Dark(+My+Struggle),1
"2015_Knight,Renee_Disclaimer_MY.txt",FIC,English,MY,,2015,Knight,Renee,Renee,Knight,Disclaimer,,,,,F,UK,101915,22,0.1951219512,13.49510064,3.972183269,3.205887522,5760,-2.1883,0.27592,-2.4642,-3.013,3.61,26633,https://www.goodreads.com/search?q=Renee+Knight+Disclaimer,1
"2015_Knoll,Jessica_LuckiestGirlAlive_MY.txt",FIC,English,MY,,2015,Knoll,Jessica,Jessica,Knoll,LuckiestGirlAlive,,,,,F,US,137762,60,0.1072855825,15.50675371,4.079422383,3.457605442,7737,-2.3734,0.19876,-2.5722,-3.0686,3.51,160984,https://www.goodreads.com/search?q=Jessica+Knoll+Luckiest+Girl+Alive,1
"2015_Kruse,Kevin_OneNationUnderGod_HIST.txt",NON,English,HIST,,2015,Kruse,Kevin,Kevin,Kruse,OneNationUnderGod,,,,,M,US,131657,94,0.1285122064,28.21624518,4.97595295,5.400629013,2781,-2.3324,0.12058,-2.453,-2.9298,3.94,2119,https://www.goodreads.com/search?q=Kevin+Kruse+One+Nation+Under+God,0
"2015_Lain,Tara_KnightofOceanAvenue_ROM.txt",FIC,English,ROM,,2015,Lain,Tara,Tara,Lain,KnightofOceanAvenue,,,,,F,US,107853,40,0.3468644288,9.941284911,3.980551565,2.699692045,6389,-2.3136,0.23298,-2.5466,-3.0223,4.02,4294,https://www.goodreads.com/search?q=+Knightof+Ocean+Avenue,0
"2015_Lanyon,Josh_WinterKill_MY.txt",FIC,English,MY,,2015,Lanyon,Josh,Josh,Lanyon,WinterKill,,,,,M,UK,81829,31,0.5116772824,11.69988562,4.192838212,3.123402458,4143,-2.2943,0.19584,-2.4901,-2.9198,3.93,2856,https://www.goodreads.com/search?q=Josh+Lanyon+Winter+Kill,0
"2015_Larson,Erik_DeadWake_HIST.txt",NON,English,HIST,,2015,Larson,Erik,Erik,Larson,DeadWake,,,,,M,US,125916,98,0.1311154599,22.46494202,4.566993374,4.493728765,5203,-2.2085,0.19595,-2.4045,-2.9191,4.09,127913,https://www.goodreads.com/search?q=Erik+Larson+Dead+Wake,0
"2015_Latham,Jennifer_ScarlettUndercover_MY.txt",FIC,English,MY,YA,2015,Latham,Jennifer,Jennifer,Latham,ScarlettUndercover,,,,,F,US,70070,36,0.0814451929,11.79828254,3.979497484,2.898592962,4359,-2.347,0.15797,-2.505,-2.9516,3.48,1190,https://www.goodreads.com/search?q=Jennifer+Latham+Scarlett+Undercover,1
2015_LawsonJenny_FuriouslyHappy.txt,NON,English,MIX,,2015,Lawson,Jenny,Jenny,Lawson,FuriouslyHappy,,,,,F,,98753,18,0.5121580547,17.24943231,4.088924259,3.648022889,2420,-2.2818,0.12935,-2.4112,-2.8398,3.89,149332,https://www.goodreads.com/search?q=Jenny+Lawson+Furiously+Happy,1
"2015_Lee,Jonathan_HighDive_CT.txt",FIC,English,NYT,,2015,Lee,Jonathan,Jonathan,Lee,HighDive,,RandomHouseCa,,,M,,131782,66,0.1264189886,12.2782074,4.228218526,3.219648255,5687,-2.2649,0.25799,-2.5229,-3.0137,3.49,2250,https://www.goodreads.com/search?q=Jonathan+Lee+High+Dive,0
"2015_Leighten,M_PocketfulofSand_ROM.txt",FIC,English,ROM,,2015,Leighten,M,M,Leighten,PocketfulofSand,,,,,F,US,84210,15,0.3006700168,12.45341615,3.833977815,2.919426164,5005,-2.3442,0.20896,-2.5531,-3.0023,4.02,5414,https://www.goodreads.com/search?q=+Pocketfulof+Sand,1
"2015_Lewis,RJ_Carter_ROM.txt",FIC,English,ROM,,2015,Lewis,RJ,RJ,Lewis,Carter,,,,,F,Canada,70958,16,0.3763975155,13.04135269,3.914458667,3.099031557,4949,-2.4962,0.14946,-2.6457,-3.0589,4.23,4856,https://www.goodreads.com/search?q=RJ+Lewis+Carter,1
"2015_Lewis,RJ_Leah_ROM.txt",FIC,English,ROM,,2015,Lewis,RJ,RJ,Lewis,Leah,,,,,F,Canada,68415,16,0.3073713491,12.66475379,3.922553543,3.036840312,4563,-2.3872,0.19159,-2.5788,-3.0139,4.07,4216,https://www.goodreads.com/search?q=RJ+Lewis+Leah,1
"2015_Linde,KA_Diamonds_ROM.txt",FIC,English,ROM,,2015,Linde,KA,KA,Linde,Diamonds,,,,,F,US,58034,17,0.2659744409,11.86546718,4.046381062,3.057358417,3615,-2.291,0.28742,-2.5784,-2.9891,3.59,3979,https://www.goodreads.com/search?q=KA+Linde+Diamonds,0
"2015_Logan,Kirsty_TheGracekeepers_SF.txt",FIC,English,SF,,2015,Logan,Kirsty,Kirsty,Logan,TheGracekeepers,,,,,F,UK,106247,22,0.2342767296,14.66892172,4.132416415,3.35262029,5737,-2.1678,0.27602,-2.4438,-2.9521,3.58,6776,https://www.goodreads.com/search?q=Kirsty+Logan+The+Gracekeepers,0
"2015_Lord,Cynthia_AHandfulof Stars_MG.txt",FIC,English,MID,,2015,Lord,Cynthia,Cynthia,Lord,AhandfulofStars,,,,,F,,41471,22,0.3183578621,12.69002448,3.968778453,3.02389287,1923,-2.4407,0.09828,-2.539,-2.8946,4.15,5362,https://www.goodreads.com/search?q=+Ahandfulof+Stars,1
"2015_Lord,Karen_TheGalaxyGame_SF.txt",FIC,English,SF,,2015,Lord,Karen,Karen,Lord,TheGalaxyGame,,,,,F,Barbados,110067,59,0.289679098,16.1435905,4.435946607,3.973805509,5822,-2.3452,0.22754,-2.5727,-3.0357,3.07,784,https://www.goodreads.com/search?q=Karen+Lord+The+Galaxy+Game,0
"2015_Love,Reggie_PowerForward_ME.txt",NON,English,MEM,,2015,Love,Reggie,Reggie,Love,PowerForward,,,,,M,,67089,22,0.3067729084,16.75131086,4.253317816,3.826579884,1500,-2.3779,0.13904,-2.517,-2.9078,3.66,666,https://www.goodreads.com/search?q=Reggie+Love+Power+Forward,1
"2015_Lowe,Sean_FortheRightReasons_ME.txt",NON,English,MEM,,2015,Lowe,Sean,Sean,Lowe,FortheRightReasons,,,,,M,,99617,47,0.1724137931,15.81222222,4.067667464,3.539900723,4157,-2.4615,0.091421,-2.5529,-3.0034,3.74,2097,https://www.goodreads.com/search?q=+Forthe+Right+Reasons,1
"2015_Lowell,Catelynn_ConqueringChaos_ME.txt",NON,English,MEM,,2015,Lowell,Catelynn,Catelynn,Lowell,ConqueringChaos,,,,,F,,57894,10,0.3575638507,16.92807018,3.968411145,3.595876225,1251,-2.1564,0.25831,-2.4148,-2.8496,3.7,1112,https://www.goodreads.com/search?q=Catelynn+Lowell+Conquering+Chaos,1
"2015_Lu,Marie_TheEvertree_MG.txt",FIC,English,MID,,2015,Lu,Marie,Marie,Lu,TheEvertree,,,,,F,,57392,33,0.1687242798,12.54469945,4.325164998,3.339168062,5556,-2.2576,0.17914,-2.4367,-2.861,4.34,5226,https://www.goodreads.com/search?q=Marie+Lu+The+Evertree,0
"2015_Lynn,Michelle_LoveSurfaced_ROM.txt",FIC,English,ROM,,2015,Lynn,Michelle,Michelle,Lynn,LoveSurfaced,,,,,F,US,101290,26,0.3865721435,12.82314217,3.920520735,3.017830579,7564,-2.3822,0.23163,-2.6138,-3.0804,3.86,3921,https://www.goodreads.com/search?q=Michelle+Lynn+Love+Surfaced,1
"2015_Lynn,Sandi_HisProposedDeal_ROM.txt",FIC,English,ROM,,2015,Lynn,Sandi,Sandi,Lynn,HisProposedDeal,,,,,F,US,71210,24,0.3454951601,11.54694341,3.762140142,2.808962926,4758,-2.4116,0.1592,-2.5708,-3.0151,3.99,4133,https://www.goodreads.com/search?q=Sandi+Lynn+His+Proposed+Deal,1
"2015_Lynn,Sandi_LoveLust&AMillionaire_ROM.txt",FIC,English,ROM,,2015,Lynn,Sandi,Sandi,Lynn,LoveLust&AMillionaire,,,,,F,US,73168,27,0.2049180328,11.05757896,3.825781577,2.788643602,5193,-2.3605,0.22227,-2.5828,-3.019,3.97,5487,https://www.goodreads.com/search?q=Sandi+Lynn+Love+Lust&+A+Millionaire,1
"2015_Mabie,M_Sail_ROM.txt",FIC,English,ROM,,2015,Mabie,M,M,Mabie,Sail,,,,,F,US,108184,20,0.2744479495,12.25325631,3.835803012,2.947149553,5641,-2.3983,0.21173,-2.61,-3.1012,4.24,2500,https://www.goodreads.com/search?q=M+Mabie+Sail,1
"2015_MacLean,Julianne_TheColorofJoy_ROM.txt",FIC,English,ROM,,2015,MacLean,Julianne,Julianne,MacLean,TheColorofJoy,,,,,F,Canada,64743,25,0.1286727457,12.67234292,3.960745977,3.087366479,4341,-2.3893,0.14751,-2.5368,-2.9561,4.33,2324,https://www.goodreads.com/search?q=+The+Colorof+Joy,1
2015_MacMillanMargaret_HistorysPeoplePersonalitiesAndThePast.txt,NON,English,MIX,,2015,MacMillan,Margaret,Margaret,MacMillan,HistorysPeoplePersonalitiesAndThePast,,,,,F,,84532,60,0.0805008945,26.02586207,4.652958755,4.987752501,1220,-2.2928,0.073021,-2.3658,-2.7991,3.68,765,https://www.goodreads.com/search?q=Margaret+MacMillan+Historys+People+Personalities+And+The+Past,0
"2015_Macomber,Debbie_BackonBlossomStreet_ROM.txt",FIC,English,ROM,,2015,Macomber,Debbie,Debbie,Macomber,BackonBlossomStreet,,,,,F,US,127188,52,0.2066622836,13.12840628,4.228710626,3.341198391,7262,-2.3069,0.23797,-2.5448,-3.0594,4.16,15671,https://www.goodreads.com/search?q=+Backon+Blossom+Street,1
"2015_Malpas,JodiEllen_OneNightUnveiled_ROM.txt",FIC,English,ROM,,2015,Malpas,JodiEllen,JodiEllen,Malpas,OneNightUnveiled,,,,,F,UK,167542,29,0.3813937521,13.99098121,4.04778115,3.247564439,14200,-2.3649,0.24355,-2.6085,-3.1655,4.2,16894,https://www.goodreads.com/search?q=+One+Night+Unveiled,1
"2015_Manseau,Peter_OneNationUnderGods_HIST.txt",NON,English,HIST,,2015,Manseau,Peter,Peter,Manseau,OneNationUnderGods,,,,,M,US,172015,138,0.0456242223,32.36406397,4.740171966,5.481185792,2283,-2.3295,0.10267,-2.4321,-2.9669,3.98,224,https://www.goodreads.com/search?q=Peter+Manseau+One+Nation+Under+Gods,0
"2015_Marsons,Angela_EvilGames_MY.txt",FIC,English,MY,,2015,Marsons,Angela,Angela,Marsons,EvilGames,,,,,F,UK,114254,48,0.2584554679,12.81592821,4.237782602,3.359869297,6646,-2.2986,0.20657,-2.5052,-3.0137,4.33,18663,https://www.goodreads.com/search?q=Angela+Marsons+Evil+Games,0
"2015_Marsons,Angela_SilentScream_MY.txt",FIC,English,MY,,2015,Marsons,Angela,Angela,Marsons,SilentScream,,,,,F,UK,108969,47,0.3338452088,12.32959946,4.198918065,3.289504006,6405,-2.2796,0.24066,-2.5202,-2.9979,4.05,35489,https://www.goodreads.com/search?q=Angela+Marsons+Silent+Scream,0
"2015_Martelle,Scott_TheMadmanandtheAssassin_HIST.txt",NON,English,HIST,,2015,Martelle,Scott,Scott,Martelle,TheMadmanandtheAssassin,,,,,M,US,82376,90,0.2797227036,27.63367997,4.61672964,4.938796195,3231,-2.2785,0.10723,-2.3858,-2.8209,3.58,149,https://www.goodreads.com/search?q=+The+Madmanandthe+Assassin,0
"2015_Martin,Lex_KissingMadeline_ROM.txt",FIC,English,ROM,,2015,Martin,Lex,Lex,Martin,KissingMadeline,,,,,F,US,118812,29,0.1445289643,12.7330404,3.876455349,2.98096788,6940,-2.3954,0.23558,-2.631,-3.1167,4.18,5865,https://www.goodreads.com/search?q=Lex+Martin+Kissing+Madeline,1
"2015_Martin,Sasha_LifefromScratch_ME.txt",NON,English,MEM,,2015,Martin,Sasha,Sasha,Martin,LifefromScratch,,,,,F,,110533,33,0.2686335404,16.31965156,4.191503023,3.633203767,4645,-2.0858,0.28102,-2.3668,-2.8609,3.81,4045,https://www.goodreads.com/search?q=+Lifefrom+Scratch,1
"2015_Matheny,Mike_TheMathenyManifesto_ME.txt",NON,English,MEM,,2015,Matheny,Mike,Mike,Matheny,TheMathenyManifesto,,,,,M,,68814,27,0.0745762712,21.30464396,4.095025667,4.017269844,1045,-2.3195,0.15636,-2.4759,-2.9148,4.27,1472,https://www.goodreads.com/search?q=Mike+Matheny+The+Matheny+Manifesto,1
"2015_Mathewson,RL_DoubleDare_ROM.txt",FIC,English,ROM,,2015,Mathewson,RL,RL,Mathewson,DoubleDare,,,,,F,US,89280,21,0.2850082372,21.94690265,4.120953327,4.017998257,8304,-2.4132,0.19068,-2.6039,-3.0519,3.92,14845,https://www.goodreads.com/search?q=RL+Mathewson+Double+Dare,0
"2015_Matson,Lynne_NilUnlocked_SF.txt",FIC,English,SF,YA,2015,Matson,Lynne,Lynne,Matson,NilUnlocked,,,,,F,US,144278,49,0.1462349011,10.76540815,4.034402155,2.821341478,9133,-2.3178,0.20653,-2.5244,-3.0326,4.17,2085,https://www.goodreads.com/search?q=Lynne+Matson+Nil+Unlocked,1
"2015_Matthews,Jason_PalaceofTreason_MY.txt",FIC,English,MY,,2015,Matthews,Jason,Jason,Matthews,PalaceofTreason,,,,,M,US,214139,82,0.2020078687,17.916583,4.55808512,4.149735229,12559,-2.2154,0.24912,-2.4645,-3.0868,4.2,20782,https://www.goodreads.com/search?q=+Palaceof+Treason,0
"2015_McCammon,Robert_TheBorder_SF.txt",FIC,English,SF,,2015,McCammon,Robert,Robert,McCammon,TheBorder,,,,,M,US,179293,55,0.2486734202,16.06280237,4.150927633,3.604628261,10235,-2.2189,0.30531,-2.5242,-3.1269,3.85,2514,https://www.goodreads.com/search?q=Robert+McCammon+The+Border,0
"2015_McCreight,Kimberly_WhereTheyFoundHer_MY.txt",FIC,English,MY,,2015,McCreight,Kimberly,Kimberly,McCreight,WhereTheyFoundHer,,,,,F,US,118995,42,0.13739179,13.19088793,4.090747494,3.248352033,5063,-2.2549,0.26387,-2.5187,-3.0291,3.85,37765,https://www.goodreads.com/search?q=Kimberly+McCreight+Where+They+Found+Her,1
"2015_McGarry,Katie_NowhereButHere_YA.txt",FIC,English,YA,,2015,McGarry,Katie,Katie,McGarry,NowhereButHere,,,,,F,,147244,17,0.3257633106,12.43719909,3.841494057,2.947216076,8105,-2.3299,0.24109,-2.571,-3.1182,4.03,16122,https://www.goodreads.com/search?q=Katie+McGarry+Nowhere+But+Here,1
"2015_McKeon,Belinda_Tender_CT.txt",FIC,English,NYT,,2015,McKeon,Belinda,Belinda,McKeon,Tender,,HachetteBookGroup,,,F,,145344,46,0.3556017676,17.47763348,4.139909981,3.65412824,7877,-2.3003,0.23253,-2.5328,-3.0896,3.58,1648,https://www.goodreads.com/search?q=Belinda+McKeon+Tender,0
"2015_McLaughlin,Heidi_ChooseMe_ROM.txt",FIC,English,ROM,,2015,McLaughlin,Heidi,Heidi,McLaughlin,ChooseMe,,,,,F,US,82623,31,0.2119509704,15.22443339,3.754741524,3.181647519,3836,-2.4165,0.23815,-2.6547,-3.0991,4.2,5610,https://www.goodreads.com/search?q=Heidi+McLaughlin+Choose+Me,1
"2015_McLean,Jay_WhereTheRoadTakesMe_ROM.txt",FIC,English,ROM,YA,2015,McLean,Jay,Jay,McLean,WhereTheRoadTakesMe,,,,,F,Australia,108903,27,0.2219639744,10.71879921,3.826295263,2.66383537,8445,-2.317,0.27457,-2.5915,-3.0794,3.99,7975,https://www.goodreads.com/search?q=Jay+McLean+Where+The+Road+Takes+Me,1
"2015_McPherson,JamesM_TheWarThatForgedANation_HIST.txt",NON,English,HIST,,2015,McPherson,JamesM,JamesM,McPherson,TheWarThatForgedANation,,,,,M,US,75373,66,0.2956411876,26.53978873,4.870255017,5.269260837,1370,-2.2006,0.083702,-2.2843,-2.7013,3.89,1946,https://www.goodreads.com/search?q=+The+War+That+Forged+A+Nation,0
"2015_Mead,Richelle_TheRubyCircle_ROM.txt",FIC,English,ROM,YA,2015,Mead,Richelle,Richelle,Mead,TheRubyCircle,,,,,F,US,122538,46,0.1395804196,13.63351135,4.097608274,3.281253799,7177,-2.3298,0.22659,-2.5564,-3.0371,4.22,46939,https://www.goodreads.com/search?q=Richelle+Mead+The+Ruby+Circle,1
"2015_Medley,Lisa_Reap&Repent_ROM.txt",FIC,English,ROM,,2015,Medley,Lisa,Lisa,Medley,Reap&Repent,,,,,F,US,102076,15,0.2945701357,13.71804865,4.169985939,3.447448188,5856,-2.1768,0.29945,-2.4762,-2.9964,3.89,621,https://www.goodreads.com/search?q=Lisa+Medley+Reap&+Repent,0
"2015_Metcalf,Ben_AgainsttheCountry_CT.txt",FIC,English,NYT,,2015,Metcalf,Ben,Ben,Metcalf,AgainsttheCountry,,,,,M,US,100844,11,0.3333333333,55.59206174,4.297852988,5.786334933,1748,-2.4891,0.12535,-2.6145,-3.0423,4.12,2385,https://www.goodreads.com/search?q=+Againstthe+Country,1
"2015_Meyer,Marie_AcrosstheDistance_ROM.txt",FIC,English,ROM,,2015,Meyer,Marie,Marie,Meyer,AcrosstheDistance,,,,,F,US,105480,36,0.3460451977,12.21823236,4.03274187,3.021674814,8972,-2.3557,0.18073,-2.5364,-2.9981,3.58,619,https://www.goodreads.com/search?q=+Acrossthe+Distance,1
"2015_Meyer,Michael_InManchuria_HIST.txt",NON,English,HIST,,2015,Meyer,Michael,Michael,Meyer,InManchuria,,,,,M,US,124418,45,0.123468426,18.32911019,4.573411277,4.173849564,4534,-2.1953,0.17459,-2.3699,-2.8722,4.03,479,https://www.goodreads.com/search?q=Michael+Meyer+In+Manchuria,1
"2015_Meyer,Tijan_CarterReed2_ROM.txt",FIC,English,ROM,,2015,Meyer,Tijan,Tijan,Meyer,CarterReed2,,,,,F,US,99209,22,0.2091589608,10.21825111,3.819637542,2.624712409,7067,-2.2705,0.26171,-2.5323,-3.0417,4.01,35269,https://www.goodreads.com/search?q=+Carter+Reed2,1
"2015_Michaels,Jess_TheWidowWager_ROM.txt",FIC,English,ROM,,2015,Michaels,Jess,Jess,Michaels,TheWidowWager,,,,,F,US,89635,24,0.279006772,13.65762609,4.088465785,3.337262961,6856,-2.3641,0.28512,-2.6493,-3.0947,4.05,890,https://www.goodreads.com/search?q=Jess+Michaels+The+Widow+Wager,0
"2015_Michele,Beth_FortheLoveofRaindrops_ROM.txt",FIC,English,ROM,,2015,Michele,Beth,Beth,Michele,FortheLoveofRaindrops,,,,,F,US,147763,27,0.3079507279,13.80962617,3.836927994,3.032309433,10585,-2.413,0.25945,-2.6725,-3.1885,3.79,850,https://www.goodreads.com/search?q=+Forthe+Loveof+Raindrops,1
"2015_Millhiser,Ian_Injustices_HIST.txt",NON,English,HIST,,2015,Millhiser,Ian,Ian,Millhiser,Injustices,,,,,M,US,108938,103,0.0521963824,34.74896332,4.947635221,5.814173129,1145,-2.1695,0.10765,-2.2772,-2.732,4.02,299,https://www.goodreads.com/search?q=Ian+Millhiser+Injustices,0
"2015_Mitchell,Andie_ItWasMeAllAlong_ME.txt",NON,English,MEM,,2015,Mitchell,Andie,Andie,Mitchell,ItWasMeAllAlong,,,,,F,,83016,20,0.2901849218,17.33472541,4.155321576,3.744052151,3355,-2.3044,0.12473,-2.4291,-2.8878,3.79,13868,https://www.goodreads.com/search?q=Andie+Mitchell+It+Was+Me+All+Along,1
"2015_Mitenbuler,Reid_BourbonEmpire_HIST.txt",NON,English,HIST,,2015,Mitenbuler,Reid,Reid,Mitenbuler,BourbonEmpire,,,,,M,US,109006,87,0.055592323,26.70406663,4.911477901,5.266389277,951,-2.2326,0.096433,-2.3291,-2.806,3.96,1135,https://www.goodreads.com/search?q=Reid+Mitenbuler+Bourbon+Empire,0
"2015_Moning,KarenMarie_Burned_ROM.txt",FIC,English,ROM,,2015,Moning,KarenMarie,KarenMarie,Moning,Burned,,,,,F,US,145818,51,0.1832713755,13.58974837,4.069931562,3.274959915,5691,-2.2988,0.2171,-2.5159,-3.0411,3.96,153178,https://www.goodreads.com/search?q=+Burned,1
"2015_Morey,Trish_CaptiveofKadar_ROM.txt",FIC,English,ROM,,2015,Morey,Trish,Trish,Morey,CaptiveofKadar,,,,,F,US,58022,10,0.2900552486,15.40270773,4.090710868,3.498997748,3435,-2.2896,0.20116,-2.4908,-2.9334,3.54,164,https://www.goodreads.com/search?q=+Captiveof+Kadar,0
"2015_Morris,DavidJ_TheEvilHours_ME.txt",NON,English,MEM,,2015,Morris,DavidJ,DavidJ,Morris,TheEvilHours,,,,,M,,120802,55,0.0620782726,26.78536585,4.604994303,4.986525955,1882,-2.203,0.20642,-2.4094,-2.904,4.17,775,https://www.goodreads.com/search?q=+The+Evil+Hours,1
"2015_Morrison, Toni_God_Help_the_Child_CT.txt",FIC,English,NYT,,2015,Morrison,Toni,Toni,Morrison,GodHelptheChild,,,,,M,US,48047,20,0.3035714286,14.46327514,4.214483989,3.507438463,2150,-2.2769,0.10647,-2.3834,-2.7915,3.77,26866,https://www.goodreads.com/search?q=+God+Helpthe+Child,1
"2015_Morton,Andrew_17Carnations_HIST.txt",NON,English,HIST,,2015,Morton,Andrew,Andrew,Morton,17Carnations,,,,,M,UK,133394,156,0.0880260818,27.81359466,4.794086954,5.160602514,3219,-2.3987,0.099943,-2.4986,-2.9892,3.32,2965,https://www.goodreads.com/search?q=Andrew+Morton+17+Carnations,0
"2015_Mosley,Walter_AndSometimesIWonder_MY.txt",FIC,English,MY,,2015,Mosley,Walter,Walter,Mosley,AndSometimesIWonder,,,,,M,US,98548,69,0.1003697834,14.08432185,4.000705944,3.27704637,5093,-2.3761,0.20848,-2.5846,-3.0336,4.1,1809,https://www.goodreads.com/search?q=Walter+Mosley+And+Sometimes+I+Wonder,1
"2015_Mosteller,MistiD_TheFatRules_ROM.txt",FIC,English,ROM,,2015,Mosteller,MistiD,MistiD,Mosteller,TheFatRules,,,,,F,US,129443,37,0.1841548231,12.92749426,3.937122478,3.098059416,6173,-2.3771,0.17184,-2.5489,-3.023,3.79,8160,https://www.goodreads.com/search?q=+The+Fat+Rules,1
"2015_MucCullough,David_TheWrightBrothers_HIST.txt",NON,English,HIST,,2015,MucCullough,David,David,MucCullough,TheWrightBrothers,,,,,M,US,102920,43,0.5341975861,24.70475276,4.466326943,4.621624219,2828,-2.3434,0.14361,-2.4871,-2.9694,4.13,85498,https://www.goodreads.com/search?q=+The+Wright+Brothers,0
"2015_Mull,Brandon_RogueKnight_MG.txt",FIC,English,MID,,2015,Mull,Brandon,Brandon,Mull,RogueKnight,,,,,M,,144313,65,0.3024617232,10.90966132,4.251662786,3.058341648,9119,-2.1066,0.26044,-2.3671,-2.9309,4.38,11054,https://www.goodreads.com/search?q=Brandon+Mull+Rogue+Knight,0
"2015_MullalyHunt,Lynda_Fish in a Tree_MG.txt",FIC,English,MID,,2015,MullalyHunt,Lynda,Lynda,MullalyHunt,FishinaTree,,,,,F,,63453,19,0.1918449198,10.52114077,3.815501646,2.611667996,3190,-2.3683,0.15979,-2.5281,-2.9168,4.26,61063,https://www.goodreads.com/search?q=+Fishina+Tree,1
"2015_Murphy,Julie_Dumplin_YA.txt",FIC,English,YA,,2015,Murphy,Julie,Julie,Murphy,Dumplin,,,,,F,,107856,48,0.1436354631,12.3320375,3.850052668,2.900108176,5045,-2.4908,0.18094,-2.6717,-3.104,3.9,82660,https://www.goodreads.com/search?q=Julie+Murphy+Dumplin,1
"2015_Naam,Ramez_Apex_SF.txt",FIC,English,SF,,2015,Naam,Ramez,Ramez,Naam,Apex,,,,,M,US/Egypt,236990,129,0.1808272361,11.61089609,4.400208057,3.244243445,16285,-2.1437,0.23575,-2.3795,-3.0223,4.17,7060,https://www.goodreads.com/search?q=Ramez+Naam+Apex,0
2015_NelsonMaggie_TheAgronauts.txt,NON,English,MIX,,2015,Nelson,Maggie,Maggie,Nelson,TheArgonauts,,,,,F,,52324,27,0.1343669251,23.07054674,4.320270451,4.443899458,1192,-2.3462,0.10947,-2.4556,-2.8387,4.02,39447,https://www.goodreads.com/search?q=Maggie+Nelson+The+Argonauts,1
"2015_Nissenson,Janet_Shattered_ROM.txt",FIC,English,ROM,,2015,Nissenson,Janet,Janet,Nissenson,Shattered,,,,,F,US,175700,34,0.2792607803,18.83172562,4.16714596,3.892802507,7314,-2.2164,0.32858,-2.545,-3.1368,4.48,1082,https://www.goodreads.com/search?q=Janet+Nissenson+Shattered,0
"2015_Niven,Jennifer_AllTheBrightPlaces_YA.txt",FIC,English,YA,,2015,Niven,Jennifer,Jennifer,Niven,AllTheBrightPlaces,,,,,F,,117981,46,0.236450268,15.28449281,3.859690386,3.225889053,5065,-2.3688,0.1941,-2.5629,-3.0557,4.15,442620,https://www.goodreads.com/search?q=Jennifer+Niven+All+The+Bright+Places,1
2015_O'NeillHeather_DaydreamsofAngels_PW.txt,FIC,English,PW,,2015,O'Neill,Heather,Heather,O'Neill,DaydreamsofAngels,,HarperCollins,ScotiabankGillerPrize,Shortlist,F,Canada,102915,38,0.0871212121,16.09304144,4.14006065,3.711882692,3328,-2.3415,0.11825,-2.4598,-2.9336,3.96,1242,https://www.goodreads.com/search?q=+Daydreamsof+Angels,0
"2015_Oates,JoyceCarol_TheSacrifice_CT.txt",FIC,English,NYT,,2015,Oates,JoyceCarol,JoyceCarol,Oates,TheSacrifice,,,,,F,US,107238,53,0.1997380485,18.02319328,4.380454386,3.964392245,3469,-2.0945,0.23773,-2.3322,-2.854,4.07,30966,https://www.goodreads.com/search?q=+The+Sacrifice,0
"2015_Obiomo,Chigozie_TheFishermen_PW.txt",FIC,English,PW,,2015,Obiomo,Chigozie,Chigozie,Obiomo,TheFishermen,,"Little,BrownandCompany",ManBooker,Shortlist,M,Nigeria,111146,36,0.1825536405,19.99748111,4.186836879,3.988412022,7445,-2.2849,0.21059,-2.4955,-2.9873,3.87,17215,https://www.goodreads.com/search?q=+The+Fishermen,1
"2015_OBrien,Edna_TheLittleRedChairs_CT.txt",FIC,English,NYT,,2015,O'Brien,Edna,Edna,O'Brien,TheLittleRedChairs,,"Little,Brown,andCo.",,,F,,94150,44,0.2057291667,22.42200524,4.195390645,4.205234012,4978,-2.3031,0.20074,-2.5038,-2.99,3.25,9195,https://www.goodreads.com/search?q=Edna+O'Brien+The+Little+Red+Chairs,0
"2015_ODonnell,JamesJ_Pagans_HIST.txt",NON,English,HIST,,2015,ODonnell,JamesJ,JamesJ,ODonnell,Pagans,,,,,M,US,81970,55,0.1155778894,26.97268838,4.729923407,5.210375945,762,-2.3267,0.13262,-2.4593,-2.9021,3.88,34974,https://www.goodreads.com/search?q=+Pagans,0
"2015_Offill,Jenny_DeptofSpeculation_PW.txt",FIC,English,PW,,2015,Offill,Jenny,Jenny,Offill,Dept.ofSpeculation,,Knopf,PEN/FaulknerAwardforFiction,Shortlist,F,US,29774,7,0.2142857143,12.33388567,4.107016918,3.227967383,1165,-2.5052,0.06334,-2.5685,-2.8862,3.76,48352,https://www.goodreads.com/search?q=+Dept.of+Speculation,0.03
"2015_Oliver,Lauren_VanishingGirls_MY.txt",FIC,English,MY,YA,2015,Oliver,Lauren,Lauren,Oliver,VanishingGirls,,,,,F,US,100366,44,0.2024746907,15.50293482,4.094789985,3.418636557,5363,-2.2776,0.24692,-2.5246,-2.9924,3.58,29795,https://www.goodreads.com/search?q=Lauren+Oliver+Vanishing+Girls,1
"2015_Oreilly,Bill_BillOReillysLegends_HIST.txt",NON,English,HIST,,2015,Oreilly,Bill,Bill,Oreilly,BillOReillysLegends,,,,,M,US,99341,121,0.0568978956,24.65649044,4.571898167,4.73090235,3740,-2.3472,0.081665,-2.4288,-2.8563,3.96,51,https://www.goodreads.com/search?q=+Bill+O+Reillys+Legends,0
"2015_Paget,KarenM_PatrioticBetrayal_HIST.txt",NON,English,HIST,,2015,Paget,KarenM,KarenM,Paget,PatrioticBetrayal,,,,,F,US,171946,219,0.0405918816,27.13365946,5.037789506,5.322342472,4290,-2.3467,0.10794,-2.4547,-2.9992,4.1,21,https://www.goodreads.com/search?q=+Patriotic+Betrayal,0
"2015_Palmer,Daniel_Desperate_MY.txt",FIC,English,MY,,2015,Palmer,Daniel,Daniel,Palmer,Desperate,,,,,M,US,137065,30,0.2783480544,13.90111562,4.054225619,3.306025639,7799,-2.219,0.25044,-2.4695,-2.9912,3.77,1732,https://www.goodreads.com/search?q=Daniel+Palmer+Desperate,1
"2015_Patterson,James_14thDeadlySin_MY.txt",FIC,English,MY,,2015,Patterson,James,James,Patterson,14thDeadlySin,,,,,M,US,84839,64,0.0979133226,14.09519854,4.072316497,3.295222292,5243,-2.2727,0.21794,-2.4907,-2.9399,4.07,35468,https://www.goodreads.com/search?q=James+Patterson+14th+Deadly+Sin,1
"2015_Patterson,James_Unlucky13_MY.txt",FIC,English,MY,,2015,Patterson,James,James,Patterson,Unlucky13,,,,,M,US,83167,53,0.1629955947,14.40121212,4.127418866,3.379809427,5452,-2.1872,0.2586,-2.4458,-2.8888,4.04,37949,https://www.goodreads.com/search?q=+Unlucky13,1
"2015_Paul,Richard_WeCouldNotFail_HIST.txt",NON,English,HIST,,2015,Paul,Richard,Richard,Paul,WeCouldNotFail,,,,,M,US,107708,74,0.1584114235,24.67537228,4.719228189,4.872345015,2149,-2.2678,0.13912,-2.4069,-2.8853,3.93,177,https://www.goodreads.com/search?q=Richard+Paul+We+Could+Not+Fail,0
"2015_Paulsen,MichaelStokes_TheConstitution_HIST.txt",NON,English,HIST,,2015,Paulsen,MichaelStokes,MichaelStokes,Paulsen,TheConstitution,,,,,M,US,152935,90,0.1405201342,29.81189084,5.097747006,5.736615186,1200,-2.146,0.13413,-2.2801,-2.8245,4.52,26336,https://www.goodreads.com/search?q=+The+Constitution,0
"2015_Pearl,Matthew_TheLastBookaneer_MY.txt",FIC,English,MY,,2015,Pearl,Matthew,Matthew,Pearl,TheLastBookaneer,,,,,M,US,145539,51,0.2153231663,17.82255694,4.296965108,3.983525808,6506,-2.3734,0.207,-2.5804,-3.1252,3.31,2897,https://www.goodreads.com/search?q=Matthew+Pearl+The+Last+Bookaneer,1
"2015_Pears,Iain_Arcadia_CT.txt",FIC,English,NYT,SF,2015,Pears,Iain,Iain,Pears,Arcadia,,RandomHouseCa,,,M,,230598,49,0.1287051482,13.72525445,4.210978379,3.485546527,8875,-2.228,0.31207,-2.5401,-3.2215,3.94,5560,https://www.goodreads.com/search?q=Iain+Pears+Arcadia,0.96
"2015_Pierce,M_AfterDark_ROM.txt",FIC,English,ROM,,2015,Pierce,M,M,Pierce,AfterDark,,,,,F,US,92950,27,0.2788029925,10.37388393,4.030840327,2.757207856,7102,-2.3311,0.19027,-2.5214,-2.9633,4,2592,https://www.goodreads.com/search?q=M+Pierce+After+Dark,1
"2015_Pilon,Mary_TheMonopolists_HIST.txt",NON,English,HIST,,2015,Pilon,Mary,Mary,Pilon,TheMonopolists,,,,,F,US,76348,72,0.2063765618,22.97562444,4.652377874,4.73051647,1665,-2.2526,0.13058,-2.3832,-2.8165,3.69,1333,https://www.goodreads.com/search?q=Mary+Pilon+The+Monopolists,0
"2015_Porter,Max_GriefIsTheThingWithFeathers_CT.txt",FIC,English,NYT,,2015,Porter,Max,Max,Porter,GriefIstheThingwithFeathers,,GraywolfPress,,,M,,16581,5,0.3277777778,14.49388112,4.146085435,3.335564284,728,-2.3237,0.058636,-2.3823,-2.7998,3.85,32509,https://www.goodreads.com/search?q=+Grief+Isthe+Thingwith+Feathers,0
"2015_Posner,Gerald_GodsBankers_HIST.txt",NON,English,HIST,,2015,Posner,Gerald,Gerald,Posner,GodsBankers,,,,,M,US,237721,231,0.0987256687,27.29601562,4.913609717,5.341834255,5338,-2.3229,0.13457,-2.4575,-3.1068,3.97,1289,https://www.goodreads.com/search?q=Gerald+Posner+Gods+Bankers,0
"2015_Price,Richard_TheWhites_MY.txt",FIC,English,MY,,2015,Price,Richard,Richard,Price,TheWhites,,,,,F,US,129703,71,0.3465194726,17.87034996,4.158909878,3.64235274,6398,-2.3653,0.2426,-2.6079,-3.0817,3.62,9856,https://www.goodreads.com/search?q=Richard+Price+The+Whites,0
"2015_Proby,Kristen_EasyLove_ROM.txt",FIC,English,ROM,,2015,Proby,Kristen,Kristen,Proby,EasyLove,,,,,F,US,94311,28,0.1996257018,12.56809701,3.785765646,2.834476191,6691,-2.2536,0.25974,-2.5134,-2.9902,4.11,17501,https://www.goodreads.com/search?q=Kristen+Proby+Easy+Love,1
"2015_Pulley,DM_TheDeadKey_MY.txt",FIC,English,MY,,2015,Pulley,DM,DM,Pulley,TheDeadKey,,,,,F,US,159756,44,0.2134688691,11.61186219,4.158214312,3.106112459,10022,-2.2164,0.28667,-2.5031,-3.0914,3.86,28910,https://www.goodreads.com/search?q=DM+Pulley+The+Dead+Key,0
"2015_Quick,Amanda_GardenofLies_MY.txt",FIC,English,MY,,2015,Quick,Amanda,Amanda,Quick,GardenofLies,,,,,F,US,108476,40,0.246112238,12.92150089,4.310256013,3.474302045,5976,-2.2329,0.25695,-2.4899,-2.9868,3.86,7097,https://www.goodreads.com/search?q=+Gardenof+Lies,0
"2015_Rae,Issa_MisadventuresofAwkwardBlackGirl_ME.txt",NON,English,MEM,,2015,Rae,Issa,Issa,Rae,MisadventuresofAwkwardBlackGirl,,,,,F,,70293,30,0.0825396825,17.68377358,4.190240381,3.814292128,2144,-2.2395,0.13006,-2.3695,-2.7981,3.76,22739,https://www.goodreads.com/search?q=+Misadventuresof+Awkward+Black+Girl,1
"2015_Raeder,Leah_BlackIris_ROM.txt",FIC,English,ROM,,2015,Raeder,Leah,Leah,Raeder,BlackIris,,,,,o,US,126411,33,0.2330578512,10.41877524,4.063277162,2.796000376,8270,-2.2925,0.28253,-2.575,-3.0774,3.73,4701,https://www.goodreads.com/search?q=Leah+Raeder+Black+Iris,1
"2015_Rankin,Ian_EvenDogsInTheWild_CT.txt",FIC,English,NYT,,2015,Rankin,Ian,Ian,Rankin,EvenDogsintheWild,,Orion,,,M,,136164,72,0.1788837984,12.38192234,4.126309494,3.11279022,6907,-2.4182,0.19996,-2.6181,-3.0982,4.2,12034,https://www.goodreads.com/search?q=+Even+Dogsinthe+Wild,0
"2015_Reeves,Richard_Infamy_HIST.txt",NON,English,HIST,,2015,Reeves,Richard,Richard,Reeves,Infamy,,,,,M,US,101209,78,0.0688729875,23.38470425,4.643441823,4.773873249,2902,-2.2506,0.20321,-2.4538,-2.9075,3.98,826,https://www.goodreads.com/search?q=Richard+Reeves+Infamy,0
"2015_Reid,Stacy_SinsofaDuke_ROM.txt",FIC,English,ROM,,2015,Reid,Stacy,Stacy,Reid,SinsofaDuke,,,,,F,US,73344,35,0.2703974895,14.44917258,4.341271989,3.720912373,4997,-2.2534,0.28524,-2.5386,-3.0183,3.97,1438,https://www.goodreads.com/search?q=+Sinsofa+Duke,0
"2015_Reilly,Cora_BoundByHatred_ROM.txt",FIC,English,ROM,,2015,Reilly,Cora,Cora,Reilly,BoundByHatred,,,,,F,US,101931,29,0.4257285004,12.88797572,3.949010004,3.132454467,6286,-2.3488,0.22998,-2.5788,-3.0715,3.93,39143,https://www.goodreads.com/search?q=Cora+Reilly+Bound+By+Hatred,1
"2015_RenardAllen,Jeffrey_SongoftheShank_PW.txt",FIC,English,PW,,2015,RenardAllen,Jeffrey,Jeffrey Renard,Allen,SongoftheShank,,GraywolfPress,PEN/FaulknerAwardforFiction,Shortlist,M,US,217732,49,0.1711611322,15.6562882,4.355022916,3.80143282,9138,-2.2758,0.203,-2.4788,-3.1281,3.05,250,https://www.goodreads.com/search?q=+Songofthe+Shank,1
"2015_Reynolds,AuroraRose_UntilJuly_ROM.txt",FIC,English,ROM,,2015,Reynolds,AuroraRose,AuroraRose,Reynolds,UntilJuly,,,,,F,US,91780,41,0.3320342946,17.68060104,3.725850601,3.287434344,8335,-2.3226,0.26828,-2.5909,-3.0691,4.16,21527,https://www.goodreads.com/search?q=+Until+July,1
"2015_Rhodes,Richard_HellandGoodCompany_HIST.txt",NON,English,HIST,,2015,Rhodes,Richard,Richard,Rhodes,HellandGoodCompany,,,,,M,US,93236,76,0.0967153285,24.75730218,4.742164496,4.878626122,2990,-2.141,0.20042,-2.3414,-2.8068,3.57,550,https://www.goodreads.com/search?q=+Helland+Good+Company,0
"2015_Rinaldi,Robin_TheWildOatsProject_ME.txt",NON,English,MEM,,2015,Rinaldi,Robin,Robin,Rinaldi,TheWildOatsProject,,,,,F,,101554,42,0.2866071429,16.68375226,4.168858886,3.688099267,5130,-2.3337,0.22999,-2.5637,-3.0261,3.29,1290,https://www.goodreads.com/search?q=Robin+Rinaldi+The+Wild+Oats+Project,1
"2015_Riordan,Rick_TheSwordofSummer_MG.txt",FIC,English,MID,,2015,Riordan,Rick,Rick,Riordan,TheSwordofSummer,,,,,M,,154029,73,0.1123568121,11.48784308,4.161609821,2.985636164,8035,-2.3416,0.14499,-2.4866,-2.9853,4.24,182559,https://www.goodreads.com/search?q=+The+Swordof+Summer,1
"2015_Ritchie,Krista_FuelTheFire_ROM.txt",FIC,English,ROM,,2015,Ritchie,Krista,Krista,Ritchie,FuelTheFire,,,,,F,US,201511,51,0.1897839693,13.18271621,4.032519586,3.173005581,12136,-2.3763,0.19146,-2.5677,-3.1382,4.45,17724,https://www.goodreads.com/search?q=Krista+Ritchie+Fuel+The+Fire,1
"2015_Ritland,Mike_TeamDog_ME.txt",NON,English,MEM,,2015,Ritland,Mike,Mike,Ritland,TeamDog,,,,,M,,67217,8,0.2165898618,22.71612031,4.335817682,4.481756365,275,-2.2246,0.1376,-2.3622,-2.79,4.06,779,https://www.goodreads.com/search?q=Mike+Ritland+Team+Dog,0.97
"2015_Robb,JD_ObsessioninDeath_MY.txt",FIC,English,MY,,2015,Robb,JD,JD,Robb,ObsessioninDeath,,,,,F,US,143017,68,0.2938789313,11.9270286,4.062730167,3.008248886,6013,-2.2678,0.2333,-2.5011,-3.0284,4.35,21509,https://www.goodreads.com/search?q=+Obsessionin+Death,0
"2015_Roberts,Cokie_CapitalDames_HIST.txt",NON,English,HIST,,2015,Roberts,Cokie,Cokie,Roberts,CapitalDames,,,,,F,US,149966,126,0.075794621,28.24750424,4.648231153,5.045952602,5106,-2.3347,0.17296,-2.5077,-3.0393,3.81,1953,https://www.goodreads.com/search?q=Cokie+Roberts+Capital+Dames,0
"2015_Roberts,Nora_TheLiar_ROM.txt",FIC,English,ROM,,2015,Roberts,Nora,Nora,Roberts,TheLiar,,,,,F,US,200103,64,0.1483885407,12.55745215,3.881940877,2.917437595,8533,-2.257,0.25383,-2.5108,-3.1204,4.02,38519,https://www.goodreads.com/search?q=Nora+Roberts+The+Liar,0
"2015_Rogan,Eugene_TheFalloftheOttomans_HIST.txt",NON,English,HIST,,2015,Rogan,Eugene,Eugene,Rogan,TheFalloftheOttomans,,,,,M,US,178859,126,0.125467165,26.17959602,4.940325678,5.168914607,5004,-2.1966,0.17808,-2.3746,-2.9617,4.15,3413,https://www.goodreads.com/search?q=+The+Fallofthe+Ottomans,0
"2015_Rosen,LevAC_Depth_SF.txt",FIC,English,SF,,2015,Rosen,LevAC,LevAC,Rosen,Depth,,,,,M,US,100973,29,0.4473246926,13.50990099,4.14714035,3.358904507,5983,-2.2448,0.24993,-2.4947,-2.991,3.95,17600,https://www.goodreads.com/search?q=+Depth,0
"2015_Rosenberg,Goran_ABriefStopontheRoad_ME.txt",NON,English,MEM,,2015,Rosenberg,Goran,Goran,Rosenberg,ABriefStopontheRoad,,,,,M,,107674,52,0.0571030641,27.02660643,4.423544185,4.737610986,1200,-2.191,0.14184,-2.3329,-2.8103,3.86,925,https://www.goodreads.com/search?q=+A+Brief+Stoponthe+Road,1
"2015_Rotter,Jeffrey_TheOnlyWords_SF.txt",FIC,English,SF,,2015,Rotter,Jeffrey,Jeffrey,Rotter,TheOnlyWords,,,,,M,US,63663,28,0.1777597403,14.78128628,4.17709854,3.552705122,3491,-2.443,0.093458,-2.5364,-2.9319,3.09,170,https://www.goodreads.com/search?q=Jeffrey+Rotter+The+Only+Words,1
"2015_Roy,Anuradha_SleepingOnJupiter_CT.txt",FIC,English,NYT,,2015,Roy,Anuradha,Anuradha,Roy,SleepingonJupiter,,GraywolfPress,,,F,,88443,21,0.1269968051,14.7135252,4.067657747,3.444877952,5542,-2.2744,0.21121,-2.4856,-2.9374,3.34,2424,https://www.goodreads.com/search?q=+Sleepingon+Jupiter,1
"2015_Ryan,Carrie_DaughterofDeepSilence_MY.txt",FIC,English,MY,YA,2015,Ryan,Carrie,Carrie,Ryan,DaughterofDeepSilence,,,,,F,US,102165,18,0.2498118886,13.52999603,4.042643874,3.21870148,6957,-2.3288,0.26409,-2.5929,-3.0546,3.65,5641,https://www.goodreads.com/search?q=+Daughterof+Deep+Silence,1
"2015_Ryan,Kaylee_JustSayWhen_ROM.txt",FIC,English,ROM,,2015,Ryan,Kaylee,Kaylee,Ryan,JustSayWhen,,,,,F,US,93584,16,0.1983669549,11.56500247,3.702543955,2.720076055,6414,-2.4294,0.18562,-2.615,-3.0903,3.85,6251,https://www.goodreads.com/search?q=Kaylee+Ryan+Just+Say+When,1
"2015_Ryan,Kendall_TheGentlemanMentor_ROM.txt",FIC,English,ROM,,2015,Ryan,Kendall,Kendall,Ryan,TheGentlemanMentor,,,,,F,US,66698,13,0.4765100671,13.75216495,3.945524035,3.172045634,4283,-2.3654,0.22968,-2.5951,-3.0094,3.96,7287,https://www.goodreads.com/search?q=Kendall+Ryan+The+Gentleman+Mentor,1
"2015_Sahota,Sunjeev_TheYearoftheRunaways_PW.txt",FIC,English,PW,,2015,Sahota,Sunjeev,Sunjeev,Sahota,TheYearoftheRunaways,,MacMillan,ManBooker,Shortlist,M,UK,189003,87,0.1803398058,12.24826648,4.12396162,3.113457868,12539,-2.437,0.21624,-2.6532,-3.215,3.86,8915,https://www.goodreads.com/search?q=+The+Yearofthe+Runaways,0
"2015_Salvalaggio,Karin_BurntRiver_MY.txt",FIC,English,MY,,2015,Salvalaggio,Karin,Karin,Salvalaggio,BurntRiver,,,,,F,US,121316,43,0.1620855767,11.46437346,4.0200481,3.011395001,5949,-2.2039,0.34663,-2.5505,-3.0681,3.83,276,https://www.goodreads.com/search?q=Karin+Salvalaggio+Burnt+River,0
"2015_Sanderson,Brandon_Firefight_SF.txt",FIC,English,SF,YA,2015,Sanderson,Brandon,Brandon,Sanderson,Firefight,,,,,M,US,133965,34,0.1749002762,12.65492159,4.128142335,3.161238856,9140,-2.332,0.20279,-2.5348,-3.0538,4.26,91121,https://www.goodreads.com/search?q=Brandon+Sanderson+Firefight,1
"2015_Sandford,John_GatheringPrey_MY.txt",FIC,English,MY,,2015,Sandford,John,John,Sandford,GatheringPrey,,,,,M,US,130143,70,0.2676297747,16.00578035,3.986561521,3.3657914,7374,-2.2594,0.1985,-2.4579,-2.9729,4.22,23426,https://www.goodreads.com/search?q=John+Sandford+Gathering+Prey,0
"2015_Santorum,Rick_BellasGift_ME.txt",NON,English,MEM,,2015,Santorum,Rick,Rick,Santorum,BellasGift,,,,,M,,80079,30,0.4253443526,19.05735364,4.268536474,4.08767635,2348,-2.2332,0.15153,-2.3847,-2.8373,4.11,317,https://www.goodreads.com/search?q=Rick+Santorum+Bellas+Gift,1
"2015_Sarna,JonathanD_LincolnandtheJews_HIST.txt",NON,English,HIST,,2015,Sarna,JonathanD,JonathanD,Sarna,LincolnandtheJews,,,,,M,US,87279,110,0.3485064011,32.18252212,4.889795425,5.358018578,2206,-2.3431,0.072846,-2.4159,-2.8379,4.11,91,https://www.goodreads.com/search?q=+Lincolnandthe+Jews,0
2015_SchofieldAnakana_MartinJohn_PW.txt,FIC,English,PW,,2015,Schofield,Anakana,Anakana,Schofield,MartinJohn,,JohnMetcalf,ScotiabankGillerPrize,Shortlist,F,Ireland/Canada,62590,19,0.4507462687,11.42153285,4.065553483,3.105526767,1901,-2.3033,0.13608,-2.4394,-2.8404,3.37,951,https://www.goodreads.com/search?q=Anakana+Schofield+Martin+John,0
"2015_Scott,Ginger_WildReckless_ROM.txt",FIC,English,YA,,2015,Scott,Ginger,Ginger,Scott,WildReckless,,,,,F,US,152660,32,0.5043022821,17.40706956,3.876098081,3.374941753,11790,-2.344,0.25616,-2.6002,-3.1393,4.06,8266,https://www.goodreads.com/search?q=Ginger+Scott+Wild+Reckless,1
"2015_Scott,James_TargetTokyo_HIST.txt",NON,English,HIST,,2015,Scott,James,James,Scott,TargetTokyo,,,,,M,US,218109,166,0.1319968241,20.10406489,4.596424531,4.428482548,10934,-2.2011,0.18248,-2.3836,-3.0188,4.44,1149,https://www.goodreads.com/search?q=James+Scott+Target+Tokyo,0
"2015_Scott,JS_NoOrdinaryBillionaire_ROM.txt",FIC,English,ROM,,2015,Scott,JS,JS,Scott,NoOrdinaryBillionaire,,,,,F,US,93205,24,0.3540580789,15.0403421,4.157352363,3.570822674,5672,-2.2697,0.24899,-2.5187,-2.9865,3.91,19474,https://www.goodreads.com/search?q=JS+Scott+No+Ordinary+Billionaire,0
"2015_Scott,Stuart_EveryDayIFight_ME.txt",NON,English,MEM,,2015,Scott,Stuart,Stuart,Scott,EveryDayIFight,,,,,M,,91920,63,0.1227272727,16.20021149,3.982452072,3.409440005,2733,-2.3536,0.15524,-2.5089,-2.9386,4.39,2671,https://www.goodreads.com/search?q=Stuart+Scott+Every+Day+I+Fight,1
"2015_Scottoline,Lisa_EveryFifteenMinutes_MY.txt",FIC,English,MY,,2015,Scottoline,Lisa,Lisa,Scottoline,EveryFifteenMinutes,,,,,F,US,169934,63,0.3648720212,13.7654111,4.125287703,3.268506705,7685,-2.1044,0.30786,-2.4123,-2.979,3.75,30474,https://www.goodreads.com/search?q=Lisa+Scottoline+Every+Fifteen+Minutes,0
"2015_Scotton,Christopher_ScretWisdomoftheEarth_CT.txt",FIC,English,NYT,,2015,Scotton,Christopher,Christopher,Scotton,ScretWisdomoftheEarth,,,,,M,US,151650,72,0.2240231548,14.73760933,4.077149579,3.363218449,10264,-2.1752,0.24634,-2.4215,-2.957,4.1,8923,https://www.goodreads.com/search?q=+Scret+Wisdomofthe+Earth,1
"2015_Scull,Andrew_MadnessinCivilization_HIST.txt",NON,English,HIST,,2015,Scull,Andrew,Andrew,Scull,MadnessinCivilization,,,,,M,UK,155238,86,0.1166666667,34.79112506,5.050960249,5.940551523,1303,-2.2308,0.099305,-2.3301,-2.8632,3.92,508,https://www.goodreads.com/search?q=+Madnessin+Civilization,0
"2015_Seierstad,Asne_OneofUs_HIST.txt",NON,English,HIST,,2015,Seierstad,Asne,Asne,Seierstad,OneofUs,Norwegian,,,,F,Norway,199963,85,0.2457443516,15.13037228,4.343054748,3.756658631,8286,-2.2231,0.18464,-2.4077,-3.0334,4.01,528124,https://www.goodreads.com/search?q=+Oneof+Us,0
"2015_Selznick,Brian_TheMarvels_MG.txt",FIC,English,MID,,2015,Selznick,Brian,Brian,Selznick,TheMarvels,,,,,M,,49944,25,0.4283324038,12.71163146,4.143398939,3.165538591,3030,-2.2648,0.20249,-2.4673,-2.8602,3.99,18929,https://www.goodreads.com/search?q=Brian+Selznick+The+Marvels,0
"2015_Shea,Rebecca_BrokenbyLies_ROM.txt",FIC,English,ROM,,2015,Shea,Rebecca,Rebecca,Shea,BrokenbyLies,,,,,F,US,85550,24,0.2469597755,12.61613331,3.880304294,2.974746487,6099,-2.2527,0.2645,-2.5172,-2.965,4.05,2014,https://www.goodreads.com/search?q=+Brokenby+Lies,1
"2015_Sherratt,Mel_FollowtheLeader_MY.txt",FIC,English,MY,,2015,Sherratt,Mel,Mel,Sherratt,FollowtheLeader,,,,,F,UK,111885,58,0.2086901364,12.9902473,4.015853367,3.140393897,6366,-2.3009,0.24739,-2.5483,-3.0434,4.21,2502,https://www.goodreads.com/search?q=+Followthe+Leader,0
"2015_Silver,Jordan_TheCrush_ROM.txt",FIC,English,ROM,,2015,Silver,Jordan,Jordan,Silver,TheCrush,,,,,F,US,36047,6,0.3414634146,19.38010753,3.792770786,3.588984382,1838,-2.3574,0.27824,-2.6357,-3.0396,3.59,1516,https://www.goodreads.com/search?q=Jordan+Silver+The+Crush,1
"2015_Silver,Jordan_TheSoccerMomsBadBoy_ROM.txt",FIC,English,ROM,,2015,Silver,Jordan,Jordan,Silver,TheSoccerMomsBadBoy,,,,,F,US,50877,8,0.2881944444,18.42034757,3.752858185,3.480601027,2474,-2.3692,0.2859,-2.6551,-3.0765,3.96,1849,https://www.goodreads.com/search?q=Jordan+Silver+The+Soccer+Moms+Bad+Boy,1
"2015_Silvera,Adam_MoreHappyThanNot_YA.txt",FIC,English,YA,,2015,Silvera,Adam,Adam,Silvera,MoreHappyThanNot,,,,,M,,92866,28,0.211219233,15.01471302,3.942074965,3.292577021,3957,-2.3866,0.21251,-2.5991,-3.0364,3.99,53729,https://www.goodreads.com/search?q=Adam+Silvera+More+Happy+Than+Not,1
"2015_Sitter,Hans_TheLastDaysinMonaco_ME.txt",NON,English,MEM,,2015,Sitter,Hans,Hans,Sitter,TheLastDaysinMonaco,,,,,M,,52547,23,0.2310866575,17.51566667,4.163522152,3.77634558,2310,-2.1852,0.19741,-2.3826,-2.8488,3.23,13,https://www.goodreads.com/search?q=+The+Last+Daysin+Monaco,1
"2015_Sivec,Tara_WorththeTrip_ROM.txt",FIC,English,ROM,,2015,Sivec,Tara,Tara,Sivec,WorththeTrip,,,,,F,US,34270,14,0.4679186228,17.90491118,3.81238502,3.489944851,1879,-2.3902,0.13045,-2.5206,-2.8939,4.4,825,https://www.goodreads.com/search?q=+Worththe+Trip,1
"2015_Slahi,MohamedouOuld_GuantanamoDiary_ME.txt",NON,English,MEM,,2015,Slahi,MohamedouOuld,MohamedouOuld,Slahi,GuantanamoDiary,,,,,M,,220469,25,0.2550091075,30.86936432,2.706709586,2.532873408,5118,-2.3644,0.18514,-2.5496,-3.0532,4.09,4342,https://www.goodreads.com/search?q=+Guantanamo+Diary,1
"2015_Slaughter,Phoenyx_Asunder_ROM.txt",FIC,English,ROM,,2015,Slaughter,Phoenyx,Phoenyx,Slaughter,Asunder,,,,,F,US,38528,9,0.3264887064,11.3451119,3.80301763,2.756659838,2676,-2.2933,0.28272,-2.576,-2.9527,3.84,2370,https://www.goodreads.com/search?q=Phoenyx+Slaughter+Asunder,1
"2015_Smart,Michelle_TheGreeksPregnantBride_ROM.txt",FIC,English,ROM,,2015,Smart,Michelle,Michelle,Smart,TheGreeksPregnantBride,,,,,F,US,64766,14,0.3265536723,14.70283768,4.220066248,3.538787004,3431,-2.3407,0.19383,-2.5345,-2.9743,3.57,435,https://www.goodreads.com/search?q=Michelle+Smart+The+Greeks+Pregnant+Bride,0
"2015_Smeltzer,Micalea_NeverTooLate_ROM.txt",FIC,English,ROM,,2015,Smeltzer,Micalea,Micalea,Smeltzer,NeverTooLate,,,,,F,US,125811,25,0.4329896907,12.87332447,3.898240112,3.027189385,9948,-2.4654,0.20739,-2.6728,-3.1568,4.18,1733,https://www.goodreads.com/search?q=Micalea+Smeltzer+Never+Too+Late,1
"2015_Smith,Alexander_ChanceDevelopments_CT.txt",FIC,English,NYT,,2015,Smith,Alexander,Alexander,Smith,ChanceDevelopments,,PantheonBooks,,,M,,58420,32,0.1408114558,13.37454212,4.080298013,3.245885526,2767,-2.2861,0.13609,-2.4222,-2.8246,3.8,1938,https://www.goodreads.com/search?q=Alexander+Smith+Chance+Developments,0
"2015_Snow,Nicole_StepbrotherCharming_ROM.txt",FIC,English,ROM,,2015,Snow,Nicole,Nicole,Snow,StepbrotherCharming,,,,,F,US,98471,19,0.3534836066,14.10153229,3.857043277,3.131286743,5065,-2.4836,0.17517,-2.6588,-3.0869,3.62,3377,https://www.goodreads.com/search?q=Nicole+Snow+Stepbrother+Charming,1
"2015_Sparrow,Bartholomew_TheStrategist_ME.txt",NON,English,MEM,,2015,Sparrow,Bartholomew,Bartholomew,Sparrow,TheStrategist,,,,,M,,275536,235,0.1867233486,32.5923823,4.995238274,5.60837746,3789,-2.2311,0.13534,-2.3665,-3.0534,4,75,https://www.goodreads.com/search?q=Bartholomew+Sparrow+The+Strategist,0
"2015_Standiford,Les_WatertotheAngels_HIST.txt",NON,English,HIST,,2015,Standiford,Les,Les,Standiford,WatertotheAngels,,,,,M,US,105025,71,0.4669509595,31.65310428,4.640553244,5.225680624,2433,-2.2865,0.1408,-2.4273,-2.8995,3.84,715,https://www.goodreads.com/search?q=+Watertothe+Angels,0
"2015_Stead,Rebecca_Goodbye Stranger_MG.txt",FIC,English,MID,,2015,Stead,Rebecca,Rebecca,Stead,GoodbyeStranger,,,,,F,,72178,30,0.2972301136,10.6630226,4.045762773,2.732652851,3967,-2.2792,0.21099,-2.4902,-2.8946,3.93,13426,https://www.goodreads.com/search?q=Rebecca+Stead+Goodbye+Stranger,0
"2015_Steinhauer,Olen_AlltheOldKnives_CT.txt",FIC,English,NYT,,2015,Steinhauer,Olen,Olen,Steinhauer,AlltheOldKnives,,,,,M,US,65308,30,0.152194211,13.27938186,4.062567157,3.189853961,3207,-2.3417,0.19233,-2.534,-2.9497,3.68,5357,https://www.goodreads.com/search?q=+Allthe+Old+Knives,1
"2015_Stelmach,Orest_TheAlterGirl_MY.txt",FIC,English,MY,,2015,Stelmach,Orest,Orest,Stelmach,TheAlterGirl,,,,,M,US,88188,20,0.2230919765,12.48414496,4.1041477,3.220443592,4328,-2.2262,0.26372,-2.4899,-2.9601,3.94,2036,https://www.goodreads.com/search?q=+The+Alter+Girl,1
"2015_Stephens,SC_Thoughtful_ROM.txt",FIC,English,ROM,,2015,Stephens,SC,SC,Stephens,Thoughtful,,,,,F,US,248939,16,0.4028854436,12.89037904,3.901512022,3.048531592,18130,-2.4196,0.23986,-2.6594,-3.3619,4.23,16762,https://www.goodreads.com/search?q=SC+Stephens+Thoughtful,1
"2015_Stephenson,Neal_Seveneves_SF.txt",FIC,English,SF,,2015,Stephenson,Neal,Neal,Stephenson,Seveneves,,,,,M,US,347264,142,0.095086558,19.35588875,4.380904475,4.170988603,12002,-2.2235,0.26104,-2.4846,-3.263,3.99,105695,https://www.goodreads.com/search?q=Neal+Stephenson+Seveneves,0
"2015_Sterling,J_10YearsLater_ROM.txt",FIC,English,ROM,,2015,Sterling,J,J,Sterling,10YearsLater,,,,,F,US,75029,18,0.5436590437,14.10849944,3.915478794,3.190992844,4762,-2.3528,0.18628,-2.5391,-2.995,3.66,4361,https://www.goodreads.com/search?q=J+Sterling+10+Years+Later,1
"2015_Stoker,Susan_ProtectingCheyenne_ROM.txt",FIC,English,ROM,,2015,Stoker,Susan,Susan,Stoker,ProtectingCheyenne,,,,,F,US,74855,25,0.3607361963,13.90064995,4.010686951,3.263598204,3914,-2.2406,0.26352,-2.5041,-2.9544,4.34,6322,https://www.goodreads.com/search?q=Susan+Stoker+Protecting+Cheyenne,0
"2015_Stokes,Paula_LiarsInc_MY.txt",FIC,English,MY,YA,2015,Stokes,Paula,Paula,Stokes,LiarsInc,,,,,F,US,93108,40,0.2149853085,12.51115292,3.993039623,3.066648114,5097,-2.35,0.19752,-2.5475,-3.004,3.58,5591,https://www.goodreads.com/search?q=Paula+Stokes+Liars+Inc,1
"2015_Stone,DavidR_TheRussianArmyintheGreatWar_HIST.txt",NON,English,HIST,,2015,Stone,DavidR,DavidR,Stone,TheRussianArmyintheGreatWar,,,,,M,US,129320,78,0.1203285421,28.54116089,5.11214913,5.531244952,1985,-2.2615,0.14233,-2.4039,-2.9149,4.03,35,https://www.goodreads.com/search?q=+The+Russian+Armyinthe+Great+War,0
"2015_Strauss,Barry_TheDeathofCaesar_HIST.txt",NON,English,HIST,,2015,Strauss,Barry,Barry,Strauss,TheDeathofCaesar,,,,,M,US,92649,67,0.2447948251,19.03616191,4.574159396,4.429948692,1857,-2.3555,0.13621,-2.4918,-2.9387,3.92,1544,https://www.goodreads.com/search?q=+The+Deathof+Caesar,0
"2015_Stroud,Jonathan_The Hollow Boy_MG.txt",FIC,English,MID,,2015,Stroud,Jonathan,Jonathan,Stroud,TheHollowBoy,,,,,M,,122189,30,0.2625882353,13.02376892,4.203392235,3.244093678,6713,-2.2744,0.23721,-2.5116,-3.0241,4.37,16174,https://www.goodreads.com/search?q=Jonathan+Stroud+The+Hollow+Boy,1
"2015_Sublett,Jesse_1960sAustinGangsters_HIST.txt",NON,English,HIST,,2015,Sublett,Jesse,Jesse,Sublett,1960sAustinGangsters,,,,,M,US,52602,80,0.2450248756,22.55660377,4.575386043,4.461970113,1733,-2.2988,0.092428,-2.3913,-2.7739,3.28,57,https://www.goodreads.com/search?q=Jesse+Sublett+1960s+Austin+Gangsters,0
"2015_Sullivan,Paul_TheThinGreenLine_ME.txt",NON,English,MEM,,2015,Sullivan,Paul,Paul,Sullivan,TheThinGreenLine,,,,,M,,79704,32,0.0691964286,21.36836461,4.354043561,4.316044255,991,-2.2386,0.12967,-2.3683,-2.8191,3.34,323,https://www.goodreads.com/search?q=Paul+Sullivan+The+Thin+Green+Line,1
"2015_Summers,Courtney_AlltheRage_MY.txt",FIC,English,MY,YA,2015,Summers,Courtney,Courtney,Summers,AlltheRage,,,,,F,Canada,96407,46,0.1183836084,13.12016875,3.740012516,2.904670359,5428,-2.4021,0.21551,-2.6176,-3.0906,3.82,13678,https://www.goodreads.com/search?q=+Allthe+Rage,1
"2015_Suny,RonaldGrigor_TheyCanLiveintheDesert_HIST.txt",NON,English,HIST,,2015,Suny,RonaldGrigor,RonaldGrigor,Suny,TheyCanLiveintheDesert,,,,,M,US,146227,83,0.1756944444,28.9100435,5.147401122,5.657690528,2497,-2.3323,0.1204,-2.4527,-3.0055,4.25,249,https://www.goodreads.com/search?q=+They+Can+Liveinthe+Desert,0
"2015_Suzanne,Ashley_Rekindle_ROM.txt",FIC,English,ROM,,2015,Suzanne,Ashley,Ashley,Suzanne,Rekindle,,,,,F,US,58977,25,0.2702702703,15.9010515,3.863798214,3.3172299,3545,-2.3966,0.18799,-2.5846,-2.9976,3.72,178,https://www.goodreads.com/search?q=Ashley+Suzanne+Rekindle,1
"2015_Swain,Susan_FirstLadies_HIST.txt",NON,English,HIST,,2015,Swain,Susan,Susan,Swain,FirstLadies,,,,,F,US,188607,240,0.0217869278,19.43800886,4.416253197,4.191404289,2851,-2.3644,0.13218,-2.4966,-3.0647,3.84,327,https://www.goodreads.com/search?q=Susan+Swain+First+Ladies,0
"2015_Swanson,Peter_TheKindWorthKilling_MY.txt",FIC,English,MY,,2015,Swanson,Peter,Peter,Swanson,TheKindWorthKilling,,,,,M,US,120738,30,0.3595687332,15.98967024,3.99091468,3.438216153,6943,-2.2452,0.28673,-2.532,-3.0334,4.03,118578,https://www.goodreads.com/search?q=Peter+Swanson+The+Kind+Worth+Killing,1
"2015_Swyler,Erika_TheBookofSpeculation_MY.txt",FIC,English,MY,,2015,Swyler,Erika,Erika,Swyler,TheBookofSpeculation,,,,,F,US,130983,50,0.1363177381,12.4473059,4.106498563,3.115087538,7552,-2.069,0.41983,-2.4888,-3.0237,3.6,34601,https://www.goodreads.com/search?q=+The+Bookof+Speculation,1
"2015_Tackett,Timothy_TheComingoftheTerrorintheFrenchRevolution_HIST.txt",NON,English,HIST,,2015,Tackett,Timothy,Timothy,Tackett,TheComingoftheTerrorintheFrenchRevolution,,,,,M,US,157277,74,0.0825158684,29.75912961,5.05718715,5.724741904,2342,-2.347,0.12888,-2.4759,-3.0435,4.2,189,https://www.goodreads.com/search?q=+The+Comingofthe+Terrorinthe+French+Revolution,0
"2015_Taiden,Milly_StripeTease_ROM.txt",FIC,English,ROM,,2015,Taiden,Milly,Milly,Taiden,StripeTease,,,,,F,DominicanRepublic,17843,6,0.3714285714,11.76978892,3.936941777,2.995146463,1343,-2.1637,0.19094,-2.3547,-2.7895,4.1,819,https://www.goodreads.com/search?q=Milly+Taiden+Stripe+Tease,0
"2015_Taiden,Milly_TallDarkandPanther_ROM.txt",FIC,English,ROM,,2015,Taiden,Milly,Milly,Taiden,TallDarkandPanther,,,,,F,DominicanRepublic,34563,8,0.2967863894,11.33213115,3.931349234,2.918180399,2440,-2.2413,0.23396,-2.4753,-2.8625,4.15,3848,https://www.goodreads.com/search?q=+Tall+Darkand+Panther,0
"2015_TheMadTatter_Darhower,JM_ROM.txt",FIC,English,ROM,,2015,Darhower,JM,JM,Darhower,TheMadTatter,,,,,F,US,98185,23,0.3438219493,14.34404675,4.000140119,3.188711157,7300,-2.3186,0.26292,-2.5816,-3.0236,3.88,7921,https://www.goodreads.com/search?q=JM+Darhower+The+Mad+Tatter,1
"2015_Thomas,Abigail_WhatComesNextandHowtoLikeIt_ME.txt",NON,English,MEM,YA,2015,Thomas,Abigail,Abigail,Thomas,WhatComesNextandHowtoLikeIt,,,,,F,,53539,20,0.2816,15.21426542,4.002095049,3.43036086,2374,-2.3946,0.096707,-2.4913,-2.8911,3.74,2507,https://www.goodreads.com/search?q=+What+Comes+Nextand+Howto+Like+It,1
"2015_Thomas,Rob_VeronicaMars_MY.txt",FIC,English,MY,,2015,Thomas,Rob,Rob,Thomas,VeronicaMars,,,,,M,US,105540,63,0.3063464837,13.92715756,4.212173794,3.438091796,5538,-2.2739,0.22738,-2.5013,-2.9611,3.98,43811,https://www.goodreads.com/search?q=Rob+Thomas+Veronica+Mars,0
"2015_Thomas,Scarlett_TheSeedCollectors_CT.txt",FIC,English,NYT,,2015,Thomas,Scarlett,Scarlett,Thomas,TheSeedCollectors,,SoftSkull/Counterpoint,,,F,,145059,53,0.1478737113,13.98293811,4.124496675,3.337767809,2750,-2.2522,0.19113,-2.4434,-2.9626,3.08,2320,https://www.goodreads.com/search?q=Scarlett+Thomas+The+Seed+Collectors,0
"2015_Tremayne,SK_TheIceTwins_MY.txt",FIC,English,MY,,2015,Tremayne,SK,SK,Tremayne,TheIceTwins,,,,,M,UK,112207,35,0.253444525,12.05230934,4.137501804,3.099003768,5781,-2.2475,0.21659,-2.4641,-2.9449,3.66,36453,https://www.goodreads.com/search?q=SK+Tremayne+The+Ice+Twins,1
"2015_Treuer, David_Prudence_CT.txt",FIC,English,NYT,,2015,Treuer,David,David,Treuer,Prudence,,,,,M,US,94529,35,0.2145148356,15.06438247,4.076631673,3.426402123,4528,-2.196,0.17358,-2.3695,-2.8624,3.19,808,https://www.goodreads.com/search?q=David+Treuer+Prudence,0
"2015_Tucker,KA_BecomingRain_ROM.txt",FIC,English,ROM,,2015,Tucker,KA,KA,Tucker,BecomingRain,,,,,F,Canada,141857,38,0.1698693313,12.67372465,3.959185942,3.03930973,6901,-2.4609,0.17495,-2.6358,-3.1403,4.17,6905,https://www.goodreads.com/search?q=KA+Tucker+Becoming+Rain,1
2015_TurkleSherry_ReclaimingConversation.txt,NON,English,MIX,,2015,Turkle,Sherry,Sherry,Turkle,ReclaimingConversation,,,,,F,,145531,80,0.0644007156,18.62916027,4.472422253,4.243523824,1374,-2.3612,0.10617,-2.4674,-2.9854,3.82,4212,https://www.goodreads.com/search?q=Sherry+Turkle+Reclaiming+Conversation,1
"2015_Tyler,Anne_ASpoolofBlueThread_PW.txt",FIC,English,PW,NYT,2015,Tyler,Anne,Anne,Tyler,ASpoolofBlueThread,,Knopf,ManBooker,Shortlist,F,US,143957,73,0.1542394546,15.13425147,4.092093817,3.345783457,6956,-2.3371,0.22093,-2.558,-3.0792,3.43,88893,https://www.goodreads.com/search?q=+A+Spoolof+Blue+Thread,0
"2015_Tyson,Wendy_DyingBrand_MY.txt",FIC,English,MY,,2015,Tyson,Wendy,Wendy,Tyson,DyingBrand,,,,,F,US,99907,49,0.323393435,11.57000579,4.255716459,3.07277058,5348,-2.2657,0.23798,-2.5036,-2.9552,4.31,126,https://www.goodreads.com/search?q=Wendy+Tyson+Dying+Brand,0
"2015_Vaillant,John_TheJaguarsChildren_CT.txt",FIC,English,NYT,,2015,Vaillant,John,John,Vaillant,TheJaguarsChildren,,,,,M,US,97012,38,0.2764397906,18.68849933,3.880650909,3.682281121,3734,-2.2377,0.20877,-2.4464,-2.959,3.71,1771,https://www.goodreads.com/search?q=John+Vaillant+The+Jaguars+Children,1
"2015_Vale,LaniLynn_CenterMass_ROM.txt",FIC,English,ROM,,2015,Vale,LaniLynn,LaniLynn,Vale,CenterMass,,,,,F,US,81608,39,0.1584653878,13.40252915,3.912284543,3.125011642,5889,-2.2769,0.28119,-2.5581,-2.9867,4.16,7958,https://www.goodreads.com/search?q=+Center+Mass,1
"2015_VandenBerg,Laura_FindMe_CT.txt",FIC,English,NYT,,2015,VandenBerg,Laura,Laura,VandenBerg,FindMe,,,,,F,US,91446,21,0.1765498652,14.37152287,4.074836058,3.374423212,4941,-2.351,0.15519,-2.5062,-2.9769,3.29,52954,https://www.goodreads.com/search?q=+Find+Me,1
"2015_Vanderhaeghe,Guy_DaddyLeninandOtherStories_PW.txt",FIC,English,PW,,2015,Vanderhaeghe,Guy,Guy,Vanderhaeghe,DaddyLeninandOtherStories,,McClellandandStewart,GovernerGeneral's,Winner,M,Canada,87555,68,0.0671409515,16.43608035,4.274137653,3.784321353,4162,-2.272,0.12844,-2.4004,-2.8646,3.76,383,https://www.goodreads.com/search?q=+Daddy+Leninand+Other+Stories,1
"2015_Vann,David_Aquarium_CT.txt",FIC,English,NYT,,2015,Vann,David,David,Vann,Aquarium,,,,,M,US,70280,12,0.4727838258,11.47054023,3.947219903,2.970467641,3562,-2.3099,0.16475,-2.4747,-2.9112,3.75,4363,https://www.goodreads.com/search?q=David+Vann+Aquarium,1
"2015_Wachsmann,Nikolaus_KL_HIST.txt",NON,English,HIST,,2015,Wachsmann,Nikolaus,Nikolaus,Wachsmann,KL,,,,,M,Germany/UK,311770,154,0.1709567751,31.22070899,4.909872096,5.401960283,5707,-2.3549,0.1115,-2.4664,-3.2396,4.27,5268399,https://www.goodreads.com/search?q=+K+L,0
"2015_Wade,Ellie_ABeautifulKindofLove_ROM.txt",FIC,English,ROM,,2015,Wade,Ellie,Ellie,Wade,ABeautifulKindofLove,,,,,F,US,101756,23,0.5392271663,12.45788443,3.880678119,3.008743241,5706,-2.2508,0.26847,-2.5192,-3.0104,4,2506,https://www.goodreads.com/search?q=+A+Beautiful+Kindof+Love,1
"2015_Walsh,MO_MySunshineAway_MY.txt",FIC,English,MY,YA,2015,Walsh,MO,MO,Walsh,MySunshineAway,,,,,M,US,109370,40,0.3511864407,16.49871776,4.043913267,3.578215456,4814,-2.3002,0.1982,-2.4984,-3.0043,3.58,17359,https://www.goodreads.com/search?q=MO+Walsh+My+Sunshine+Away,1
"2015_Walton,David_Superposition_SF.txt",FIC,English,SF,,2015,Walton,David,David,Walton,Superposition,,,,,M,US,106492,34,0.1552631579,13.79608758,4.147227798,3.340328273,5757,-2.2268,0.21057,-2.4374,-2.9364,3.65,1666,https://www.goodreads.com/search?q=David+Walton+Superposition,1
"2015_Waltz,Vanessa_KnockedUpbytheBadBoy_ROM.txt",FIC,English,ROM,,2015,Waltz,Vanessa,Vanessa,Waltz,KnockedUpbytheBadBoy,,,,,F,US,88656,21,0.3134978229,12.32874426,3.816582847,2.867321364,6478,-2.3801,0.23931,-2.6194,-3.0657,3.64,4206,https://www.goodreads.com/search?q=+Knocked+Upbythe+Bad+Boy,1
"2015_Ward,HM_Life_BeforeDamaged_ROM.txt",FIC,English,ROM,,2015,Ward,HM,HM,Ward,LifeBeforeDamage,,,,,F,US,17034,12,0.3947368421,13.54054054,3.942994029,3.155397908,917,-2.5057,0.02468,-2.5304,-2.9113,4.36,1191,https://www.goodreads.com/search?q=HM+Ward+Life+Before+Damage,0.97
"2015_Warga,Jasmine_MyHeartAndOtherBlackHoles_YA.txt",FIC,English,YA,,2015,Warga,Jasmine,Jasmine,Warga,MyHeartAndOtherBlackHoles,,,,,F,,85275,30,0.277283751,12.90871935,3.862310712,3.009850877,4395,-2.3944,0.16644,-2.5608,-2.988,3.98,51584,https://www.goodreads.com/search?q=Jasmine+Warga+My+Heart+And+Other+Black+Holes,1
"2015_Warren,Dianne_LibertyStreet_CT.txt",FIC,English,NYT,,2015,Warren,Dianne,Dianne,Warren,LibertyStreet,,GPPutnam'sSons,,,F,,139682,50,0.3533270853,18.37195844,4.031642551,3.647991988,7658,-2.345,0.15055,-2.4956,-3.0063,3.65,337,https://www.goodreads.com/search?q=Dianne+Warren+Liberty+Street,1
"2015_Weinberg,Steven_ToExplaintheWorld_HIST.txt",NON,English,HIST,,2015,Weinberg,Steven,Steven,Weinberg,ToExplaintheWorld,,,,,M,US,128515,73,0.1588001764,29.72132285,4.59448836,5.243460204,890,-2.0581,0.14239,-2.2005,-2.7265,3.77,1872,https://www.goodreads.com/search?q=+To+Explainthe+World,0
"2015_Wellington,David_Positive_SF.txt",FIC,English,SF,,2015,Wellington,David,David,Wellington,Positive,,,,,M,US,181674,32,0.1818181818,13.57092702,3.997243165,3.219494484,9469,-2.2804,0.24809,-2.5285,-3.1351,3.66,2705,https://www.goodreads.com/search?q=David+Wellington+Positive,1
"2015_White,Karen_TheSoundofGlass_MY.txt",FIC,English,MY,,2015,White,Karen,Karen,White,TheSoundofGlass,,,,,F,US,164084,26,0.5093934514,16.79467758,4.082526412,3.600925023,9326,-2.2949,0.26149,-2.5564,-3.1288,4.03,19655,https://www.goodreads.com/search?q=+The+Soundof+Glass,1
"2015_Wilder,L_Combust_ROM.txt",FIC,English,ROM,,2015,Wilder,L,L,Wilder,Combust,,,,,F,US,52722,21,0.2489683631,14.24918919,3.790394589,3.090976192,3841,-2.1943,0.29641,-2.4907,-2.8999,4.21,2896,https://www.goodreads.com/search?q=L+Wilder+Combust,1
"2015_William,EliKP_CashCrashJubilee_SF.txt",FIC,English,SF,,2015,William,EliKP,EliKP,William,CashCrashJubilee,,,,,M,Canada,168105,24,0.5512412476,20.2341117,4.556281951,4.361378622,7665,-2.0984,0.33809,-2.4365,-3.0047,3.54,257,https://www.goodreads.com/search?q=+Cash+Crash+Jubilee,0
"2015_Williams,WhitneyGracia_SincerelyCarter_ROM.txt",FIC,English,ROM,,2015,Williams,WhitneyGracia,WhitneyGracia,Williams,SincerelyCarter,,,,,F,US,85299,16,0.4725,14.17869016,3.921364358,3.164485615,4792,-2.4021,0.20553,-2.6076,-3.0459,4.04,32475,https://www.goodreads.com/search?q=+Sincerely+Carter,1
"2015_Winspear,Jacqueline_ADangerousPlace_MY.txt",FIC,English,MY,,2015,Winspear,Jacqueline,Jacqueline,Winspear,ADangerousPlace,,,,,F,UK,110979,44,0.3947633434,17.35674069,4.209226895,3.806185314,5551,-2.2088,0.3443,-2.5531,-3.047,3.88,17223,https://www.goodreads.com/search?q=Jacqueline+Winspear+A+Dangerous+Place,0
"2015_Winters,Pepper_ThirdDebt_ROM.txt",FIC,English,ROM,,2015,Winters,Pepper,Pepper,Winters,ThirdDebt,,,,,F,US,119139,32,0.2735129639,10.98561549,4.127141899,2.997241868,7902,-2.2625,0.24676,-2.5092,-3.0066,4.33,14596,https://www.goodreads.com/search?q=Pepper+Winters+Third+Debt,1
"2015_Womack,Gwendolyn_TheMemoryPainter_SF.txt",FIC,English,SF,,2015,Womack,Gwendolyn,Gwendolyn,Womack,TheMemoryPainter,,,,,F,US,120146,68,0.1756109851,13.01831184,4.248076904,3.388684642,8097,-2.2656,0.2219,-2.4875,-2.9723,3.87,3783,https://www.goodreads.com/search?q=Gwendolyn+Womack+The+Memory+Painter,0
"2015_Wood,Jessica_PromisetoMarry_ROM.txt",FIC,English,ROM,,2015,Wood,Jessica,Jessica,Wood,PromisetoMarry,,,,,F,US,30332,16,0.2004608295,13.76225045,3.868077853,3.103890752,2045,-2.2552,0.14441,-2.3996,-2.7658,3.5,4943,https://www.goodreads.com/search?q=+Promiseto+Marry,1
"2015_Wood,Lucy_Weathering_CT.txt",FIC,English,NYT,,2015,Wood,Lucy,Lucy,Wood,Weathering,,Bloomsbury,,,F,,103306,19,0.2966183575,12.27203611,4.104955863,3.111729909,8973,-2.2987,0.22598,-2.5246,-2.9955,3.64,787,https://www.goodreads.com/search?q=Lucy+Wood+Weathering,0
"2015_Wylde,Joanna_SilverBastard_ROM.txt",FIC,English,ROM,,2015,Wylde,Joanna,Joanna,Wylde,SilverBastard,,,,,F,US,140997,45,0.1393769968,12.33677487,3.953705308,2.992591386,8689,-2.3656,0.22508,-2.5906,-3.1243,4.08,13665,https://www.goodreads.com/search?q=Joanna+Wylde+Silver+Bastard,1
"2015_Yglesias,Rafael_TheWisdomofPerversity_CT.txt",FIC,English,NYT,,2015,Yglesias,Rafael,Rafael,Yglesias,TheWisdomofPerversity,,,,,M,US,151287,40,0.237433522,13.31986265,4.218163209,3.328588857,8929,-2.2178,0.23304,-2.4509,-3.0059,3.57,194,https://www.goodreads.com/search?q=+The+Wisdomof+Perversity,0
"2015_Yoon,Nicola_EverythingEverything_YA.txt",FIC,English,YA,,2015,Yoon,Nicola,Nicola,Yoon,EverythinEverything,,,,,F,,59240,12,0.4492273731,11.52080902,3.906676737,2.836174222,2958,-2.1419,0.21749,-2.3594,-2.8333,4.01,513842,https://www.goodreads.com/search?q=+Everythin+Everything,1
"2015_Zolendz,Christine_HeresToFalling_ROM.txt",FIC,English,ROM,,2015,Zolendz,Christine,Christine,Zolendz,HeresToFalling,,,,,F,US,108717,32,0.2322247706,14.77534656,3.986735663,3.306085102,7433,-2.3346,0.17134,-2.5059,-2.9881,4.18,3782,https://www.goodreads.com/search?q=Christine+Zolendz+Heres+To+Falling,1
"2016_Abbott,Megan_YouWillKnowMe_CT.txt",FIC,English,NYT,,2016,Abbott,Megan,Megan,Abbott,YouWillKnowMe,,"Little,Brown,andCo.",,,F,,106901,42,0.3481985387,14.08074289,4.198191178,3.277541991,6491,-2.3677,0.21499,-2.5827,-3.0364,3.45,40761,https://www.goodreads.com/search?q=Megan+Abbott+You+Will+Know+Me,0
"2016_Adams,Alice_InvicibleSummer_CT.txt",FIC,English,NYT,,2016,Adams,Alice,Alice,Adams,InvincibleSummer,,"Little,Brown,andCo.",,,F,,101908,25,0.4742606791,19.28614686,4.145175132,3.916593449,3925,-2.3251,0.23432,-2.5594,-3.0493,3.35,5763,https://www.goodreads.com/search?q=Alice+Adams+Invincible+Summer,0
"2016_AlbertoUrrea,Luis_TheWaterMuseum_PW.txt",FIC,English,PW,,2016,AlbertoUrrea,Luis,Luis Alberto,Urrea,TheWaterMuseum,,LittleBrownandCo,PEN/FaulknerAwardforFiction,Shortlist,M,US,62885,56,0.0741222367,11.05184534,4.121631722,2.954397819,3886,-2.2668,0.099588,-2.3663,-2.7612,4.03,1001,https://www.goodreads.com/search?q=+The+Water+Museum,0.04
"2016_Alison,Jane_NineIsland_CT.txt",FIC,English,NYT,,2016,Alison,Jane,Jane,Alison,NineIsland,,Catapult,,,F,,55273,9,0.2,14.18347447,4.064211723,3.275390766,3275,-2.2827,0.22872,-2.5114,-2.8952,3.53,452,https://www.goodreads.com/search?q=Jane+Alison+Nine+Island,1
"2016_Amend,Allison_EnchantedIslands_CT.txt",FIC,English,NYT,,2016,Amend,Allison,Allison,Amend,EnchantedIslands,,RandomHouseCa,,,F,,131319,51,0.2741502683,14.16601942,4.08313887,3.366896005,6800,-2.3627,0.19859,-2.5613,-3.0572,3.76,3274,https://www.goodreads.com/search?q=Allison+Amend+Enchanted+Islands,1
"2016_Anders,CharlieJane_AlltheBirdsintheSky_SF.txt",FIC,English,SF,,2016,Anders,CharlieJane,CharlieJane,Anders,AlltheBirdsintheSky,,TorBooks,,,F,,130196,44,0.3382272974,15.46270784,4.289965487,3.666768113,6082,-2.3466,0.20948,-2.5561,-3.0361,3.59,42223,https://www.goodreads.com/search?q=+Allthe+Birdsinthe+Sky,0
"2016_Archer,Jeffrey_ThisWasAMan_BS.txt",FIC,English,BS,,2016,Archer,Jeffrey,Jeffrey,Archer,ThisWasaMan,,,,,M,,149881,107,0.0995239175,19.89658834,4.265540948,4.030415161,7331,-2.2163,0.23779,-2.4541,-2.9942,4.31,26459,https://www.goodreads.com/search?q=+This+Wasa+Man,0
"2016_Armentrout,Jennifer_TheProblemWithForever_YA.txt",FIC,English,YA,,2016,Armentrout,Jennifer,Jennifer,Armentrout,TheProblemWithForever,,,,,F,,158460,30,0.316108453,11.78404105,3.928573623,2.915206012,11483,-2.4018,0.22779,-2.6296,-3.1873,4,49431,https://www.goodreads.com/search?q=Jennifer+Armentrout+The+Problem+With+Forever,1
"2016_Armstrong,Kelley_CityoftheLost_MY.txt",FIC,English,MY,,2016,Armstrong,Kelley,Kelley,Armstrong,CityoftheLost,,,,,F,,165172,31,0.2731723238,12.02037697,3.878264415,2.864748458,8707,-2.3532,0.1739,-2.5271,-3.083,4.06,16606,https://www.goodreads.com/search?q=+Cityofthe+Lost,1
"2016_Arudpragasam,Anuk_TheStoryOfABriefMarriage_CT.txt",FIC,English,NYT,,2016,Arudpragasam,Anuk,Anuk,Arudpragasam,TheStoryofaBriefMarriage,,FlatironBooks,,,M,,72122,3,0.6059701493,33.92380056,4.297793781,4.987162361,3242,-2.2313,0.24547,-2.4768,-2.9014,3.8,2357,https://www.goodreads.com/search?q=+The+Storyofa+Brief+Marriage,0
"2016_Ashby,Madeline_CompanyTown_MY.txt",FIC,English,MY,SF,2016,Ashby,Madeline,Madeline,Ashby,CompanyTown,,TorBooks,,,F,,112247,46,0.4119423012,10.2014905,4.117741576,2.840122731,6178,-2.3039,0.21793,-2.5219,-2.9786,3.52,4953,https://www.goodreads.com/search?q=Madeline+Ashby+Company+Town,0
"2016_Atwood,Margaret_HagSeedTheTempestRetold_CT.txt",FIC,English,NYT,,2016,Atwood,Margaret,Margaret,Atwood,Hag-Seed:TheTempestRetold,,Hogarth,,,F,,91449,44,0.2557148392,13.28235294,4.190085951,3.261509061,3264,-2.2503,0.15523,-2.4056,-2.8707,3.83,31376,https://www.goodreads.com/search?q=Margaret+Atwood+Hag-+Seed:+The+Tempest+Retold,0
"2016_Awad,Mona_13WaysofLookingataFatGirl_PW.txt",FIC,English,PW,,2016,Awad,Mona,Mona,Awad,13WaysofLookingataFatGirl,,Penguin,ScotiabankGillerPrize,Shortlist,F,Canada,76726,23,0.1754385965,13.88454578,3.961460669,3.168718566,3866,-2.374,0.093145,-2.4672,-2.893,3.03,11667,https://www.goodreads.com/search?q=+13+Waysof+Lookingata+Fat+Girl,1
"2016_Bach,Sebastian_18andLiveonSkidRow_ME.txt",NON,English,MEM,,2016,Bach,Sebastian,Sebastian,Bach,18andLifeonSkidRow,,,,,M,,133806,88,0.0611570248,13.08744131,4.001208944,3.223123877,4901,-2.2956,0.13985,-2.4355,-2.9343,3.7,2068,https://www.goodreads.com/search?q=+18and+Lifeon+Skid+Row,1
"2016_Bachelder,Chris_TheThrowbackSpecial_PW.txt",FIC,English,PW,NYT,2016,Bachelder,Chris,Chris,Bachelder,TheThrowbackSpecial,,WWNorton,NationalBookAwards,Shortlist,M,US,60252,42,0.0808678501,15.33910387,4.380698226,3.714166135,2977,-2.1151,0.18392,-2.299,-2.7067,3.54,2365,https://www.goodreads.com/search?q=Chris+Bachelder+The+Throwback+Special,0
"2016_Baird,Julia_VictoriaTheQueen_HIST.txt",NON,English,HIST,,2016,Baird,Julia,Julia,Baird,Victoria:TheQueen:AnIntimateBiographyoftheWomanWhoRuledanEmpire,,RandomHouse,,,F,,264281,216,0.2970731129,22.89336452,4.654534062,4.56320255,7398,-2.2584,0.17961,-2.438,-3.1421,4.06,10603,https://www.goodreads.com/search?q=+Victoria:+The+Queen:+An+Intimate+Biographyofthe+Woman+Who+Ruledan+Empire,0
"2016_Baker,Jo_ACountryRoadATree_CT.txt",FIC,English,NYT,,2016,Baker,Jo,Jo,Baker,"ACountryRoad,ATree",,AlfredAKnopf,,,F,,114313,26,0.3066298343,13.74449922,4.11527748,3.246049492,6835,-2.3167,0.22692,-2.5436,-3.0058,3.65,1452,"https://www.goodreads.com/search?q=Jo+Baker+A+Country+Road,+A+Tree",0
"2016_Baldacci,David_NoMansLand_BS.txt",FIC,English,BS,,2016,Baldacci,David,David,Baldacci,NoMan'sLand,,,,,M,,150722,56,0.1907161804,11.64505911,4.089672507,3.058539599,8832,-2.0979,0.36698,-2.4648,-3.0489,4.19,41882,https://www.goodreads.com/search?q=David+Baldacci+No+Man's+Land,0
"2016_Ball,Jesse_HowToSetFireAndWhy_CT.txt",FIC,English,NYT,,2016,Ball,Jesse,Jesse,Ball,HowtoSetaFireandWhy,,PantheonBooks,,,M,,65116,16,0.2554347826,14.95200918,3.836370693,3.300484407,2188,-2.2909,0.21697,-2.5079,-2.9256,3.57,4920,https://www.goodreads.com/search?q=+Howto+Seta+Fireand+Why,1
"2016_Banner,AJ_TheTwilightWife_MY.txt",FIC,English,MY,,2016,Banner,AJ,AJ,Banner,TheTwilightWife,,,,,F,,82391,17,0.4280230326,10.72799479,3.968049939,2.81342713,4487,-2.1523,0.27268,-2.425,-2.8694,3.59,8664,https://www.goodreads.com/search?q=AJ+Banner+The+Twilight+Wife,1
"2016_Barnes,Julian_TheNoiseOfTime_CT.txt",FIC,English,NYT,,2016,Barnes,Julian,Julian,Barnes,TheNoiseofTime,,RandomHouseCa,,,M,,57183,36,0.1503649635,18.59609756,4.507132024,4.277257663,1289,-2.3871,0.20357,-2.5907,-2.9553,3.74,21993,https://www.goodreads.com/search?q=+The+Noiseof+Time,0
"2016_Barone,Tracy_HappyFamily_CT.txt",FIC,English,NYT,,2016,Barone,Tracy,Tracy,Barone,HappyFamily,,HachetteBookGroup,,,F,,137690,64,0.2588904694,15.69474524,4.13440648,3.557332593,5447,-2.2478,0.20408,-2.4518,-2.9897,3.45,996,https://www.goodreads.com/search?q=Tracy+Barone+Happy+Family,0
"2016_Barton,Fiona_TheWidow_MY.txt",FIC,English,MY,,2016,Barton,Fiona,Fiona,Barton,TheWidow,,,,,F,,114215,46,0.188396132,13.69648639,4.034140586,3.240087715,6291,-2.2096,0.32433,-2.5339,-3.0291,3.5,99790,https://www.goodreads.com/search?q=Fiona+Barton+The+Widow,1
"2016_Barwin,Gary_YiddishforPirates_PW.txt",FIC,English,PW,,2016,Barwin,Gary,Gary,Barwin,YiddishforPirates,,RandomHouseCanada,GovernerGeneral's,Shortlist,M,UK/Canada,117098,55,0.411219286,13.41175123,4.32025264,3.44533496,5481,-2.2912,0.16329,-2.4545,-2.9207,3.16,1083,https://www.goodreads.com/search?q=+Yiddishfor+Pirates,1
"2016_BAxter,Stephen_TheMedusaChronicles_SF.txt",FIC,English,SF,,2016,"Baxter,Reynolds","Stephen,Alastair","Stephen,Alastair","Baxter,Reynolds",TheMedusaChronicles,,SagaPress,,,M,,137227,59,0.3913322632,14.7603528,4.473496469,3.796215306,4274,-2.2388,0.21378,-2.4526,-2.9704,3.8,2138,https://www.goodreads.com/search?q=+The+Medusa+Chronicles,0
"2016_Beard,Mary_SPQRaHistoryofAncientRome_HIST.txt",NON,English,HIST,,2016,Beard,Mary,Mary,Beard,S.P.Q.R.:AHistoryofAncientRome,,Liveright,,,F,,201129,113,0.1362165343,30.8007657,4.68835667,5.42545978,1830,-2.3709,0.10726,-2.4782,-3.0933,4.03,49666,https://www.goodreads.com/search?q=+S.+P.+Q.+R.:+A+Historyof+Ancient+Rome,0
"2016_Beatty,Paul_TheSellout_PW.txt",FIC,English,PW,,2016,Beatty,Paul,Paul,Beatty,TheSellout,,PicadorPress,ManBooker,Winner,M,US,102427,34,0.2532608696,21.01928997,4.414207877,4.235214518,2738,-2.336,0.13518,-2.4712,-2.8839,3.75,64186,https://www.goodreads.com/search?q=Paul+Beatty+The+Sellout,1
"2016_Bedford,Kelly_ALightintheDark_SF.txt",FIC,English,SF,,2016,Bedford,Kellly,Kellly,Bedford,ALightintheDark,,BedfordPublishing,,,F,,113772,18,0.3997124371,20.94477172,3.990556296,3.873134965,7403,-2.3362,0.18405,-2.5203,-3.0198,4.47,17,https://www.goodreads.com/search?q=+A+Lightinthe+Dark,1
"2016_Behrens,Peter_CarryMe_CT.txt",FIC,English,NYT,,2016,Behrens,Peter,Peter,Behrens,CarryMe,,HouseofAnansiPress,,,M,,140959,70,0.1915261565,14.76628955,4.356514026,3.630447827,5280,-2.2048,0.19998,-2.4047,-2.956,3.74,590,https://www.goodreads.com/search?q=Peter+Behrens+Carry+Me,1
"2016_Bell,Anna_TheBucketListtoMendaBrokenHeart_ROM.txt",FIC,English,ROM,,2016,Bell,Anna,Anna,Bell,TheBucketListtoMendaBrokenHeart,,Zaffre,,,F,,132273,25,0.2224419179,15.83918094,3.8026992,3.22667981,6537,-2.471,0.13152,-2.6026,-3.0986,3.88,5087,https://www.goodreads.com/search?q=+The+Bucket+Listto+Menda+Broken+Heart,1
"2016_Bennett,Brit_TheMothers_BS.txt",FIC,English,BS,NYT,2016,Bennett,Brit,Brit,Bennett,TheMothers,,Riverhead,,,F,,95994,38,0.237458194,15.94055131,4.178596265,3.552525839,4346,-2.4227,0.13752,-2.5602,-3.0041,3.9,98390,https://www.goodreads.com/search?q=Brit+Bennett+The+Mothers,0
"2016_Berry,Flynn_UnderTheHarrow_CT.txt",FIC,English,NYT,,2016,Berry,Flynn,Flynn,Berry,UndertheHarrow,,PenguinGroupUSA,,,F,,71358,23,0.4058479532,12.96475291,3.95540954,3.109112624,3786,-2.3248,0.21147,-2.5362,-2.9761,3.4,14395,https://www.goodreads.com/search?q=+Underthe+Harrow,1
"2016_Berry,Steve_The14thColony_MY.txt",FIC,English,MY,,2016,Berry,Steve,Steve,Berry,The14thColony,,,,,M,,158589,53,0.1061046512,13.09462472,4.409086107,3.550028732,7970,-2.1826,0.28339,-2.466,-3.0375,4.06,11052,https://www.goodreads.com/search?q=+The14th+Colony,0
"2016_Betancourt,Ingrid_TheBlueLine_CT.txt",FIC,English,NYT,,2016,Betancourt,Ingrid,Ingrid,Betancourt,TheBlueLine,,PenguinBooks,,,F,,96269,40,0.353316779,13.43413341,4.227037444,3.447862907,5962,-2.175,0.2119,-2.3869,-2.8879,3.58,573,https://www.goodreads.com/search?q=Ingrid+Betancourt+The+Blue+Line,0
"2016_Beverly,Bill_Dodgers_CT.txt",FIC,English,NYT,,2016,Beverly,Bill,Bill,Beverly,Dodgers,,Crown,,,M,,107376,25,0.3714896215,10.81438211,4.078820777,2.839928679,7062,-2.3027,0.2032,-2.5059,-2.9791,3.87,5813,https://www.goodreads.com/search?q=Bill+Beverly+Dodgers,0
"2016_Black,Holly_TheBronzeKey_MG.txt",FIC,English,MID,,2016,Black,Holly,Holly,Black,TheBronzeKey,,,,,F,,87085,39,0.3104619565,13.23480243,4.198639837,3.332169121,5420,-2.318,0.23267,-2.5507,-2.9917,4.1,21726,https://www.goodreads.com/search?q=Holly+Black+The+Bronze+Key,0
"2016_Black,Lisa_ThatDarkness_MY.txt",FIC,English,MY,,2016,Black,Lisa,Lisa,Black,ThatDarkness(AGardinerandRennerNovel),,,,,F,,103011,28,0.2539520653,16.4291866,4.273786629,3.796471314,4070,-2.3398,0.19427,-2.5341,-3.0029,3.52,1930,https://www.goodreads.com/search?q=+That+Darkness(+A+Gardinerand+Renner+Novel),0
"2016_Bock,Charles_Alice&Oliver_CT.txt",FIC,English,NYT,,2016,Bock,Charles,Charles,Bock,Alice&Oliver,,RandomHouseCa,,,M,,149328,41,0.3342519685,16.84277013,4.398728851,3.861502809,7168,-2.2459,0.26094,-2.5069,-3.0366,3.22,1848,https://www.goodreads.com/search?q=Charles+Bock+Alice&+Oliver,1
"2016_Borbely,Szilard_TheDispossessed_CT.txt",FIC,English,NYT,,2016,Borbely,Szilard,Szilard,Borbely,TheDispossessed,,HarperCollins,,,M,,112075,34,0.20609319,11.17286412,4.042562316,2.936437969,4269,-2.1366,0.24388,-2.3805,-2.8682,4.22,104042,https://www.goodreads.com/search?q=+The+Dispossessed,1
"2016_Bouchet,Amanda_APromiseofFire_ROM.txt",FIC,English,ROM,,2016,Bouchet,Amanda,Amanda,Bouchet,APromiseofFire,,SourcebooksCasablanca,,,F,,148675,53,0.2190347621,11.13420205,4.045959588,2.890668055,10269,-2.3266,0.26315,-2.5898,-3.1097,4.04,29565,https://www.goodreads.com/search?q=+A+Promiseof+Fire,1
"2016_Boyle,TCoraghessan_TheTerrenauts_CT.txt",FIC,English,NYT,,2016,Boyle,T.Coraghessan,T.Coraghessan,Boyle,TheTerrenauts,,Ecco/HarperCollins,,,M,,233077,53,0.1047234307,23.56931945,4.053720198,4.054509543,8287,-2.3695,0.25623,-2.6257,-3.2421,3.33,5539,https://www.goodreads.com/search?q=+The+Terrenauts,1
"2016_Bracken,Alexandra_Passenger_CT.txt",FIC,English,NYT,,2016,Bracken,Alexandra,Alexandra,Bracken,Passenger,,DisneyHyperion,,,F,,164176,38,0.356080041,16.69133794,4.196456131,3.661022196,9847,-2.2833,0.28111,-2.5644,-3.1256,3.76,40266,https://www.goodreads.com/search?q=Alexandra+Bracken+Passenger,0
"2016_Breen,Susan_MaggieDovesDetectiveAgency_MY.txt",FIC,English,MY,,2016,Breen,Susan,Susan,Breen,MaggieDove'sDetectiveAgency,,,,,F,,89961,41,0.3842222932,12.67770575,4.138965387,3.249136371,4744,-2.3814,0.20075,-2.5821,-3.0203,3.87,225,https://www.goodreads.com/search?q=Susan+Breen+Maggie+Dove's+Detective+Agency,0
"2016_Bronfman,Charles_DistilledAMemoirofFamilySeagramBaseballandPhilanthropy_ME.txt",NON,English,MEM,,2016,Bronfman,Charles,Charles,Bronfman,"Distilled:AMemoirofFamily,Seagram,Baseball,andPhilanthropy",,,,,M,,116876,94,0.1693755346,21.07392715,4.326599459,4.237315343,2316,-2.285,0.11269,-2.3977,-2.8966,3.75,91,"https://www.goodreads.com/search?q=+Distilled:+A+Memoirof+Family,+Seagram,+Baseball,and+Philanthropy",1
"2016_Brooks,Kim_TheHouseguest_CT.txt",FIC,English,NYT,,2016,Brooks,Kim,Kim,Brooks,TheHouseguest,,Counterpoint,,,F,,133907,39,0.1851851852,14.10883995,4.166881478,3.430232738,6688,-2.2536,0.2775,-2.5311,-3.0463,3.26,325,https://www.goodreads.com/search?q=Kim+Brooks+The+Houseguest,0
"2016_Brooks,Rosa_HowEverythingBecameWarandtheMilitaryBecameEverything_HIST.txt",NON,English,HIST,,2016,Brooks,Rosa,Rosa,Brooks,HowEverythingBecameWarandtheMilitaryBecameEverything:TalesfromthePentagon,,Simon&Schuster,,,F,,142319,41,0.1202185792,29.36228595,4.943950444,5.564847888,1494,-2.0852,0.13613,-2.2214,-2.7559,3.94,1492,https://www.goodreads.com/search?q=+How+Everything+Became+Warandthe+Military+Became+Everything:+Talesfromthe+Pentagon,0.89
"2016_Broun,Bill_NightOfTheAnimals_CT.txt",FIC,English,NYT,,2016,Broun,Bill,Bill,Broun,NightoftheAnimals,,Ecco,,,M,,182971,80,0.1463802705,15.54553951,4.36918591,3.640897906,8162,-2.2958,0.19202,-2.4879,-3.0436,3.02,621,https://www.goodreads.com/search?q=+Nightofthe+Animals,0
"2016_Brown,Peter_TheWildRobot_MG.txt",FIC,English,MID,,2016,Brown,Peter,Peter,Brown,TheWildRobot,,,,,M,,42189,22,0.4166666667,12.82730313,4.228142504,3.227733389,2974,-2.1376,0.11639,-2.254,-2.6661,4.03,47880,https://www.goodreads.com/search?q=Peter+Brown+The+Wild+Robot,0
"2016_Brown,Pierce_MorningStar_SF.txt",FIC,English,SF,,2016,Brown,Pierce,Pierce,Brown,MorningStar,,DelRey,,,F,,212055,101,0.1345423143,11.41615074,4.137384958,3.028065406,11805,-2.2368,0.24659,-2.4833,-3.1099,4.48,148750,https://www.goodreads.com/search?q=Pierce+Brown+Morning+Star,1
"2016_Brown,Sandra_Sting_BS.txt",FIC,English,BS,,2016,Brown,Sandra,Sandra,Brown,Sting,,GrandCentralPublishing,,,F,,139727,25,0.2100115075,12.88875565,4.177835689,3.255348272,8654,-2.2731,0.27388,-2.547,-3.0655,3.96,24764,https://www.goodreads.com/search?q=Sandra+Brown+Sting,0
2016_BryantQuinnJane_HowToMakeYourMoneyLast.txt,NON,English,MIX,,2016,BryantQuinn,Jane,Jane,BryantQuinn,HowToMakeYourMoneyLast,,,,,F,,129525,6,0.3103448276,17.93478261,4.461911119,4.117134629,84,-2.2799,0.098244,-2.3781,-2.8732,4.15,929,https://www.goodreads.com/search?q=+How+To+Make+Your+Money+Last,1
"2016_Buck,Joe_LuckyBastard_ME.txt",NON,English,MEM,,2016,Buck,Joe,Joe,Buck,LuckyBastard,,,,,M,,91934,73,0.0611596505,14.43460512,3.937320666,3.264284917,2610,-2.3933,0.11663,-2.5099,-2.9466,4,1604,https://www.goodreads.com/search?q=Joe+Buck+Lucky+Bastard,1
"2016_Busquets,Milena_ThisTooShallPass_CT.txt",FIC,English,NYT,,2016,Busquets,Milena,Milena,Busquets,ThisTooShallPass,,RandomHouseCa,,,F,,46789,21,0.1428571429,19.66750736,4.084497241,3.90737771,1454,-2.4101,0.1868,-2.5969,-2.9555,3.18,6309,https://www.goodreads.com/search?q=Milena+Busquets+This+Too+Shall+Pass,1
"2016_Butler,RobertOlen_PerfumeRiver_CT.txt",FIC,English,NYT,,2016,Butler,RobertOlen,RobertOlen,Butler,PerfumeRiver,,AtlanticMonthlyPress,,,M,,86638,28,0.3420805998,13.53507264,4.107933984,3.326953683,4449,-2.1944,0.26273,-2.4572,-2.9361,3.6,1455,https://www.goodreads.com/search?q=+Perfume+River,0
"2016_Buxbaum,Julie_TellMeThreeThings_YA.txt",FIC,English,YA,,2016,Buxbaum,Julie,Julie,Buxbaum,TellMeThreeTHings,,,,,F,,95983,25,0.1611267606,12.43464179,3.882922184,2.929765401,2769,-2.4531,0.16447,-2.6176,-3.0451,4.06,66507,https://www.goodreads.com/search?q=+Tell+Me+Three+T+Hings,1
"2016_Caldwell,Anderson_TheTowerofLondon_HIST.txt",NON,English,HIST,,2016,Caldwell,Anderson,Anderson,Caldwell,TheTowerofLondon,,NewWordCity,,,M,,56379,104,0.0673379484,26.96269727,4.626241033,4.945668651,2225,-2.3259,0.11355,-2.4395,-2.831,3.58,9507,https://www.goodreads.com/search?q=+The+Towerof+London,0
"2016_Canin,Ethan_ADoubtersAlmanac_CT.txt",FIC,English,NYT,,2016,Canin,Ethan,Ethan,Canin,ADoubter'sAlmanac,,RandomHouseCa,,,M,,202588,44,0.1753770607,12.99890921,4.1398619,3.212480787,10936,-2.2771,0.22821,-2.5054,-3.1336,3.69,4376,https://www.goodreads.com/search?q=Ethan+Canin+A+Doubter's+Almanac,1
"2016_Cannon,Joanna_TheTroubleWithGoatsAndSheep_CT.txt",FIC,English,NYT,,2016,Cannon,Joanna,Joanna,Cannon,TheTroubleWithGoatsandSheep,,Scribner,,,F,,121717,44,0.1300627496,14.09414081,4.081518351,3.273726421,7883,-2.2246,0.29065,-2.5152,-3.0063,3.65,25028,https://www.goodreads.com/search?q=+The+Trouble+With+Goatsand+Sheep,1
"2016_Cantor,Rachel_GoodOnPaper_CT.txt",FIC,English,NYT,,2016,Cantor,Rachel,Rachel,Cantor,GoodonPaper,,MelvilleHouse,,,F,,95514,46,0.2761254019,12.34988363,4.104298838,3.13098898,4923,-2.249,0.26095,-2.5099,-2.9708,2.99,679,https://www.goodreads.com/search?q=+Goodon+Paper,1
"2016_Cardenas,MauroJavier_TheRevolutionariesTryAgain_CT.txt",FIC,English,NYT,,2016,Cardenas,MauroJavier,MauroJavier,Cardenas,TheRevolutionariesTryAgain,,CoffeehousePress,,,M,,108544,77,0.1196139262,30.61026509,4.397322116,4.907570993,2974,-1.9384,0.28254,-2.2209,-2.8058,3.51,190,https://www.goodreads.com/search?q=+The+Revolutionaries+Try+Again,1
"2016_Carr,Caleb_SurrenderNewYork_CT.txt",FIC,English,NYT,,2016,Carr,Caleb,Caleb,Carr,"Surrender,NewYork",,RandomHouse,,,M,,315880,64,0.2422730423,22.81710488,4.200070632,4.137956523,14602,-2.3191,0.2854,-2.6045,-3.3296,3.23,4583,"https://www.goodreads.com/search?q=Caleb+Carr+Surrender,+New+York",1
"2016_Carr,Matthew_TheDevilsOfCardona_CT.txt",FIC,English,NYT,,2016,Carr,Matthew,Matthew,Carr,TheDevilsofCardona,,PenguinGroupUSA,,,M,,151073,76,0.2147941027,18.62339744,4.408002689,4.160839478,8039,-2.1862,0.28473,-2.4709,-3.0699,3.7,716,https://www.goodreads.com/search?q=+The+Devilsof+Cardona,0
"2016_Carre,JohnLe_ThePigeonTunnel_ME.txt",NON,English,MEM,,2016,Carre,JohnLe,JohnLe,Carre,ThePigeonTunnel,,,,,M,,116842,99,0.1119760479,20.4447944,4.341087718,4.248146725,3170,-2.2805,0.15876,-2.4393,-2.913,4.07,5268,https://www.goodreads.com/search?q=+The+Pigeon+Tunnel,1
"2016_Castle,Jack_WhiteDeath_MY.txt",FIC,English,MY,,2016,Castle,Jack,Jack,Castle,WhiteDeath,,,,,M,,75250,32,0.2653965441,15.41376485,4.329741038,3.70280348,5253,-2.2691,0.1242,-2.3933,-2.8247,3.96,128,https://www.goodreads.com/search?q=Jack+Castle+White+Death,0
"2016_Cavallaro,Brittany_AStudyinCharlotte_YA.txt",FIC,English,YA,,2016,Cavallaro,Brittany,Brittany,Cavallaro,AstudyInCharlotte,,,,,F,,105583,35,0.2120359955,13.68364438,4.030781731,3.184362593,5657,-2.3927,0.23201,-2.6248,-3.0734,3.77,53236,https://www.goodreads.com/search?q=+Astudy+In+Charlotte,1
"2016_Chabon,Michael_Moonglow_BS.txt",FIC,English,BS,NYT,2016,Chabon,Michael,Michael,Chabon,Moonglow,,HarperCollins,,,M,,167202,55,0.0844854071,16.82959235,4.302272615,3.837058824,7690,-2.1983,0.2299,-2.4282,-2.9962,3.81,31593,https://www.goodreads.com/search?q=Michael+Chabon+Moonglow,1
"2016_Chang,Jade_TheWangsVsTheWorld_CT.txt",FIC,English,NYT,,2016,Chang,Jade,Jade,Chang,TheWangsvs.TheWorld,,HoutonMifflinHarcourt,,,F,,147530,42,0.1713554987,14.83309873,4.199242036,3.494468162,5803,-2.1819,0.26481,-2.4467,-2.998,3.28,15828,https://www.goodreads.com/search?q=+The+Wangsvs.+The+World,0
"2016_Chee,Alexander_TheQueenOfTheNight_CT.txt",FIC,English,NYT,,2016,Chee,Alexander,Alexander,Chee,TheQueenoftheNight,,MarinerBooks,,,M,,215109,64,0.1199731903,17.49138071,3.975244435,3.680704719,11665,-2.2702,0.27302,-2.5432,-3.2273,3.44,11097,https://www.goodreads.com/search?q=+The+Queenofthe+Night,1
"2016_Child,Lee_NightSchoolAJackReacherNovel_BS.txt",FIC,English,BS,,2016,Child,Lee,Lee,Child,NightSchool:AJackReacherNovel,,Delacorte,,,M,,130735,38,0.3087222647,10.61246854,4.209650186,3.011296533,5174,-2.2264,0.26398,-2.4904,-2.9954,3.83,18,https://www.goodreads.com/search?q=Lee+Child+Night+School:+A+Jack+Reacher+Novel,0
"2016_Cirthron,Kia_TheCastleCrossTheMagnetCarter_CT.txt",FIC,English,NYT,,2016,Cirthron,Kia,Kia,Cirthron,TheCastleCrosstheMagnetCarter,,SevenStoriesPress,,,F,,349588,210,0.0828840258,12.82609334,4.105713429,3.218147523,16384,-2.2166,0.20657,-2.4232,-3.2272,4.48,404,https://www.goodreads.com/search?q=+The+Castle+Crossthe+Magnet+Carter,1
"2016_Clark,MaryHiggins_TheSleepingBeautyKiller_BS.txt",FIC,English,BS,,2016,Clark,MaryHiggins,MaryHiggins,Clark,TheSleepingBeautyKiller,,Simon&Schuster,,,F,,98213,43,0.1676807009,14.04246497,4.228305198,3.49331434,4089,-2.4208,0.16188,-2.5826,-3.0388,3.97,12134,https://www.goodreads.com/search?q=+The+Sleeping+Beauty+Killer,0
"2016_Cline,Emma_TheGirls_BS.txt",FIC,English,BS,NYT,2016,Cline,Emma,Emma,Cline,TheGirls,,RandomHouse,,,F,,93816,34,0.2116609505,14.70700737,4.213965087,3.504500391,6178,-2.4801,0.1306,-2.6107,-3.0552,3.49,185136,https://www.goodreads.com/search?q=Emma+Cline+The+Girls,1
"2016_Coben,Harlan_Home_BS.txt",FIC,English,BS,,2016,Coben,Harlan,Harlan,Coben,Home,,,,,M,,114553,54,0.2999088423,10.32381038,4.067578971,2.786452612,5706,-2.2026,0.211,-2.4136,-2.9004,4.18,48712,https://www.goodreads.com/search?q=Harlan+Coben+Home,0
"2016_Cole,Bob_NowImCatchingOn_ME.txt",NON,English,MEM,,2016,Cole,Bob,Bob,Cole,NowI'mCatchingOn,,,,,M,,81073,71,0.0962389381,15.03858282,3.890732152,3.284770134,2953,-2.3545,0.13712,-2.4916,-2.9009,3.77,107,https://www.goodreads.com/search?q=Bob+Cole+Now+I'm+Catching+On,1
"2016_Colfer,Chris_AnAuthorsOdyssey_MG.txt",FIC,English,MID,,2016,Colfer,Chris,Chris,Colfer,AnAuthorsOdyssey,,,,,M,,121423,88,0.121984838,14.33227101,4.321908166,3.52329642,7526,-2.2315,0.13943,-2.371,-2.8577,4.46,30997,https://www.goodreads.com/search?q=Chris+Colfer+An+Authors+Odyssey,0
"2016_Collins,Phil_NotDeadYet_ME.txt",NON,English,MEM,,2016,Collins,Phil,Phil,Collins,NotDeadYet,,,,,M,,152133,122,0.1049358725,18.3160366,4.132644686,3.784352956,3064,-2.3776,0.16022,-2.5378,-3.0465,4.05,6262,https://www.goodreads.com/search?q=Phil+Collins+Not+Dead+Yet,1
"2016_Condie,Ally_Summerlost_CT.txt",FIC,English,NYT,,2016,Condie,Ally,Ally,Condie,Summerlost,,Dutton,,,F,,57450,24,0.3395445135,11.51995187,3.82787644,2.78780684,2988,-2.307,0.21169,-2.5187,-2.9306,3.87,6959,https://www.goodreads.com/search?q=Ally+Condie+Summerlost,1
"2016_Connelly,Michael_TheWrongSideOfGoodbye_BS.txt",FIC,English,BS,,2016,Connelly,Michael,Michael,Connelly,TheWrongSideofGoodbye,,,,,M,,129663,55,0.3555170708,14.21743421,4.17353927,3.493359526,6842,-2.1594,0.28954,-2.449,-2.9706,4.33,64630,https://www.goodreads.com/search?q=+The+Wrong+Sideof+Goodbye,0
"2016_Connor,Leslie_AllRisefortheHonorablePerryTCook_MG.txt",FIC,English,MID,,2016,Connor,Leslie,Leslie,Connor,AllRisefortheHonorablePerryTCook,,,,,F,,103672,38,0.2710349963,10.56260825,3.825252694,2.647667979,6301,-2.4078,0.14933,-2.5572,-3.0286,4.31,6589,https://www.goodreads.com/search?q=+All+Riseforthe+Honorable+Perry+T+Cook,1
"2016_Corbett,Marie_JanuaryAWomanJudgesSeasonofDisilllusion_ME.txt",NON,English,MEM,,2016,Corbett,Marie,Marie,Corbett,January:AWomanJudge'sSeasonofDisillusion,,,,,F,,96119,55,0.3814910026,15.59866926,4.238363223,3.641312846,4608,-2.142,0.27256,-2.4145,-2.8884,3.52,21,https://www.goodreads.com/search?q=+January:+A+Woman+Judge's+Seasonof+Disillusion,1
"2016_Cranston,Bryan_ALifeinParts_ME.txt",NON,English,MEM,,2016,Cranston,Bryan,Bryan,Cranston,ALifeinParts,,,,,M,,102755,62,0.0948356808,12.67641253,4.077718609,3.240975074,3923,-2.2248,0.18518,-2.41,-2.8576,4.19,16140,https://www.goodreads.com/search?q=+A+Lifein+Parts,1
"2016_Croft,Kathryn_WhileYouWereSleeping_MY.txt",FIC,English,MY,,2016,Croft,Kathryn,Kathryn,Croft,WhileYouWereSleeping,,,,,F,,119470,23,0.1957259159,13.42359551,3.756905067,2.984648864,5276,-2.5774,0.16492,-2.7423,-3.2285,3.83,10638,https://www.goodreads.com/search?q=Kathryn+Croft+While+You+Were+Sleeping,1
"2016_Cronin,Justin_TheCityofMirrors_SF.txt",FIC,English,SF,,2016,Cronin,Justin,Justin,Cronin,TheCityofMirrors,,Doubleday,,,M,,299192,89,0.1158603413,12.82269747,4.168846122,3.260120095,16700,-2.1987,0.28171,-2.4804,-3.2451,4.2,50425,https://www.goodreads.com/search?q=+The+Cityof+Mirrors,1
"2016_Crouch,Blake_DarkMatter_BS.txt",FIC,English,BS,NYT,2016,Crouch,Blake,Blake,Crouch,DarkMatter,,,,,M,,111327,17,0.2900696864,12.5566208,4.055046875,3.103990902,6263,-2.2475,0.2573,-2.5048,-3.0019,4.12,338832,https://www.goodreads.com/search?q=Blake+Crouch+Dark+Matter,1
"2016_Cussler,Clive_OdessaSea_BS.txt",FIC,English,BS,,2016,Cussler,Clive,Clive,Cussler,OdessaSea,,Putnam,,,M,,129592,60,0.3011593421,14.25184208,4.44036018,3.693367704,10146,-2.1292,0.23863,-2.3679,-2.8842,4.01,6803,https://www.goodreads.com/search?q=Clive+Cussler+Odessa+Sea,0
"2016_Dallek,Matthew_DefenselessUndertheNight_HIST.txt",NON,English,HIST,,2016,Dallek,Matthew,Matthew,Dallek,DefenselessUndertheNight:TheRooseveltYearsandtheOriginsofHomelandSecurity,,OxfordUniversityPress,,,M,,129857,53,0.1622559653,31.0960249,4.900603402,5.556565255,2010,-2.3413,0.168,-2.5093,-3.0194,3.8,20,https://www.goodreads.com/search?q=+Defenseless+Underthe+Night:+The+Roosevelt+Yearsandthe+Originsof+Homeland+Security,0
"2016_Danler,Stephanie_Sweetbitter_BS.txt",FIC,English,BS,NYT,2016,Danler,Stephanie,Stephanie,Danler,Sweetbitter,,Knopf,,,F,,122063,35,0.1925972396,12.43383926,4.048501114,3.081397538,6806,-2.2877,0.27177,-2.5595,-3.0627,3.31,63409,https://www.goodreads.com/search?q=Stephanie+Danler+Sweetbitter,1
2016_DavidsonLiz_WhatYourFinancialAdvisorIsntTellingYou.txt,NON,English,MIX,,2016,Davidson,Liz,Liz,Davidson,WhatYourFinancialAdvisorIsntTellingYou,,,,,F,,81580,19,0.0805687204,27.29340917,4.5537224,4.965150574,224,-2.1622,0.13767,-2.2998,-2.7593,3.69,222,https://www.goodreads.com/search?q=Liz+Davidson+What+Your+Financial+Advisor+Isnt+Telling+You,1
"2016_Davies,PeterHo_TheFortunes_CT.txt",FIC,English,NYT,,2016,Davies,PeterHo,PeterHo,Davies,TheFortunes,,HoutonMifflinHarcourt,,,M,,116994,60,0.1935483871,17.25575221,4.221339527,3.742982873,5785,-2.2692,0.14524,-2.4144,-2.9361,3.78,34896,https://www.goodreads.com/search?q=+The+Fortunes,0
"2016_Deaver,Jeffery_TheSteelKiss_MY.txt",FIC,English,MY,,2016,Deaver,Jeffery,Jeffery,Deaver,TheSteelKiss,,,,,M,,175092,88,0.1800567108,11.25269923,4.271351869,3.114082665,7802,-2.1861,0.29133,-2.4774,-3.0383,4.04,12846,https://www.goodreads.com/search?q=Jeffery+Deaver+The+Steel+Kiss,0.97
"2016_Delaney,Douglas_CapturingHill70_HIST.txt",NON,English,HIST,,2016,"Delaney,etal",Douglas,Douglas,"Delaney,etal",CapturingHill70:Canada'sForgottenBattleoftheFirstWorldWar,,UBCPress,,,M,,131140,63,0.2070930969,24.86537732,4.829885512,4.724485027,1260,-1.772,0.44006,-2.212,-2.7877,4.25,20,https://www.goodreads.com/search?q=+Capturing+Hill70:+Canada's+Forgotten+Battleofthe+First+World+War,0
"2016_DeLillo,Don_ZeroK_CT.txt",FIC,English,NYT,,2016,DeLillo,Don,Don,DeLillo,ZeroK,,Simon&Schuster,,,M,,78975,10,0.3362318841,15.07444169,4.257365998,3.666764562,3187,-2.2243,0.24762,-2.4719,-2.93,3.2,10543,https://www.goodreads.com/search?q=Don+DeLillo+Zero+K,1
"2016_Dellaire,Romeo_WaitingfortheFirstLight_ME.txt",NON,English,MEM,,2016,Dallaire,Romeo,Romeo,Dallaire,WaitingfortheFirstLight,,,,,M,,65042,12,0.1555555556,22.36657497,4.388742813,4.470479468,1613,-2.2374,0.22945,-2.4669,-2.8845,4.37,760,https://www.goodreads.com/search?q=+Waitingforthe+First+Light,1
"2016_DeLonge,Tom_ChasingShadows_SF.txt",FIC,English,SF,,2016,"DeLonge,Hartley","Tom,AJ","Tom,AJ","DeLonge,Hartley",ChasingShadows,,ToTheStars������__������,,,M,,188798,83,0.1404631322,15.90547599,4.272425931,3.649919994,11276,-2.1905,0.29089,-2.4813,-3.0706,3.96,10218,https://www.goodreads.com/search?q=+Chasing+Shadows,1
"2016_Dermansky,Marcy_TheRedCar_CT.txt",FIC,English,NYT,,2016,Dermansky,Marcy,Marcy,Dermansky,TheRedCar,,Liveright,,,F,,62776,12,0.3284433578,10.77144818,3.868951534,2.777475122,3534,-2.4065,0.13837,-2.5449,-2.9321,3.38,2498,https://www.goodreads.com/search?q=Marcy+Dermansky+The+Red+Car,1
"2016_DiCamillo,Kate_RaymieNightingale_MG.txt",FIC,English,MID,,2016,DiCamillo,Kate,Kate,DiCamillo,RaymieNightingale,,,,,F,,45472,24,0.3301526718,11.26102031,4.209905398,3.000237849,3218,-2.3358,0.11247,-2.4483,-2.8123,3.94,19123,https://www.goodreads.com/search?q=Kate+DiCamillo+Raymie+Nightingale,0
"2016_DiSclafani,Anton_TheAfterParty_CT.txt",FIC,English,NYT,,2016,DiSclafani,Anton,Anton,DiSclafani,TheAfterParty,,PenguinGroupUSA,,,F,,126010,49,0.3584082856,13.40531915,3.970058897,3.137887821,6746,-2.3699,0.17368,-2.5436,-3.0625,3.3,8795,https://www.goodreads.com/search?q=Anton+DiSclafani+The+After+Party,1
"2016_Dolamore,Jaclyn_TheSorcerersConcubine_MY.txt",FIC,English,MY,,2016,Dolamore,Jaclyn,Jaclyn,Dolamore,TheSorcerer'sConcubine,,,,,F,,79297,23,0.3073089701,13.81480836,4.081389836,3.307744544,3864,-2.2838,0.2247,-2.5085,-2.9469,3.53,871,https://www.goodreads.com/search?q=Jaclyn+Dolamore+The+Sorcerer's+Concubine,0
"2016_Domet,Sarah_TheGuineveres_CT.txt",FIC,English,NYT,,2016,Domet,Sarah,Sarah,Domet,TheGuineveres,,FlatironBooks,,,F,,148115,50,0.1498549791,15.945204,4.143463292,3.552454808,7972,-2.2777,0.24656,-2.5243,-3.0432,3.3,3325,https://www.goodreads.com/search?q=Sarah+Domet+The+Guineveres,1
"2016_Donlon,Denise_FearlessasPossible_ME.txt",NON,English,MEM,,2016,Donlon,Denise,Denise,Donlon,FearlessasPossible,,,,,F,,228884,198,0.0396999062,20.35972247,4.438361341,4.26621132,5320,-2.2799,0.1489,-2.4288,-3.0306,4.12,52,https://www.goodreads.com/search?q=+Fearlessas+Possible,1
"2016_Donoghue,Emma_TheWonder_PW.txt",FIC,English,PW,NYT,2016,Donoghue,Emma,Emma,Donoghue,TheWonder,,HarperCollins,ScotiabankGillerPrize,Shortlist,F,CanadaIreland,105134,35,0.4126174497,13.53075933,4.205948445,3.288192281,5570,-2.4951,0.17995,-2.675,-3.1165,3.62,73787,https://www.goodreads.com/search?q=Emma+Donoghue+The+Wonder,0
"2016_Dorfman,Andi_ItsNotOkayTurningHeartbreakintoHappilyNeverAfter_ME.txt",NON,English,MEM,,2016,Dorfman,Andi,Andi,Dorfman,It'sNotOkay:TurningHeartbreakintoHappilyNeverAfter,,,,,F,,106908,12,0.2244897959,19.06688068,4.007789753,3.767256649,2965,-2.3003,0.19841,-2.4987,-2.9726,3,9635,https://www.goodreads.com/search?q=+It's+Not+Okay:+Turning+Heartbreakinto+Happily+Never+After,1
"2016_Doughty,Louise_BlackWater_CT.txt",FIC,English,NYT,,2016,Doughty,Louise,Louise,Doughty,BlackWater,,"Farrar,Straus,andGiroux",,,F,,122217,34,0.3191176471,19.83398247,4.166418452,3.978136082,6342,-2.3459,0.17736,-2.5233,-3.0222,3.39,1485,https://www.goodreads.com/search?q=Louise+Doughty+Black+Water,0
"2016_Dryer,David_TheMidnightWatchOfTheTitanicAndTheCalifornian_CT.txt",FIC,English,NYT,,2016,Dyer,David,David,Dyer,TheMidnightWatchoftheTitanicandtheCalifornian,,MacmillanCA,,,M,,110625,61,0.1622198506,16.44247919,4.20588299,3.645320739,6564,-2.296,0.2051,-2.5011,-2.9707,3.81,3877,https://www.goodreads.com/search?q=+The+Midnight+Watchofthe+Titanicandthe+Californian,1
"2016_DuBois,ThomasDavid_EmpireandtheMeaningofReligioninNortheastAsia_HIST.txt",NON,English,HIST,,2016,DuBois,ThomasDavid,ThomasDavid,DuBois,EmpireandtheMeaningofReligioninNortheastAsia:Manchuria1900-1945,,CambridgeUniveristyPress,,,M,,102923,65,0.074906367,30.85221823,5.156710357,5.723282959,528,-1.9187,0.27099,-2.1897,-2.7069,0,0,https://www.goodreads.com/search?q=+Empireandthe+Meaningof+Religionin+Northeast+Asia:+Manchuria1900-1945,0
"2016_Duchovny,David_BuckyF*ckingDent_CT.txt",FIC,English,NYT,,2016,Duchovny,David,David,Duchovny,BuckyF*ckingDent,,"Farrar,Straus,andGiroux",,,M,,86613,39,0.4503816794,12.75408629,4.097150389,3.195748694,3525,-2.2494,0.17741,-2.4268,-2.8572,3.84,2775,https://www.goodreads.com/search?q=David+Duchovny+Bucky+F*cking+Dent,0
"2016_Dugoni,Robert_IntheClearing_MY.txt",FIC,English,MY,,2016,Dugoni,Robert,Robert,Dugoni,IntheClearing,,,,,M,,122409,61,0.2111187687,14.11542897,4.236811278,3.448287649,6407,-2.1752,0.22398,-2.3992,-2.8949,4.26,48043,https://www.goodreads.com/search?q=+Inthe+Clearing,0
"2016_Dunmore,Helen_Exposure_CT.txt",FIC,English,NYT,,2016,Dunmore,Helen,Helen,Dunmore,Exposure,,AtlanticMontlyPress,,,F,,119321,48,0.23349956,12.64663487,4.032480066,3.134162272,4425,-2.2783,0.20062,-2.4789,-3.0054,3.91,5317,https://www.goodreads.com/search?q=Helen+Dunmore+Exposure,0
"2016_Dunnett,Gregg_TheWaveatHangingRock_MY.txt",FIC,English,MY,,2016,Dunnett,Gregg,Gregg,Dunnett,TheWaveatHangingRock,,,,,M,,121164,22,0.2485497546,13.7921457,3.959489467,3.239093606,6666,-2.2732,0.21177,-2.4849,-3.0072,3.84,4369,https://www.goodreads.com/search?q=+The+Waveat+Hanging+Rock,1
"2016_Durano,Liz_EverythingSheEverWanted_ROM.txt",FIC,English,ROM,,2016,Durano,Liz,Liz,Durano,EverythingSheEverWanted,,VelvetMadrid,,,F,,102995,42,0.2051419389,17.34506568,3.886050432,3.463367563,4115,-2.3563,0.22515,-2.5814,-3.0358,3.96,1109,https://www.goodreads.com/search?q=Liz+Durano+Everything+She+Ever+Wanted,1
"2016_Eager,Lindsay_HouroftheBees_MG.txt",FIC,English,MID,,2016,Eager,Lindsay,Lindsay,Eager,HouroftheBees,,,,,F,,84390,26,0.2039028276,12.08333333,3.978043524,2.93166463,4686,-2.1971,0.27159,-2.4687,-2.8789,4.19,5736,https://www.goodreads.com/search?q=+Hourofthe+Bees,1
"2016_Eisen,Max_ByChanceAlone_ME.txt",NON,English,MEM,,2016,Eisen,Max,Max,Eisen,ByChanceAlone,,,,,M,,70677,20,0.1255060729,20.89798936,4.288962427,4.279771259,3058,-2.2964,0.13032,-2.4267,-2.8154,4.56,4198,https://www.goodreads.com/search?q=Max+Eisen+By+Chance+Alone,1
"2016_Eliott,Kendra_KnownABoneSecretsNovel_ROM.txt",FIC,English,ROM,,2016,Eliott,Kendra,Kendra,Eliott,Known(ABoneSecretsNovel),,MontlakeRomance,,,F,,110348,30,0.2515625,11.97742321,4.134338061,3.157024316,6984,-2.3083,0.18276,-2.4911,-2.9963,4.38,13766,https://www.goodreads.com/search?q=+Known(+A+Bone+Secrets+Novel),0
"2016_ElRashisi,Yasmine_ChronicleOfLastSummer_CT.txt",FIC,English,NYT,,2016,ElRashisi,Yasmine,Yasmine,ElRashisi,ChronicleofaLastSummer,,RandomHouseCa,,,F,,49963,18,0.3775055679,11.06600221,4.094114937,3.118077764,2868,-2.3619,0.084068,-2.4459,-2.8473,3.2,902,https://www.goodreads.com/search?q=+Chronicleofa+Last+Summer,1
"2016_Enrigue,Alvaro_SuddenDeath_CT.txt",FIC,English,NYT,,2016,Enrigue,Alvaro,Alvaro,Enrigue,SuddenDeath,,PenguinGroupUSA,,,M,,70741,50,0.0909090909,25.2106201,4.393339807,4.63791672,2728,-2.3003,0.19991,-2.5002,-2.9213,3.74,2600,https://www.goodreads.com/search?q=Alvaro+Enrigue+Sudden+Death,0
"2016_Ephron,Delia_Siracusa_CT.txt",FIC,English,NYT,,2016,Ephron,Delia,Delia,Ephron,Siracusa,,PenguinGroupUSA,,,F,,85878,32,0.2135316699,11.94575045,4.130828254,3.115601741,4163,-2.3483,0.18393,-2.5322,-2.949,3.39,11728,https://www.goodreads.com/search?q=Delia+Ephron+Siracusa,1
"2016_Erdrich,Louise_LaRose_CT.txt",FIC,English,NYT,,2016,Erdrich,Louise,Louise,Erdrich,LaRose,,HarperCollins,,,F,,143522,59,0.1177721088,12.28468715,4.260620193,3.288554124,8876,-2.235,0.19475,-2.4297,-2.951,4.19,985882,https://www.goodreads.com/search?q=+La+Rose,0.98
"2016_Eteraz,Ali_NativeBeliever_CT.txt",FIC,English,NYT,,2016,Eteraz,Ali,Ali,Eteraz,NativeBeliever,,AkashicBooks,,,M,,106519,40,0.2807505212,15.13483944,4.281778478,3.734539679,4708,-2.3447,0.17897,-2.5237,-2.996,3.36,153,https://www.goodreads.com/search?q=Ali+Eteraz+Native+Believer,1
"2016_Evanovich,Janet_TurboTwentyThree_BS.txt",FIC,English,BS,MY,2016,Evanovich,Janet,Janet,Evanovich,TurboTwentyThree,,Bantam,,,F,,86055,52,0.1974050046,11.59302169,3.914985841,2.900459458,4392,-2.3114,0.17304,-2.4844,-2.9349,3.85,46677,https://www.goodreads.com/search?q=Janet+Evanovich+Turbo+Twenty+Three,1
"2016_Evans,RichardPaul_TheMistletoeSecret_BS.txt",FIC,English,BS,,2016,Evans,RichardPaul,RichardPaul,Evans,TheMistletoeSecret,,Simon&Schuster,,,M,,69460,26,0.1943262411,11.19600258,3.952183817,2.850102185,3471,-2.2263,0.18384,-2.4102,-2.8366,3.9,6138,https://www.goodreads.com/search?q=+The+Mistletoe+Secret,1
"2016_Fagan,Jenni_TheSunlightPilgrims_CT.txt",FIC,English,NYT,,2016,Fagan,Jenni,Jenni,Fagan,TheSunlightPilgrims,,Hogarth,,,F,,93506,17,0.3148148148,15.42239815,4.043555206,3.492218429,3919,-2.3324,0.19348,-2.5259,-2.9699,3.59,2457,https://www.goodreads.com/search?q=Jenni+Fagan+The+Sunlight+Pilgrims,0
"2016_Fellowes,Julian_Belgravia_BS.txt",FIC,English,BS,NYT,2016,Fellowes,Julian,Julian,Fellowes,Belgravia,,GrandCentralPublishing,,,M,,165052,60,0.1164480323,14.61801435,4.182570844,3.517612214,7305,-2.432,0.18957,-2.6215,-3.1991,3.76,27357,https://www.goodreads.com/search?q=Julian+Fellowes+Belgravia,0
"2016_Fielding,Helen_BridgeJonessBabyTheDiaries_CT.txt",FIC,English,NYT,,2016,Fielding,Helen,Helen,Fielding,BridgetJones'sBaby:TheDiaries,,AlfredAKnopf,,,F,,45372,30,0.1998215879,12.48541552,4.160887223,3.057878677,2084,-2.36,0.12979,-2.4898,-2.8506,3.61,11764,https://www.goodreads.com/search?q=Helen+Fielding+Bridget+Jones's+Baby:+The+Diaries,1
"2016_Finn,Melanie_TheGloaming_CT.txt",FIC,English,NYT,,2016,Finn,Melanie,Melanie,Finn,TheGloaming,,TwoDollarRadio,,,F,,98301,50,0.145200486,11.55938382,4.082502552,3.036541402,5162,-2.3234,0.19209,-2.5155,-2.9485,3.82,1350,https://www.goodreads.com/search?q=Melanie+Finn+The+Gloaming,1
"2016_Fisher,Carrie_ThePrincessDiarist_ME.txt",NON,English,MEM,,2016,Fisher,Carrie,Carrie,Fisher,ThePrincessDiarist,,,,,F,,54369,20,0.3104395604,17.58945325,4.114418923,3.772268554,1023,-2.2817,0.19161,-2.4733,-2.8477,3.69,76857,https://www.goodreads.com/search?q=Carrie+Fisher+The+Princess+Diarist,1
"2016_Fishman,Boris_DontLetMyBabyDoRodeo_CT.txt",FIC,English,NYT,,2016,Fishman,Boris,Boris,Fishman,Don'tLetMyBabyDoRodeo,,HarperCollins,,,M,,134626,43,0.3096068853,14.58727923,4.223326449,3.504346691,7774,-2.211,0.28719,-2.4982,-3.0134,2.92,659,https://www.goodreads.com/search?q=Boris+Fishman+Don't+Let+My+Baby+Do+Rodeo,0
"2016_Flagg,Fannie_TheWholeTownsTalking_BS.txt",FIC,English,BS,,2016,Flagg,Fannie,Fannie,Flagg,TheWholeTown'sTalking,,RandomHouse,,,F,,115666,89,0.0869033048,15.97155482,4.062494139,3.446732476,4366,-2.2343,0.27883,-2.5131,-2.9951,3.65,19400,https://www.goodreads.com/search?q=Fannie+Flagg+The+Whole+Town's+Talking,0
2016_Flanery_Patrick_IAmNoOne_CT.txt,FIC,English,NYT,,2016,Flanery,Patrick,Patrick,Flanery,IAmNoOne,,RandomHouseCa,,,M,,128279,28,0.1452031115,27.92316064,4.256668394,4.665732995,3579,-2.3288,0.21958,-2.5484,-3.0675,2.86,1295,https://www.goodreads.com/search?q=Patrick+Flanery+I+Am+No+One,1
"2016_Fluke,Joanne_ChristmasCaramelMurder_BS.txt",FIC,English,BS,,2016,Fluke,Joanne,Joanne,Fluke,ChristmasCaramelMurder,,Kensington,,,F,,53285,33,0.267268623,13.38482793,4.090520883,3.235917846,2104,-1.9451,0.42354,-2.3687,-2.7669,3.52,8268,https://www.goodreads.com/search?q=Joanne+Fluke+Christmas+Caramel+Murder,0
"2016_Foer,JonathanSafran_HereIAm_BS.txt",FIC,English,BS,NYT,2016,Foer,JonathanSafran,JonathanSafran,Foer,HereIAm,,"Farrar,Straus&Giroux",,,M,,219531,46,0.2554130755,14.22201348,4.191573297,3.375312229,6764,-2.1123,0.31017,-2.4225,-3.0424,3.95,254155,https://www.goodreads.com/search?q=+Here+I+Am,1
"2016_Fox,Richard_TheXarosReckoning_SF.txt",FIC,English,SF,,2016,Fox,Richard,Richard,Fox,TheXarosReckoning,,TriplanePress,,,M,,72308,54,0.1612903226,13.6404452,4.302541488,3.504076088,4766,-2.189,0.24056,-2.4295,-2.8816,4.44,1221,https://www.goodreads.com/search?q=Richard+Fox+The+Xaros+Reckoning,0
"2016_Frankopan,Peter_TheSilkRoads_HIST.txt",NON,English,HIST,,2016,Frankopan,Peter,Peter,Frankopan,TheSilkRoads:ANewHistoryoftheWorld,,Knopf,,,M,,235903,105,0.0437430786,36.24258719,4.863113571,5.767512237,3129,-2.3905,0.094581,-2.4851,-3.1035,4.15,30275,https://www.goodreads.com/search?q=+The+Silk+Roads:+A+New+Historyofthe+World,0
"2016_French,Tana_TheTrespasser_BS.txt",FIC,English,BS,,2016,French,Tana,Tana,French,TheTrespasser:ANovel,,Viking,,,F,,230651,50,0.1898272553,14.72773131,3.91723128,3.193688151,9606,-2.4264,0.18788,-2.6143,-3.2546,3.85,401,https://www.goodreads.com/search?q=+The+Trespasser:+A+Novel,1
"2016_Furst,Alan_AHeroOfFrance_CT.txt",FIC,English,NYT,,2016,Furst,Alan,Alan,Furst,AHeroofFrance,,RandomHouse,,,M,,94919,53,0.3338054769,19.50256832,4.212006919,3.88331021,5345,-2.2379,0.25363,-2.4915,-2.9449,3.71,5499,https://www.goodreads.com/search?q=+A+Heroof+France,0
"2016_Garvin,Jeff_SymptomsOfBeingHuman_YA.txt",FIC,English,YA,,2016,Garvin,Jeff,Jeff,Garvin,SymptomsOfBeingHuman,,,,,M,,104412,26,0.2606060606,13.43783784,3.932186473,3.060804673,6828,-2.3196,0.20148,-2.5211,-3.0008,4.14,16505,https://www.goodreads.com/search?q=Jeff+Garvin+Symptoms+Of+Being+Human,1
"2016_Geni,Abby_TheLightkeepers_CT.txt",FIC,English,NYT,,2016,Geni,Abby,Abby,Geni,TheLightkeepers,,Counterpoint,,,F,,97430,18,0.3554572271,12.31420627,4.260634525,3.34525706,5383,-2.3043,0.21328,-2.5176,-2.9706,3.85,4982,https://www.goodreads.com/search?q=Abby+Geni+The+Lightkeepers,1
"2016_Gentry,Amy_GoodAsGone_CT.txt",FIC,English,NYT,,2016,Gentry,Amy,Amy,Gentry,GoodasGone,,HoutonMifflinHarcourt,,,F,,92948,36,0.2056289489,17.06093979,4.070898094,3.60348235,4953,-2.0859,0.32965,-2.4155,-2.8919,3.48,34892,https://www.goodreads.com/search?q=+Goodas+Gone,1
"2016_Gephart,Donna_LilyandDunkin_MG.txt",FIC,English,MID,,2016,Gephart,Donna,Donna,Gephart,LilyandDunkin,,,,,F,,94839,32,0.2003752345,11.94445844,3.863982282,2.837497129,4952,-2.4119,0.12717,-2.5391,-2.9706,4.25,7312,https://www.goodreads.com/search?q=+Lilyand+Dunkin,1
"2016_Glynn,Alan_Paradime_CT.txt",FIC,English,NYT,,2016,Glynn,Alan,Alan,Glynn,Paradime,,Picador,,,M,,110786,55,0.1098288898,20.54636499,4.089553031,3.891109787,5484,-2.4138,0.15439,-2.5682,-3.0123,3.41,470,https://www.goodreads.com/search?q=Alan+Glynn+Paradime,1
"2016_Goldberg,Paul_TheYid_CT.txt",FIC,English,NYT,,2016,Goldberg,Paul,Paul,Goldberg,TheYid,,MacmillanCA,,,M,,95263,60,0.1701984527,14.20351871,4.51334285,3.718504223,2741,-2.1758,0.19462,-2.3704,-2.8327,3.5,804,https://www.goodreads.com/search?q=Paul+Goldberg+The+Yid,0
"2016_Golden,Alison_Stolen_MY.txt",FIC,English,MY,,2016,Golden,Alison,Alison,Golden,Stolen,,,,,F,,49564,20,0.3111413043,11.80657456,4.155573316,3.145701372,2907,-2.3691,0.14009,-2.5092,-2.88,4.02,553,https://www.goodreads.com/search?q=Alison+Golden+Stolen,0
"2016_Goodwyn,Miles_JustBetweenYouandMe_ME.txt",NON,English,MEM,,2016,Goodwyn,Myles,Myles,Goodwyn,JustBetweenYouandMe,,,,,M,,126309,85,0.0887507066,18.43388792,4.086837452,3.83911803,3234,-2.2677,0.18881,-2.4565,-2.9552,4.3,1901,https://www.goodreads.com/search?q=+Just+Between+Youand+Me,1
"2016_Grabenstein,Chris_MrLemoncellosLibraryOlympics_MG.txt",FIC,English,MID,,2016,Grabenstein,Chris,Chris,Grabenstein,MrLemoncellosLibraryOlympics,,,,,M,,60200,33,0.1367303609,12.64174717,4.428598906,3.336358291,2662,-2.1992,0.17453,-2.3737,-2.7829,4.21,12393,https://www.goodreads.com/search?q=Chris+Grabenstein+Mr+Lemoncellos+Library+Olympics,0
"2016_Grace,Celina_MurderatMerishamLodge_MY.txt",FIC,English,MY,,2016,Grace,Celina,Celina,Grace,MurderatMerishamLodge,,,,,F,,67833,29,0.329043089,13.96890445,4.059433544,3.300766005,4701,-2.4365,0.18963,-2.6262,-3.0297,3.86,2862,https://www.goodreads.com/search?q=+Murderat+Merisham+Lodge,1
"2016_Grace,LauraJane_Tranny_ME.txt",NON,English,MEM,,2016,Grace,LauraJane,LauraJane,Grace,Tranny,,,,,F,,89724,37,0.181568088,17.5688271,4.08924041,3.737896931,3225,-2.3656,0.16911,-2.5348,-2.9717,4.3,7762,https://www.goodreads.com/search?q=+Tranny,1
"2016_Gray,Charlotte_ThePromiseofCanada_HIST.txt",NON,English,HIST,,2016,Gray,Charlotte,Charlotte,Gray,ThePromiseofCanada:150Years--PeopleandIdeasthatHaveShapedOurCountry,,Simon&Schuster,,,F,,123101,87,0.0798146241,23.82446294,4.914354757,5.065230707,1541,-2.2579,0.12239,-2.3802,-2.8594,4.19,360,https://www.goodreads.com/search?q=+The+Promiseof+Canada:150+Years--+Peopleand+Ideasthat+Have+Shaped+Our+Country,0
"2016_Greaney,Mark_TomClancyTrueFaithandAllegiance_MY.txt",FIC,English,MY,,2016,Greaney,Mark,Mark,Greaney,TomClancyTrueFaithandAllegaince,,,,,M,,217906,110,0.1964819701,18.10451977,4.263333494,3.945172418,9587,-2.081,0.32684,-2.4078,-3.0679,4.34,8825,https://www.goodreads.com/search?q=+Tom+Clancy+True+Faithand+Allegaince,0
"2016_Greenwell,Garth_WhatBelongsToYou_CT.txt",FIC,English,NYT,,2016,Greenwell,Garth,Garth,Greenwell,WhatBelongstoYou,,MacmillanCA,,,M,,74203,5,0.6560693642,38.28844169,4.058459328,4.811774055,5017,-2.3269,0.21043,-2.5374,-2.9863,3.78,11817,https://www.goodreads.com/search?q=+What+Belongsto+You,1
"2016_Griffin,Matthew_Hide_CT.txt",FIC,English,NYT,,2016,Griffin,Matthew,Matthew,Griffin,Hide,,Bloomsbury,,,M,,100447,10,0.5969387755,18.59096798,4.01202019,3.617115879,5290,-2.2516,0.23574,-2.4873,-2.9691,3.72,937,https://www.goodreads.com/search?q=Matthew+Griffin+Hide,1
"2016_Grisham,John_TheWhistler_BS.txt",FIC,English,BS,NYT,2016,Grisham,John,John,Grisham,TheWhistler,,,,,M,,133599,70,0.1563994374,14.54059643,4.228477,3.566277976,5894,-2.2094,0.27501,-2.4844,-3.0016,3.92,105233,https://www.goodreads.com/search?q=John+Grisham+The+Whistler,0
"2016_Grushin,Olga_FortyRooms_CT.txt",FIC,English,NYT,,2016,Grushin,Olga,Olga,Grushin,FortyRooms,,PenguinGroupUSA,,,F,,103061,26,0.4217791411,22.17319277,4.277844605,4.179103422,5069,-2.3084,0.16983,-2.4782,-2.9515,3.86,1451,https://www.goodreads.com/search?q=Olga+Grushin+Forty+Rooms,1
"2016_Gullan,Harold_CradlesofPower_HIST.txt",NON,English,HIST,,2016,Gullan,Harold,Harold,Gullan,CradlesofPower:TheMothersandFathersoftheAmericanPresidents,,SkyhorsePublishing,,,M,,151575,203,0.0243611177,21.77488867,4.713882353,4.72577944,2623,-2.3984,0.11994,-2.5183,-3.0092,3.79,39,https://www.goodreads.com/search?q=+Cradlesof+Power:+The+Mothersand+Fathersofthe+American+Presidents,0
"2016_Haigh,Jennifer_HeatAndLight_CT.txt",FIC,English,NYT,,2016,Haigh,Jennifer,Jennifer,Haigh,HeatandLight,,Ecco,,,F,,151223,101,0.1057921185,12.40142693,4.341185404,3.300041887,5072,-2.2061,0.21797,-2.424,-2.9545,3.74,3877,https://www.goodreads.com/search?q=+Heatand+Light,0
"2016_Hamilton,LaurellK_CrimsonDeath_BS.txt",FIC,English,BS,,2016,Hamilton,LaurellK.,LaurellK.,Hamilton,CrimsonDeath,,Berkley,,,F,,325720,96,0.1294924251,16.1303422,3.94117275,3.401758069,14071,-2.2959,0.21513,-2.511,-3.2905,3.88,11210,https://www.goodreads.com/search?q=+Crimson+Death,1
"2016_Hamilton,PeterF_ANightWithoutStars_SF.txt",FIC,English,SF,,2016,Hamilton,PeterF.,PeterF.,Hamilton,ANightWithoutStars,,DelRey,,,M,,301213,107,0.127792424,12.7702972,4.434028925,3.481673895,15164,-2.1658,0.31587,-2.4816,-3.1992,4.42,8110,https://www.goodreads.com/search?q=+A+Night+Without+Stars,0
"2016_Handke,Peter_TheMoravianNightAStory_CT.txt",FIC,English,NYT,,2016,Handke,Peter,Peter,Handke,TheMoravianNight:AStory,,"Farrar,Straus,andGiroux",,,M,,140391,9,0.2233009709,27.19701666,4.383580373,4.76163754,3503,-2.3837,0.15862,-2.5423,-3.0291,3.37,225,https://www.goodreads.com/search?q=Peter+Handke+The+Moravian+Night:+A+Story,0
"2016_Hansen,Dorte_ThisHouseIsMine_CT.txt",FIC,English,NYT,,2016,Hansen,Dorte,Dorte,Hansen,ThisHouseisMine,,St.Martin'sPress,,,F,,79360,44,0.2164246824,17.71033252,4.25705361,3.807239649,3035,-2.3823,0.13011,-2.5124,-2.9333,3.97,4405,https://www.goodreads.com/search?q=+This+Houseis+Mine,0
"2016_Hansen,Ron_TheKid_CT.txt",FIC,English,NYT,,2016,Hansen,Ron,Ron,Hansen,TheKid,,Scribner,,,M,,106744,128,0.0498656315,21.02501477,4.374504849,4.193509554,6245,-2.274,0.23422,-2.5082,-2.9686,3.45,486,https://www.goodreads.com/search?q=Ron+Hansen+The+Kid,0
"2016_Harrigan,Stephen_AFriendOfMrLicoln_CT.txt",FIC,English,NYT,,2016,Harrigan,Stephen,Stephen,Harrigan,AFriendofMr.Lincoln,,Vintage,,,M,,165547,82,0.2470562097,19.85690296,4.266266016,4.097695999,7290,-2.3175,0.25171,-2.5692,-3.1304,3.86,1128,https://www.goodreads.com/search?q=+A+Friendof+Mr.+Lincoln,0
"2016_Harris,Robert_Conclave_CT.txt",FIC,English,NYT,,2016,Harris,Robert,Robert,Harris,Conclave,,AlfredAKnopf,,,M,,98763,51,0.2955145119,16.96084493,4.372985125,4.024568712,4754,-2.2778,0.28546,-2.5633,-3.0281,3.96,24954,https://www.goodreads.com/search?q=Robert+Harris+Conclave,0
"2016_Hart,Joe_TheLastGirl_MY.txt",FIC,English,MY,SF,2016,Hart,Joe,Joe,Hart,TheLastGirl,,,,,M,,139410,36,0.3544743701,14.22986629,4.142600025,3.381580499,10315,-2.2747,0.24827,-2.5229,-3.0491,3.79,20716,https://www.goodreads.com/search?q=Joe+Hart+The+Last+Girl,0
"2016_Haslett,Adam_ImagineMeGone_CT.txt",FIC,English,NYT,,2016,Haslett,Adam,Adam,Haslett,ImagineMeGone,,HachetteBookGroup,,,M,,129721,40,0.3469894475,17.83106529,4.074149946,3.701044434,5148,-2.3093,0.21431,-2.5237,-3.0724,3.69,17267,https://www.goodreads.com/search?q=Adam+Haslett+Imagine+Me+Gone,1
"2016_Hawley,Noah_BeforeTheFall_BS.txt",FIC,English,BS,NYT,2016,Hawley,Noah,Noah,Hawley,BeforetheFall,,,,,M,,145339,57,0.225747407,14.0464869,4.166250536,3.350651279,7252,-2.1517,0.2524,-2.4041,-2.9569,3.72,122074,https://www.goodreads.com/search?q=+Beforethe+Fall,0
"2016_Healy,MarkR_DawnofProcyon_SF.txt",FIC,English,SF,,2016,Healy,MarkR.,MarkR.,Healy,DawnofProcyon,,FutureHousePublishing,,,M,,99233,30,0.4570694087,13.47908177,4.193265812,3.363111049,5323,-2.2786,0.25501,-2.5336,-2.9869,4.03,338,https://www.goodreads.com/search?q=+Dawnof+Procyon,0
"2016_Hemmings,KauiHart_HowToPartyWithAnInfant_CT.txt",FIC,English,NYT,,2016,Hemmings,KauiHart,KauiHart,Hemmings,HowtoPartywithanInfant,,Simon&Schuster,,,F,,82617,40,0.1167695473,13.09510223,4.080256223,3.15732189,3703,-2.3457,0.16662,-2.5123,-2.9159,3.35,2261,https://www.goodreads.com/search?q=+Howto+Partywithan+Infant,1
"2016_Hertmans,Stefan_WarAndTurpentine_CT.txt",FIC,English,NYT,,2016,Hertmans,Stefan,Stefan,Hertmans,WarandTurpentine,,PantheonBooks,,,M,,117952,34,0.1311154599,25.02694674,4.360622437,4.496661774,5611,-2.2667,0.15671,-2.4234,-2.9234,3.91,9450,https://www.goodreads.com/search?q=+Warand+Turpentine,1
"2016_Hiaasen,Carl_RazorGirl_BS.txt",FIC,English,BS,NYT,2016,Hiaasen,Carl,Carl,Hiaasen,RazorGirl,,,,,M,,128478,79,0.1741549876,13.91810205,4.304310701,3.458472982,6414,-2.3484,0.22704,-2.5754,-3.0375,3.84,20332,https://www.goodreads.com/search?q=Carl+Hiaasen+Razor+Girl,0
"2016_Hicks,Dylan_Amateurs_CT.txt",FIC,English,NYT,,2016,Hicks,Dylan,Dylan,Hicks,Amateurs,,CoffeehousePress,,,M,,98023,27,0.1496975806,17.92338636,4.368375348,3.90668775,3596,-2.2658,0.25217,-2.518,-2.9791,3.64,59,https://www.goodreads.com/search?q=Dylan+Hicks+Amateurs,0
"2016_Hilderbrand,Elin_WinterStorms_BS.txt",FIC,English,BS,,2016,Hilderbrand,Elin,Elin,Hilderbrand,WinterStorms,,"Little,BrownandCompany",,,F,,65832,38,0.160944206,13.92975032,4.278266332,3.459955145,2733,-2.1875,0.21259,-2.4,-2.812,3.9,36634,https://www.goodreads.com/search?q=Elin+Hilderbrand+Winter+Storms,0
"2016_Hill,Nathan_TheNix_BS.txt",FIC,English,BS,NYT,2016,Hill,Nathan,Nathan,Hill,TheNix,,Knopf,,,M,,263726,55,0.1857375271,15.9717781,4.303763819,3.715754864,9566,-2.1847,0.20573,-2.3905,-3.0749,4.06,66633,https://www.goodreads.com/search?q=Nathan+Hill+The+Nix,0
"2016_Hoagland,Edward_InTheCountryOfTheBlind_CT.txt",FIC,English,NYT,,2016,Hoagland,Edward,Edward,Hoagland,IntheCountryoftheBlind,,ArcadePublishing,,,M,,61390,20,0.2979559748,17.59529951,4.291742296,3.831801807,2403,-2.483,0.18543,-2.6684,-3.0304,2.92,155,https://www.goodreads.com/search?q=+Inthe+Countryofthe+Blind,0
"2016_Hoffman,Alice_Faithful_CT.txt",FIC,English,NYT,,2016,Hoffman,Alice,Alice,Hoffman,Faithful,,Simon&Schuster,,,F,,98262,40,0.51952916,12.27047952,4.055169359,3.089739392,4405,-2.3308,0.20481,-2.5356,-2.9899,3.99,31903,https://www.goodreads.com/search?q=Alice+Hoffman+Faithful,0
"2016_Hoover,Colleen_ItEndsWithUs_ROM.txt",FIC,English,ROM,,2016,Hoover,Colleen,Colleen,Hoover,ItEndsWithUs,,AtriaBooks,,,F,,127050,21,0.2884272997,12.53947888,3.753863207,2.923001908,8520,-2.3293,0.21068,-2.54,-3.0656,4.42,1088451,https://www.goodreads.com/search?q=Colleen+Hoover+It+Ends+With+Us,1
"2016_Hope,Anna_TheBallroom_CT.txt",FIC,English,NYT,,2016,Hope,Anna,Anna,Hope,TheBallroom,,RandomHouse,,,F,,111870,25,0.2434175175,14.01879699,4.103877639,3.303153888,7024,-2.1844,0.2992,-2.4836,-3.0052,3.8,6004,https://www.goodreads.com/search?q=Anna+Hope+The+Ballroom,0
"2016_Houghton,Jude_Autonomy_SF.txt",FIC,English,SF,,2016,Houghton,Jude,Jude,Houghton,Autonomy,,"KristellInk,GrimboldBooks",,,M,,208442,84,0.1325428753,13.84904658,4.363870773,3.60197932,10405,-2.2825,0.24152,-2.524,-3.1132,4.28,32,https://www.goodreads.com/search?q=Jude+Houghton+Autonomy,0
"2016_Hunt,Samantha_MrSpitfoot_CT.txt",FIC,English,NYT,,2016,Hunt,Samantha,Samantha,Hunt,Mr.Splitfoot,,HoutonMifflinHarcourt,,,F,,115668,39,0.3840989399,10.14453605,4.043341351,2.731994775,5715,-2.2478,0.20305,-2.4509,-2.9272,3.65,7037,https://www.goodreads.com/search?q=Samantha+Hunt+Mr.+Splitfoot,1
"2016_Hunter,Erin_TheApprenticesQuest_MG.txt",FIC,English,MID,,2016,Hunter,Erin,Erin,Hunter,TheApprenticesQuest,,,,,F,,87117,48,0.3302288451,13.80180608,4.382670971,3.418489253,6926,-2.3515,0.17371,-2.5252,-2.9936,4.39,5656,https://www.goodreads.com/search?q=Erin+Hunter+The+Apprentices+Quest,0
"2016_Huntley,Swan_WeCouldBeBeautiful_CT.txt",FIC,English,NYT,,2016,Huntley,Swan,Swan,Huntley,WeCouldBeBeautiful,,Doubleday,,,F,,133875,48,0.1945205479,11.57687651,3.992812997,2.936704642,6043,-2.3602,0.17612,-2.5363,-3.0424,3.21,7465,https://www.goodreads.com/search?q=Swan+Huntley+We+Could+Be+Beautiful,1
"2016_Ile,Jowhor_AndAfterManyDays_CT.txt",FIC,English,NYT,,2016,Ile,Jowhor,Jowhor,Ile,AndAfterManyDays,,RandomHouseCa,,,M,,80564,39,0.2057216329,17.19982921,4.206914239,3.754203769,4738,-2.2749,0.15793,-2.4328,-2.8815,3.43,680,https://www.goodreads.com/search?q=Jowhor+Ile+And+After+Many+Days,0
"2016_Irani,Anosh_TheParcel_PW.txt",FIC,English,PW,,2016,Irani,Anosh,Anosh,Irani,TheParcel,,KnopfCanada,GovernerGeneral's,Shortlist,F,India/Canada,98592,37,0.5099852071,15.90450073,4.17237896,3.706696811,4074,-2.3268,0.19636,-2.5232,-2.9939,3.93,1146,https://www.goodreads.com/search?q=Anosh+Irani+The+Parcel,0
"2016_Iromuanya,Julie_MrandMrsDoctor_PW.txt",FIC,English,PW,,2016,Iromuanya,Julie,Julie,Iromuanya,MrandMrsDoctor,,CoffeeHousePress,PEN/FaulknerAwardforFiction,Shortlist,F,US,135872,21,0.3292048551,13.01580611,4.173924695,3.287687464,9086,-2.2877,0.21961,-2.5073,-3.0134,3.82,1271,https://www.goodreads.com/search?q=+Mrand+Mrs+Doctor,0
"2016_Isenberg,Nancy_WhiteTrash_HIST.txt",NON,English,HIST,,2016,Isenberg,Nancy,Nancy,Isenberg,WhiteTrash:The400-YearUntoldHistoryofClassinAmerica,,Viking,,,F,,140955,102,0.0613676213,26.44559099,4.973902523,5.311797801,946,-2.3058,0.065707,-2.3715,-2.8601,3.75,21117,https://www.goodreads.com/search?q=+White+Trash:+The400-+Year+Untold+Historyof+Classin+America,0
"2016_Ivey,Eowyn_ToTheBrightEdgeOfTheWorld_CT.txt",FIC,English,NYT,,2016,Ivey,Eowyn,Eowyn,Ivey,TotheBrightEdgeoftheWorld,,"Little,Brown,andCo.",,,F,,136857,49,0.1484942887,16.39398658,4.125432417,3.657784335,5497,-2.2141,0.29696,-2.511,-3.0506,4.12,18284,https://www.goodreads.com/search?q=+Tothe+Bright+Edgeofthe+World,1
"2016_Jahren,Hope_LabGirl_ME.txt",NON,English,MEM,,2016,Jahren,Hope,Hope,Jahren,LabGirl,,,,,F,,115105,19,0.661971831,23.30532496,4.305197505,4.413423343,3921,-2.1301,0.26129,-2.3914,-2.8958,3.97,62236,https://www.goodreads.com/search?q=Hope+Jahren+Lab+Girl,1
"2016_Jansma,Kristopher_WhyWeCameToTheCity_CT.txt",FIC,English,NYT,,2016,Jansma,Kristopher,Kristopher,Jansma,WhyWeCametotheCity,,PenguinGroupUSA,,,M,,170059,52,0.2747327723,15.95899024,4.240289546,3.684734659,7914,-2.3099,0.18248,-2.4924,-3.0489,3.55,2191,https://www.goodreads.com/search?q=+Why+We+Cametothe+City,0
"2016_Jemisin,NK_TheObeliskGate_SF.txt",FIC,English,SF,,2016,Jemisin,N.K.,N.K.,Jemisin,TheObeliskGate,,Orbit,,,F,,137688,42,0.191321499,14.56707575,4.202138015,3.493701112,5029,-2.2949,0.26368,-2.5586,-3.0718,4.31,122482,https://www.goodreads.com/search?q=N.K.+Jemisin+The+Obelisk+Gate,0
"2016_Jensen,Louise_TheGift_MY.txt",FIC,English,MY,,2016,Jensen,Louise,Louise,Jensen,TheGIft,,,,,F,,112150,34,0.1706634692,12.72263188,3.903589474,2.998072297,7356,-2.3567,0.21989,-2.5766,-3.0687,3.11,27,https://www.goodreads.com/search?q=+The+G+Ift,1
"2016_Jiles,Paulette_NewsoftheWorld_PW.txt",FIC,English,PW,NYT,2016,Jiles,Paulette,Paulette,Jiles,NewsoftheWorld,,WilliamMorrow,NationalBookAwards,Shortlist,F,US,64525,30,0.2106703146,14.6814562,4.192331197,3.561965624,4045,-2.3934,0.14006,-2.5335,-2.9591,4.09,95368,https://www.goodreads.com/search?q=+Newsofthe+World,0
"2016_Jin,Ha_TheBoatRocker_CT.txt",FIC,English,NYT,,2016,Jin,Ha,Ha,Jin,TheBoatRocker,,PantheonBooks,,,M,,78607,23,0.2657563025,17.22704361,4.266299536,3.87971909,2854,-2.2355,0.24248,-2.478,-2.9283,3.12,989,https://www.goodreads.com/search?q=Ha+Jin+The+Boat+Rocker,1
"2016_John,Elnathan_BornOnATuesday_CT.txt",FIC,English,NYT,,2016,John,Elnathan,Elnathan,John,BornonaTuesday,,BlackCat,,,M,,79851,42,0.2776298269,14.23622749,3.944334627,3.326735489,4186,-2.3096,0.15236,-2.4619,-2.9172,4.06,1237,https://www.goodreads.com/search?q=+Bornona+Tuesday,1
"2016_Johnson,Craig_AnObviousFact_BS.txt",FIC,English,BS,,2016,Johnson,Craig,Craig,Johnson,AnObviousFact,,Viking,,,M,,101618,39,0.1725032425,14.44463397,4.030138061,3.297068068,5875,-2.4117,0.17817,-2.5899,-3.02,4.25,10088,https://www.goodreads.com/search?q=Craig+Johnson+An+Obvious+Fact,1
"2016_Johnson,JuliaClaiborne_BeFrankWithMe_CT.txt",FIC,English,NYT,,2016,Johnson,JuliaClaiborne,JuliaClaiborne,Johnson,BeFrankWithMe,,HarperCollins,,,F,,108520,34,0.5582191781,13.79257753,4.017441406,3.204547875,5232,-2.3517,0.18789,-2.5396,-2.9986,4.03,28665,https://www.goodreads.com/search?q=+Be+Frank+With+Me,1
"2016_Joinson,Suzanne_ThePhotographersWife_CT.txt",FIC,English,NYT,,2016,Joinson,Suzanne,Suzanne,Joinson,ThePhotographer'sWife,,Bloomsbury,,,F,,117138,39,0.1753167143,15.20482866,4.136975634,3.509783712,6715,-2.3218,0.24985,-2.5717,-3.0582,2.66,645,https://www.goodreads.com/search?q=Suzanne+Joinson+The+Photographer's+Wife,1
"2016_Jones,Cleve_WhenWeRise_ME.txt",NON,English,MEM,,2016,Jones,Cleve,Cleve,Jones,WhenWeRise,,,,,M,,106474,102,0.1777625257,20.65851766,4.403917732,4.255930699,4477,-2.2742,0.15228,-2.4265,-2.8982,4.32,2276,https://www.goodreads.com/search?q=Cleve+Jones+When+We+Rise,1
"2016_Jordan,Neil_TheDrownedDetective_CT.txt",FIC,English,NYT,,2016,Jordan,Neil,Neil,Jordan,TheDrownedDetective,,Bloomsbury,,,M,,68900,16,0.2077393075,11.39407971,4.082811209,3.071018462,4648,-2.3004,0.24046,-2.5408,-2.9664,3.24,483,https://www.goodreads.com/search?q=Neil+Jordan+The+Drowned+Detective,1
"2016_Just,Ward_TheEasternShore_CT.txt",FIC,English,NYT,,2016,Just,Ward,Ward,Just,TheEasternShore,,HoutonMifflinHarcourt,,,M,,80051,44,0.2764676367,13.69798084,4.3346576,3.67593757,2920,-2.3266,0.16104,-2.4877,-2.9005,3.3,256,https://www.goodreads.com/search?q=Ward+Just+The+Eastern+Shore,0
"2016_Kalanithi,Paul_WhenBreathBecomesAir_ME.txt",NON,English,MEM,,2016,Kalanithi,Paul,Paul,Kalanithi,WhenBreathBecomesAir,,,,,M,,52613,17,0.295264624,19.59515829,4.393598224,4.180368935,1793,-2.2819,0.15143,-2.4333,-2.8082,4.38,524301,https://www.goodreads.com/search?q=Paul+Kalanithi+When+Breath+Becomes+Air,1
"2016_Kapur,Ratika_ThePrivateLifeOfMrsSharma_CT.txt",FIC,English,NYT,,2016,Kapur,Ratika,Ratika,Kapur,ThePrivateLifeofMrs.Sharma,,Bloomsbury,,,F,,58917,14,0.4198286414,19.81069267,3.898806336,3.802694865,1685,-2.4092,0.14079,-2.55,-2.9415,3.29,1414,https://www.goodreads.com/search?q=+The+Private+Lifeof+Mrs.+Sharma,1
"2016_Kelly,Megyn_SettleforMore_ME.txt",NON,English,MEM,,2016,Kelly,Megyn,Megyn,Kelly,SettleforMore,,,,,F,,127501,77,0.1173152848,16.17006975,4.089574792,3.619018487,3872,-2.4216,0.12321,-2.5448,-3.025,3.83,7747,https://www.goodreads.com/search?q=+Settlefor+More,1
"2016_Kennedy,AL_SeriousSweet_CT.txt",FIC,English,NYT,,2016,Kennedy,AL,AL,Kennedy,SeriousSweet,,LittleA.,,,F,,169085,33,0.3303684879,15.23013871,4.170630605,3.529632441,3990,-2.2816,0.23263,-2.5142,-3.0691,2.95,612,https://www.goodreads.com/search?q=AL+Kennedy+Serious+Sweet,1
"2016_Khalifa,Khaled_NoKnivesInTheKitchensOfThisCity_CT.txt",FIC,English,NYT,,2016,Khalifa,Khaled,Khaled,Khalifa,NoKnivesintheKitchensofThisCity,,Hoopoe,,,M,,85186,39,0.2184320766,26.70407524,4.406247179,4.787659909,4271,-2.4692,0.13374,-2.6029,-3.0564,2.95,2920,https://www.goodreads.com/search?q=+No+Knivesinthe+Kitchensof+This+City,0
"2016_King,Stephen_EndofWatch_BS.txt",FIC,English,BS,NYT,2016,King,Stephen,Stephen,King,EndofWatch,,Scribner,,,M,,151026,80,0.141332701,13.92714865,4.099209034,3.306595351,5927,-2.3158,0.23527,-2.551,-3.0706,4.09,102931,https://www.goodreads.com/search?q=+Endof+Watch,0
"2016_Kingsbury,Karen_ABaxterFamilyChristmas_BS.txt",FIC,English,BS,,2016,Kingsbury,Karen,Karen,Kingsbury,ABaxterFamilyChristmas,,Howard,,,F,,52658,36,0.1201325601,10.02245908,4.115302055,2.781831587,2684,-2.3765,0.14501,-2.5215,-2.9219,4.21,4814,https://www.goodreads.com/search?q=Karen+Kingsbury+A+Baxter+Family+Christmas,0
"2016_Klebold,Sue_AMothersReckoningLivingintheAftermathofTragedy_ME.txt",NON,English,MEM,,2016,Klebold,Sue,Sue,Klebold,AMother'sReckoning:LivingintheAftermathofTragedy,,,,,F,,121500,33,0.6481178396,20.617682,4.346143073,4.29357962,3413,-2.3099,0.16599,-2.4759,-2.9856,4.12,34808,https://www.goodreads.com/search?q=+A+Mother's+Reckoning:+Livinginthe+Aftermathof+Tragedy,1
"2016_Knight,Phil_ShoeDogAMemoirBytheCreatorofNike_ME.txt",NON,English,MEM,,2016,Knight,Phil,Phil,Knight,ShoeDog:AMemoirbytheCreatorofNike,,,,,M,,149564,77,0.0808936826,13.77200737,4.23252743,3.430987202,6447,-2.3218,0.17367,-2.4955,-2.9925,4.47,219193,https://www.goodreads.com/search?q=+Shoe+Dog:+A+Memoirbythe+Creatorof+Nike,1
"2016_Konar,Affinity_Mischling_CT.txt",FIC,English,NYT,,2016,Konar,Affinity,Affinity,Konar,Mischling,,"Little,Brown,andCo.",,,F,,130432,36,0.152173913,16.89314856,4.088590411,3.663597819,6981,-2.4512,0.16311,-2.6143,-3.0945,3.82,14244,https://www.goodreads.com/search?q=Affinity+Konar+Mischling,1
"2016_Krusoe,Jim_TheSleepGarden_CT.txt",FIC,English,NYT,,2016,Krusoe,Jim,Jim,Krusoe,TheSleepGarden,,TinHouseBooks,,,F,,71275,18,0.3605919003,24.22671652,4.164677451,4.293600758,1279,-2.2869,0.19401,-2.4809,-2.9017,3.37,169,https://www.goodreads.com/search?q=Jim+Krusoe+The+Sleep+Garden,0
"2016_Kutsukake,Lynne_TheTranslationOfLove_CT.txt",FIC,English,NYT,,2016,Kutsukake,Lynne,Lynne,Kutsukake,TheTranslationofLove,,KnopfCA,,,F,,121306,45,0.1857988166,13.34059166,4.14732432,3.374870594,5423,-2.2073,0.24362,-2.451,-2.9656,4.16,6669,https://www.goodreads.com/search?q=+The+Translationof+Love,0
"2016_Lacz,Kevin_TheLastPunisher_ME.txt",NON,English,MEM,,2016,Lacz,Kevin,Kevin,Lacz,TheLastPunisher,,,,,M,,111810,57,0.1410324641,16.45716809,4.192762492,3.721079934,5896,-2.3424,0.18308,-2.5255,-2.9826,4.39,2298,https://www.goodreads.com/search?q=Kevin+Lacz+The+Last+Punisher,1
"2016_Lapena,Shari_TheCoupleNextDoor_MY.txt",FIC,English,MY,,2016,Lapena,Shari,Shari,Lapena,TheCoupleNextDoor,,,,,F,,104105,21,0.3014018692,12.18314804,4.092918137,3.131991426,5490,-2.1627,0.2789,-2.4416,-2.9563,3.81,448716,https://www.goodreads.com/search?q=Shari+Lapena+The+Couple+Next+Door,0
2016_LarsenSonja_RedStarTattoo.txt,NON,English,MIX,,2016,Larsen,Sonja,Sonja,Larsen,RedStarTattoo,,,,,F,,66022,25,0.1652173913,16.62603878,4.038518595,3.602721524,2165,-2.4109,0.12238,-2.5332,-2.9386,3.55,166,https://www.goodreads.com/search?q=Sonja+Larsen+Red+Star+Tattoo,1
"2016_Lauer,BrettFletcher_FakeMissedConnectionsDivorceDatingAndOtherFailures_CT.txt",FIC,English,NYT,,2016,Lauer,BrettFletcher,BrettFletcher,Lauer,"FakeMissedConnections:Divorce,Dating,andOtherFailures",,SoftSkull/Counterpoint,,,M,,64258,17,0.199143469,17.29690444,4.195398999,3.810369708,1570,-2.0754,0.34151,-2.4169,-2.8447,3.21,53,"https://www.goodreads.com/search?q=+Fake+Missed+Connections:+Divorce,+Dating,and+Other+Failures",1
"2016_Lauren,Christina_Beautiful_ROM.txt",FIC,English,ROM,,2016,Lauren,Christina,Christina,Lauren,Beautiful,,Simon&Schuster,,,F,,119125,31,0.2927199191,14.61835808,4.016660446,3.303361564,8063,-2.3476,0.2429,-2.5905,-3.0769,3.97,180827,https://www.goodreads.com/search?q=Christina+Lauren+Beautiful,1
"2016_Lawhon,Ariel_FlightOfDreams_CT.txt",FIC,English,NYT,,2016,Lawhon,Ariel,Ariel,Lawhon,FlightofDreams,,RandomHouseCa,,,F,,142832,42,0.1585692996,12.65455834,4.20987409,3.281050011,6710,-2.3234,0.25611,-2.5795,-3.0835,3.82,5630,https://www.goodreads.com/search?q=+Flightof+Dreams,0
"2016_Leavitt,Caroline_CruelBeautifulWorld_CT.txt",FIC,English,NYT,,2016,Leavitt,Caroline,Caroline,Leavitt,CruelBeautifulWorld,,Algonquin,,,F,,138457,27,0.2630448128,13.87344689,4.004728751,3.22237131,8218,-2.2947,0.22996,-2.5247,-3.0867,3.82,3498,https://www.goodreads.com/search?q=Caroline+Leavitt+Cruel+Beautiful+World,0
"2016_Lee,Janice_TheExpatriates_CT.txt",FIC,English,NYT,,2016,Lee,Janice,Janice,Lee,TheExpatriates,,Viking,,,F,,118830,36,0.1656992084,15.6933439,4.20827073,3.624468209,5140,-2.2487,0.23358,-2.4822,-3.0017,3.63,11799,https://www.goodreads.com/search?q=Janice+Lee+The+Expatriates,0
"2016_Lee,Krys_HowIBecameANorthKorean_CT.txt",FIC,English,NYT,,2016,Lee,Krys,Krys,Lee,HowIBecameaNorthKorean,,Viking,,,F,,75235,22,0.1501831502,15.39807614,4.121644676,3.530826909,4125,-2.4283,0.13486,-2.5631,-2.978,3.51,1270,https://www.goodreads.com/search?q=+How+I+Becamea+North+Korean,1
"2016_Lee,YoonHa_NinefoxGambit_SF.txt",FIC,English,SF,,2016,Lee,YoonHa,YoonHa,Lee,NinefoxGambit,,Solaris,,,M,,121907,59,0.3596825397,15.11181356,4.415088219,3.753499018,4340,-2.2878,0.28626,-2.5741,-3.0698,3.82,17444,https://www.goodreads.com/search?q=+Ninefox+Gambit,0
"2016_LeePowell,Kerry_WillemdeKooningsPaintbrush_PW.txt",FIC,English,PW,,2016,LeePowell,Kerry,Kerry Lee,Powell,WillemdeKooning'sPaintbrush,,HarperAvenue,GovernerGeneral's,Shortlist,F,Canada,80648,46,0.0727272727,18.90039841,4.252379742,3.969142205,4537,-2.3987,0.10463,-2.5034,-2.9225,3.58,139,https://www.goodreads.com/search?q=+Willemde+Kooning's+Paintbrush,1
"2016_Lepage,JeanDenis_HitlersStormtroopers_HIST.txt",NON,English,HIST,,2016,Lepage,Jean-Denis,Jean-Denis,Lepage,"Hitler'sStormtroopers:TheSA,TheNazis'Brownshirts,1922-1945",,FrontlineBooks,,,M,,97527,37,0.4595959596,25.4506785,5.005447535,5.196808738,724,-2.165,0.13268,-2.2977,-2.7872,3.56,9,"https://www.goodreads.com/search?q=+Hitler's+Stormtroopers:+The+S+A,+The+Nazis'+Brownshirts,1922-1945",0
"2016_Leroux,Catherine_ThePartyWall_PW.txt",FIC,English,PW,,2016,Leroux,Catherine,Catherine,Leroux,ThePartyWall,French,Biblioasis,ScotiabankGillerPrize,Shortlist,F,Canada,83668,31,0.1859267735,17.45993322,4.40138795,4.009868953,3596,-2.3779,0.16337,-2.5413,-2.9766,3.82,764,https://www.goodreads.com/search?q=Catherine+Leroux+The+Party+Wall,0
"2016_Lethem,Jonathan_AGamblersAnatomy_CT.txt",FIC,English,NYT,,2016,Lethem,Jonathan,Jonathan,Lethem,AGambler'sAnatomy,,RandomHouseCa,,,M,,112902,34,0.4399328859,15.71138325,4.416751083,3.798870569,4237,-2.2949,0.20067,-2.4955,-2.9723,3.16,2600,https://www.goodreads.com/search?q=Jonathan+Lethem+A+Gambler's+Anatomy,0
"2016_LeVeque,Kathryn_LordofWinter_ROM.txt",FIC,English,ROM,,2016,LeVeque,Kathryn,Kathryn,LeVeque,LordofWinter,,DragonbladePublishing,,,F,,148320,45,0.2358007449,15.20918786,4.140436879,3.549135671,8633,-2.1897,0.30747,-2.4972,-3.0835,4.26,1398,https://www.goodreads.com/search?q=+Lordof+Winter,0
"2016_Levy,Deborah_HotMilk_PW.txt",FIC,English,PW,NYT,2016,Levy,Deborah,Deborah,Levy,HotMilk,,HamishHamilton,ManBooker,Shortlist,F,UK,77267,30,0.1472222222,14.55122411,4.051933055,3.456569035,3762,-2.3669,0.17396,-2.5409,-2.9544,3.46,22515,https://www.goodreads.com/search?q=Deborah+Levy+Hot+Milk,1
"2016_Lianke,Yan_TheExplosionChronicles_CT.txt",FIC,English,NYT,,2016,Lianke,Yan,Yan,Lianke,TheExplosionChronicles,,GrovePress,,,M,,168353,28,0.2286908974,24.374258,4.434221589,4.515254353,9492,-2.2055,0.15788,-2.3634,-2.9489,3.6,403,https://www.goodreads.com/search?q=Yan+Lianke+The+Explosion+Chronicles,0
"2016_Ligon,Samuel_AmongTheDeadAndDreaming_CT.txt",FIC,English,NYT,,2016,Ligon,Samuel,Samuel,Ligon,AmongtheDeadandDreaming,,LeapfrogPress,,,M,,80977,28,0.2993445011,17.41815444,3.842947531,3.379864325,4152,-2.3193,0.17838,-2.4977,-2.9758,3.65,55,https://www.goodreads.com/search?q=+Amongthe+Deadand+Dreaming,1
"2016_Lippman,Laura_WildeLakeANovel_CT.txt",FIC,English,NYT,,2016,Lippman,Laura,Laura,Lippman,WildeLake:ANovel,,HarperCollins,,,F,,126254,49,0.205922865,15.09312612,4.113555955,3.507624592,3357,-2.2423,0.26345,-2.5058,-3.0178,4.71,14,https://www.goodreads.com/search?q=+Wilde+Lake:+A+Novel,1
"2016_Livesey,Margot_Mercury_CT.txt",FIC,English,NYT,,2016,Livesey,Margot,Margot,Livesey,Mercury,,HarperCollins,,,F,,103349,55,0.1700879765,14.67400256,4.102105054,3.3844498,6221,-2.4835,0.17056,-2.6541,-3.0894,3.35,1331,https://www.goodreads.com/search?q=Margot+Livesey+Mercury,1
"2016_Lord,Emery_WhenWeCollided_YA.txt",FIC,English,YA,,2016,Lord,Emery,Emery,Lord,WhenWeCollided,,,,,F,,101375,29,0.1970941251,12.6481597,3.910177193,3.014183048,4230,-2.3784,0.19567,-2.5741,-3.0061,3.84,23495,https://www.goodreads.com/search?q=Emery+Lord+When+We+Collided,1
"2016_Luceno,James_Catalyst_BS.txt",FIC,English,BS,,2016,Luceno,James,James,Luceno,Catalyst,,DelRey,,,M,,111762,56,0.199889258,16.47920967,4.508434969,4.002688765,4784,-2.2807,0.23399,-2.5147,-3.0147,3.74,16209,https://www.goodreads.com/search?q=James+Luceno+Catalyst,0
"2016_Lynch,Jim_BeforeTheWind_CT.txt",FIC,English,NYT,,2016,Lynch,Jim,Jim,Lynch,BeforetheWind,,RandomHouseCa,,,M,,104170,42,0.1576116192,16.39181747,4.313728209,3.722800838,5180,-2.2833,0.23538,-2.5187,-2.9823,3.9,5407,https://www.goodreads.com/search?q=+Beforethe+Wind,1
"2016_Macdonald,Norm_BasedonaTrueStoryAMemoir_ME.txt",NON,English,MEM,,2016,Macdonald,Norm,Norm,Macdonald,BasedonaTrueStory:AMemoir,,,,,M,,84785,55,0.1809187279,15.72713782,3.88809922,3.322630774,3306,-2.3209,0.13282,-2.4537,-2.8822,3.96,11254,https://www.goodreads.com/search?q=+Basedona+True+Story:+A+Memoir,1
"2016_Mackintosh,Clare_ILetYouGo_MY.txt",FIC,English,MY,,2016,Mackintosh,Clare,Clare,Mackintosh,ILetYouGo,,,,,F,,143949,40,0.2614814815,15.02442334,3.956463229,3.309195353,9314,-2.1288,0.39296,-2.5217,-3.0733,4.05,120401,https://www.goodreads.com/search?q=Clare+Mackintosh+I+Let+You+Go,1
"2016_Mackintosh,Clare_ISeeYou_MY.txt",FIC,English,MY,,2016,Mackintosh,Clare,Clare,Mackintosh,ISeeYou,,,,,F,,136469,39,0.2150706436,14.18449226,4.071455704,3.317447407,7108,-2.2426,0.30837,-2.551,-3.0606,3.88,68208,https://www.goodreads.com/search?q=Clare+Mackintosh+I+See+You,1
"2016_MacLaine,Shirley_AbovetheLineMyWildOatsAdventure_ME.txt",NON,English,MEM,,2016,MacLean,Shirley,Shirley,MacLean,AbovetheLineMyWildOatsAdventure,,,,,F,,56989,25,0.1618852459,15.96777809,4.325970859,3.885456993,1505,-2.1937,0.22143,-2.4151,-2.8096,3.14,340,https://www.goodreads.com/search?q=+Abovethe+Line+My+Wild+Oats+Adventure,1
"2016_Macmillan,Gilly_ThePerfectGirl_MY.txt",FIC,English,MY,,2016,Macmillan,Gilly,Gilly,Macmillan,ThePerfectGirl,,,,,F,,119816,34,0.1543004799,18.87163333,3.908515316,3.58535533,5621,-2.3492,0.22847,-2.5777,-3.0733,3.68,31604,https://www.goodreads.com/search?q=Gilly+Macmillan+The+Perfect+Girl,1
"2016_MacraeBurnet,Graeme_HisBloodyProject_PW.txt",FIC,English,PW,,2016,MacraeBurnet,Graeme,Graeme Macrae,Burnet,HisBloodyProject,,SkyhorsePublishing,ManBooker,Shortlist,M,Scotland,110559,42,0.1030871003,19.42698998,4.296134854,4.113570994,5612,-2.2589,0.17951,-2.4384,-2.9527,3.92,30459,https://www.goodreads.com/search?q=+His+Bloody+Project,1
"2016_Mafi,Tahereh_Furthermore_MG.txt",FIC,English,MID,,2016,Mafi,Tahereh,Tahereh,Mafi,Furthermore,,,,,F,,94517,14,0.4830647813,14.59046002,4.202612342,3.450535,5625,-2.2657,0.22501,-2.4907,-2.9675,3.91,14325,https://www.goodreads.com/search?q=Tahereh+Mafi+Furthermore,0
"2016_Mahajan,Karan_TheAssociationofSmallBombs_PW.txt",FIC,English,PW,NYT,2016,Mahajan,Karan,Karan,Mahajan,TheAssociationofSmallBombs,,VikingPress,NationalBookAwards,Shortlist,F,US,106554,45,0.1900647948,17.92329689,4.294572348,3.898983726,5006,-2.4399,0.12727,-2.5672,-3.0177,3.57,13631,https://www.goodreads.com/search?q=+The+Associationof+Small+Bombs,0
"2016_Maksik,Alexander_ShelterInPlace_CT.txt",FIC,English,NYT,,2016,Maksik,Alexander,Alexander,Maksik,ShelterinPlace,,EuropaEditions,,,M,,113340,23,0.4329529244,11.39324487,3.977195847,2.941789922,5266,-2.2242,0.25648,-2.4807,-3.0126,4.25,36539,https://www.goodreads.com/search?q=+Shelterin+Place,1
"2016_Mallery,Susan_TheFriendsWeKeep_ROM.txt",FIC,English,ROM,,2016,Mallery,Susan,Susan,Mallery,TheFriendsWeKeep,,MIRA/Harlequin,,,F,,139276,39,0.1840213049,10.55681043,4.041200155,2.871482463,6545,-2.339,0.26692,-2.6059,-3.1351,3.98,8622,https://www.goodreads.com/search?q=Susan+Mallery+The+Friends+We+Keep,0
"2016_Marias,Javier_ThusBadBegins_CT.txt",FIC,English,NYT,,2016,Marias,Javier,Javier,Marias,ThusBadBegins,,AlfredAKnopf,,,M,,187737,37,0.4652250146,33.10474343,4.245188141,4.904827569,3646,-2.3763,0.22076,-2.597,-3.2051,3.98,2542,https://www.goodreads.com/search?q=Javier+Marias+Thus+Bad+Begins,1
"2016_Marsden,Monty_Missing_MY.txt",FIC,English,MY,,2016,Marsden,Monty,Monty,Marsden,Missing,,,,,M,,90136,29,0.2076703386,14.78123975,4.20074023,3.594094886,4322,-2.2686,0.19792,-2.4665,-2.9286,3.83,518,https://www.goodreads.com/search?q=Monty+Marsden+Missing,0
"2016_Marsons,Angela_BloodLines_MY.txt",FIC,English,MY,,2016,Marsons,Angela,Angela,Marsons,BloodLines,,,,,F,,108246,56,0.28368356,12.8894975,4.208925196,3.333353292,6931,-2.3089,0.24816,-2.5571,-3.0384,4.42,12801,https://www.goodreads.com/search?q=Angela+Marsons+Blood+Lines,0
"2016_Martel,Yann_TheHighMountainsOfPortugal_CT.txt",FIC,English,NYT,,2016,Martel,Yann,Yann,Martel,TheHighMountainsofPortugal,,RandomHouseCa,,,M,,112163,41,0.2021505376,14.22666159,4.256696759,3.597836477,4786,-2.1867,0.11817,-2.3049,-2.7986,3.39,17642,https://www.goodreads.com/search?q=+The+High+Mountainsof+Portugal,0
"2016_Mass,Sharon_TheSugarPlantersDaughter_ROM.txt",FIC,English,ROM,,2016,Maas,Sharon,Sharon,Maas,TheSugarPlanter'sDaughter,,Bookouture,,,F,,119813,46,0.2798780488,14.29749403,4.027318253,3.333150781,4863,-2.2642,0.18681,-2.451,-2.9649,4.09,559,https://www.goodreads.com/search?q=Sharon+Maas+The+Sugar+Planter's+Daughter,1
"2016_Mbue,Imbolo_BeholdTheDreamers_CT.txt",FIC,English,NYT,,2016,Mbue,Imbolo,Imbolo,Mbue,BeholdtheDreamers,,RandomHouse,,,F,,141478,46,0.1906422552,17.72685127,4.083473797,3.687818305,6212,-2.1285,0.30969,-2.4382,-2.9932,3.95,72112,https://www.goodreads.com/search?q=Imbolo+Mbue+Beholdthe+Dreamers,0
"2016_McBride,Eimear_TheLesserBohemians_CT.txt",FIC,English,NYT,,2016,McBride,Eimear,Eimear,McBride,TheLesserBohemians,,Hogarth,,,F,,127274,17,0.1432160804,9.752796935,3.796501828,2.583797927,5895,-2.4521,0.20664,-2.6587,-3.1801,3.85,3921,https://www.goodreads.com/search?q=Eimear+McBride+The+Lesser+Bohemians,1
"2016_McElwain,Julie_AMurderinTime_SF.txt",FIC,English,SF,,2016,McElwain,Julie,Julie,McElwain,AMurderinTime,,PegasusBooks,,,F,,177374,71,0.2573183214,12.20491296,4.328428405,3.29228975,10613,-2.2708,0.19964,-2.4704,-3.0384,3.76,15949,https://www.goodreads.com/search?q=+A+Murderin+Time,0
"2016_McEwan,Ian_Nutshell_BS.txt",FIC,English,BS,NYT,2016,McEwan,Ian,Ian,McEwan,Nutshell,,NanA.Talese/Doubleday,,,M,,56407,6,0.4489795918,12.7157349,4.222479296,3.279934765,1932,-2.3799,0.16027,-2.5402,-2.9203,3.68,47791,https://www.goodreads.com/search?q=Ian+McEwan+Nutshell,1
"2016_McGarry,Katie_WalkTheEdge_YA.txt",FIC,English,YA,,2016,McGarry,Katie,Katie,McGarry,WalkTheEdge,,,,,F,,143422,36,0.1270945305,13.16885502,3.879679541,3.058288786,7323,-2.3791,0.21662,-2.5957,-3.1119,4.24,8621,https://www.goodreads.com/search?q=Katie+McGarry+Walk+The+Edge,1
"2016_McGee,Katharine_TheThousandthFloor_SF.txt",FIC,English,SF,ROM,2016,McGee,Katharine,Katharine,McGee,TheThousandthFloor,,HarperCollins,,,F,,159836,50,0.164107813,14.62226695,4.250303592,3.479087277,10485,-2.4128,0.18769,-2.6004,-3.1383,3.67,38374,https://www.goodreads.com/search?q=Katharine+McGee+The+Thousandth+Floor,0
"2016_McGinnis,Mindy_TheFemaleoftheSpecies_YA.txt",FIC,English,YA,,2016,McGinnis,Mindy,Mindy,McGinnis,TheFemaleOfTheSpecies,,,,,F,,84813,24,0.3701831965,16.83131574,3.893850019,3.37544437,4619,-2.4116,0.20341,-2.615,-3.0216,4.17,33068,https://www.goodreads.com/search?q=Mindy+McGinnis+The+Female+Of+The+Species,1
"2016_McGoldrick,May_TamingtheHighlander_ROM.txt",FIC,English,ROM,,2016,McGoldrick,May,May,McGoldrick,TamingtheHighlander,,MacmillanCA,,,F,,94024,25,0.314667781,11.98674146,4.105568939,3.098392782,6088,-2.2481,0.30747,-2.5555,-3.0258,3.95,2555,https://www.goodreads.com/search?q=+Tamingthe+Highlander,0
"2016_McGuire,Ian_TheNorthWater_CT.txt",FIC,English,NYT,,2016,McGuire,Ian,Ian,McGuire,TheNorthWater,,HenryHoltandco.,,,M,,100374,32,0.3082608696,15.97803247,4.196530819,3.569959229,6752,-2.2302,0.24767,-2.4778,-2.9466,3.99,28353,https://www.goodreads.com/search?q=Ian+McGuire+The+North+Water,0
"2016_McInerny,Jay_BrightPreciousDays_CT.txt",FIC,English,NYT,,2016,McInerny,Jay,Jay,McInerny,"Bright,PreciousDays",,RandomHouseCa,,,M,,161919,66,0.2188815394,17.67481716,4.311199653,3.862545325,6758,-2.1842,0.29794,-2.4821,-3.0303,3.61,2237,"https://www.goodreads.com/search?q=+Bright,+Precious+Days",0
"2016_McMillan,Terry_IAlmostForgotAboutYou_CT.txt",FIC,English,NYT,,2016,McMillan,Terry,Terry,McMillan,IAlmostForgotAboutYou,,RandomHouseCa,,,F,,145141,51,0.1109253066,13.29130037,3.797025997,2.970248126,4855,-2.4081,0.2288,-2.637,-3.1466,3.71,8629,https://www.goodreads.com/search?q=Terry+McMillan+I+Almost+Forgot+About+You,1
"2016_Meadows,Rae_IWillSendRain_CT.txt",FIC,English,NYT,,2016,Meadows,Rae,Rae,Meadows,IWillSendRain,,Holt,,,F,,87646,31,0.1796036334,13.52353032,4.087327987,3.192817955,5755,-2.4601,0.13721,-2.5973,-3.0345,3.71,2537,https://www.goodreads.com/search?q=Rae+Meadows+I+Will+Send+Rain,0
"2016_Means,David_Hystopia_CT.txt",FIC,English,NYT,,2016,Means,David,David,Means,Hystopia,,MacmillanCA,,,M,,110464,21,0.2299503194,20.32830328,4.023567101,3.837288323,6380,-2.3202,0.22209,-2.5423,-3.0275,2.94,1353,https://www.goodreads.com/search?q=David+Means+Hystopia,1
"2016_Melton,GlennonDoyle_LoveWarriorAMemoir_ME.txt",NON,English,MEM,,2016,Melton,GlennonDoyle,GlennonDoyle,Melton,LoveWarrior:AMemoir,,,,,F,,88603,20,0.4906639004,13.82693508,3.883950585,3.21179979,4004,-2.3212,0.14268,-2.4639,-2.9054,4.07,64234,https://www.goodreads.com/search?q=+Love+Warrior:+A+Memoir,1
"2016_Mendelsohn,Jane_BurningDownTheHouse_CT.txt",FIC,English,NYT,,2016,Mendelsohn,Jane,Jane,Mendelsohn,BurningDowntheHouse,,RandomHouseCa,,,F,,82899,20,0.1940860215,15.19409824,4.319895121,3.761293709,4713,-2.1277,0.26825,-2.3959,-2.8799,4.13,1374,https://www.goodreads.com/search?q=+Burning+Downthe+House,0.33
"2016_Meyer,Stephanie_TheChemist_BS.txt",FIC,English,BS,,2016,Meyer,Stephanie,Stephanie,Meyer,TheChemist,,,,,F,,205417,41,0.26981409,13.65804521,4.163824999,3.362519713,9907,-2.2293,0.31989,-2.5492,-3.1692,3.74,81179,https://www.goodreads.com/search?q=+The+Chemist,0
"2016_Millet,Lydia_SweetLambOfHeaven_CT.txt",FIC,English,NYT,,2016,Millet,Lydia,Lydia,Millet,SweetLambofHeaven,,WWNorton,,,F,,92968,21,0.2580645161,18.5936,4.128999799,3.812419269,3808,-2.3708,0.14427,-2.515,-2.962,2.99,3228,https://www.goodreads.com/search?q=+Sweet+Lambof+Heaven,1
"2016_Mills,Kyle_OrdertoKill_BS.txt",FIC,English,BS,,2016,Mills,Kyle,Kyle,Mills,OrdertoKill,,EmilyBestler/Atria,,,M,,118817,51,0.3220743773,14.66514441,4.329179218,3.680132896,5679,-2.3059,0.25535,-2.5613,-3.0693,4.33,17948,https://www.goodreads.com/search?q=+Orderto+Kill,0
"2016_Miranda,Megan_AllTheMissingGirls_MY.txt",FIC,English,MY,NYT,2016,Miranda,Megan,Megan,Miranda,AllTheMissingGirls,,,,,F,,127853,28,0.2447916667,12.15217185,4.017547418,3.011245731,7999,-2.3049,0.21377,-2.5186,-3.0564,3.77,159058,https://www.goodreads.com/search?q=Megan+Miranda+All+The+Missing+Girls,1
"2016_Moore,Alan_Jerusalem_CT.txt",FIC,English,NYT,,2016,Moore,Alan,Alan,Moore,Jerusalem,,Liveright,,,M,,723086,213,0.1332763776,26.51969486,4.441794347,4.629669653,24492,-2.2883,0.18159,-2.4699,-3.4008,3.98,2435,https://www.goodreads.com/search?q=Alan+Moore+Jerusalem,0
"2016_Moore,Graham_TheLastDaysOfNight_CT.txt",FIC,English,NYT,,2016,Moore,Graham,Graham,Moore,TheLastDaysofNight,,RandomHouse,,,M,,126124,48,0.3511417492,13.9086899,4.373555768,3.585176253,4535,-2.2101,0.24353,-2.4537,-2.9768,4.14,36903,https://www.goodreads.com/search?q=+The+Last+Daysof+Night,0
"2016_Moore,Liz_TheUnseenWorld_CT.txt",FIC,English,NYT,,2016,Moore,Liz,Liz,Moore,TheUnseenWorld,,WWNorton,,,F,,146802,50,0.3044989775,17.58107784,4.302888343,3.893941301,7373,-2.3228,0.20514,-2.528,-3.0762,4.11,15088,https://www.goodreads.com/search?q=Liz+Moore+The+Unseen+World,0
"2016_Morgan,CE_TheSportOfKings_CT.txt",FIC,English,NYT,,2016,Morgan,CE,CE,Morgan,TheSportofKings,,"Farrar,Straus,andGiroux",,,M,,265294,65,0.1681437126,18.3581759,4.244010915,3.84312649,14784,-2.1099,0.30822,-2.4181,-3.1395,3.58,3390,https://www.goodreads.com/search?q=+The+Sportof+Kings,0
"2016_Moriarty,Liane_TrulyMadlyGuilty_BS.txt",FIC,English,BS,,2016,Moriarty,Liane,Liane,Moriarty,TrulyMadlyGuilty,,Flatiron,,,F,,168702,38,0.2059399478,13.77834041,4.237684943,3.445953244,8313,-2.359,0.19348,-2.5525,-3.0817,3.58,270766,https://www.goodreads.com/search?q=Liane+Moriarty+Truly+Madly+Guilty,0
"2016_Morris,Bonnie_TheDisappearingL_HIST.txt",NON,English,HIST,,2016,Morris,Bonnie,Bonnie,Morris,TheDisappearingL:ErasureofLesbianSpacesandCulture,,StateUniversityofNewYorkPress,,,F,,94641,35,0.0757575758,29.12030769,4.941640263,5.465078511,779,-2.2638,0.11551,-2.3793,-2.8404,4.03,109,https://www.goodreads.com/search?q=+The+Disappearing+L:+Erasureof+Lesbian+Spacesand+Culture,1
"2016_Moshfegh,Ottessa_Eileen_PW.txt",FIC,English,PW,,2016,Moshfegh,Ottessa,Ottessa,Moshfegh,Eileen,,Penguin,ManBooker,Shortlist,F,US,90973,23,0.3870246085,15.78296322,4.070162692,3.504558354,4302,-2.3182,0.21389,-2.532,-2.9898,3.58,48655,https://www.goodreads.com/search?q=Ottessa+Moshfegh+Eileen,1
"2016_Moyes,Jojo_ParisForOneandOtherStories_BS.txt",FIC,English,BS,,2016,Moyes,Jojo,Jojo,Moyes,ParisForOneandOtherStories,,PamelaDorman/Viking,,,F,,64391,40,0.2562862669,11.24144553,4.076790909,2.930056135,3948,-2.3488,0.15058,-2.4994,-2.9056,3.53,36418,https://www.goodreads.com/search?q=+Paris+For+Oneand+Other+Stories,0
"2016_Mukherjee,Siddhartha_TheGene_HIST.txt",NON,English,HIST,,2016,Mukherjee,Siddhartha,Siddhartha,Mukherjee,TheGene:AnIntimateHistory,,Scribner,,,M,,214181,154,0.057442866,23.3439782,4.987192156,5.224170014,2638,-2.1218,0.11681,-2.2386,-2.8334,4.35,41082,https://www.goodreads.com/search?q=Siddhartha+Mukherjee+The+Gene:+An+Intimate+History,0
"2016_Mull,Brandon_DeathWeavers_MG.txt",FIC,English,MID,,2016,Mull,Brandon,Brandon,Mull,DeathWeavers,,,,,M,,151110,57,0.3811389394,10.47556326,4.258598532,3.032212732,9187,-2.1459,0.2706,-2.4165,-2.975,4.48,7993,https://www.goodreads.com/search?q=Brandon+Mull+Death+Weavers,0
"2016_Muller,Herta_TheFoxWasEverTheHunter_CT.txt",FIC,English,NYT,,2016,Muller,Herta,Herta,Muller,TheFoxWasEvertheHunter,,MacmillanCA,,,F,,77101,19,0.335472044,16.20790414,4.12548171,3.537455497,4356,-2.2288,0.15655,-2.3853,-2.8189,3.43,1727,https://www.goodreads.com/search?q=+The+Fox+Was+Everthe+Hunter,0.01
"2016_Murray,Sabina_VallientGentlemen_CT.txt",FIC,English,NYT,,2016,Murray,Sabina,Sabina,Murray,ValliantGentlemen,,GrovePress,,,F,,201309,128,0.1714825033,15.32031963,4.270784448,3.61240758,8200,-2.3426,0.19393,-2.5366,-3.1141,4.48,567,https://www.goodreads.com/search?q=+Valliant+Gentlemen,0
"2016_Myerson,Julie_TheStoppedHeart_CT.txt",FIC,English,NYT,,2016,Myerson,Julie,Julie,Myerson,TheStoppedHeart,,HarperCollins,,,F,,176904,42,0.2109730221,10.85167464,3.825480112,2.652998923,11141,-2.1791,0.40864,-2.5878,-3.1932,3.52,1994,https://www.goodreads.com/search?q=Julie+Myerson+The+Stopped+Heart,1
"2016_Nadler,Stuart_TheInseparables_CT.txt",FIC,English,NYT,,2016,Nadler,Stuart,Stuart,Nadler,TheInseparables,,"Little,Brown,andCo.",,,M,,118992,26,0.234375,12.77697842,4.298495776,3.370605238,5295,-2.3377,0.21409,-2.5518,-3.0194,3.32,976,https://www.goodreads.com/search?q=Stuart+Nadler+The+Inseparables,0
"2016_Nakamura,Fuminori_TheKingdom_CT.txt",FIC,English,NYT,,2016,Nakamura,Fuminori,Fuminori,Nakamura,TheKingdom,,SohoPress,,,M,,44989,11,0.273458445,11.37809813,3.956367393,2.980100816,2177,-2.2223,0.24228,-2.4646,-2.8856,2.99,696,https://www.goodreads.com/search?q=Fuminori+Nakamura+The+Kingdom,1
"2016_Nance,John_FinalApproach_MY.txt",FIC,English,MY,,2016,Nance,John,John,Nance,FinalApproach,,,,,M,,187011,73,0.255075594,17.75308525,4.352882362,3.955282685,9142,-2.269,0.21512,-2.4841,-3.077,4.17,1876,https://www.goodreads.com/search?q=John+Nance+Final+Approach,0
"2016_Ndiaye,Marie_Ladivine_CT.txt",FIC,English,NYT,,2016,Ndiaye,Marie,Marie,Ndiaye,Ladivine,,RandomHouseCa,,,F,,115472,19,0.307814992,29.02765209,4.443549925,4.855825771,4863,-2.4708,0.12316,-2.5939,-3.0877,3.31,712,https://www.goodreads.com/search?q=Marie+Ndiaye+Ladivine,0
"2016_Neilson,David_Dr.FellandthePlaygroundofDoom_MG.txt",FIC,English,MID,,2016,Neilson,David,David,Neilson,DrFellandthePlaygroundofDoom,,,,,M,,58274,24,0.3554455446,16.16028841,4.35409624,3.699152961,3687,-2.3036,0.17053,-2.4741,-2.8711,3.94,252,https://www.goodreads.com/search?q=+Dr+Fellandthe+Playgroundof+Doom,0
"2016_Neuvel,Sylvain_SleepingGiants_SF.txt",FIC,English,SF,,2016,Neuvel,Sylvain,Sylvain,Neuvel,SleepingGiants,,DelRey,,,F,,95299,17,0.1595744681,12.83834029,4.016750917,3.205483433,1618,-2.1226,0.29065,-2.4133,-2.9031,3.83,80720,https://www.goodreads.com/search?q=Sylvain+Neuvel+Sleeping+Giants,1
"2016_Nguyen,VietThanh_TheSympathizer_PW.txt",FIC,English,PW,,2016,Nguyen,VietThanh,Viet Thanh,Nguyen,TheSympathizer,,GrovePress,PEN/FaulknerAwardforFiction,Shortlist,M,Vietnam,160442,40,0.1757482732,18.93120944,4.325473681,4.129467248,6403,-2.2261,0.18736,-2.4135,-2.9715,3.99,96228,https://www.goodreads.com/search?q=+The+Sympathizer,1
"2016_Nijkamp,Mariaeke_ThisIsWhereItEnds_YA.txt",FIC,English,YA,,2016,Nijkamp,Mariaeke,Mariaeke,Nijkamp,ThisIsWhereItEnds,,,,,F,,67256,37,0.1970899471,11.58387875,3.961164016,2.924650065,3188,-2.3851,0.24048,-2.6256,-3.0186,3.69,92300,https://www.goodreads.com/search?q=+This+Is+Where+It+Ends,1
"2016_Niven,Jennifer_HoldingUptheUniverse_YA.txt",FIC,English,YA,,2016,Niven,Jennifer,Jennifer,Niven,HoldingUpTheUniverse,,,,,F,,102090,50,0.1515358362,14.25638877,3.823228342,3.095346012,4236,-2.435,0.20372,-2.6388,-3.0787,3.78,98019,https://www.goodreads.com/search?q=Jennifer+Niven+Holding+Up+The+Universe,1
"2016_Noah,Trevor_BornaCrime_ME.txt",NON,English,MEM,,2016,Noah,Trevor,Trevor,Noah,BornaCrime,,,,,M,,107198,37,0.1755424063,13.89294971,3.990496187,3.280088339,2939,-2.1921,0.14126,-2.3333,-2.819,4.48,544939,https://www.goodreads.com/search?q=+Borna+Crime,1
"2016_Novey,Idra_WaysToDisappear_CT.txt",FIC,English,NYT,,2016,Novey,Idra,Idra,Novey,WaystoDisappear,,HachetteBookGroup,,,F,,42531,14,0.2874371859,17.5820587,4.208775505,3.86545405,1850,-2.4984,0.11108,-2.6095,-2.9586,3.46,4014,https://www.goodreads.com/search?q=+Waysto+Disappear,0
"2016_Oates,Joyce_TheManWithoutAShadow_CT.txt",FIC,English,NYT,,2016,Oates,Joyce,Joyce,Oates,TheManWithoutaShadow,,HarperCollins,,,F,,127045,37,0.2647563066,16.05928454,4.460115772,3.895077794,3045,-2.2507,0.18205,-2.4327,-2.9407,3.64,3005,https://www.goodreads.com/search?q=+The+Man+Withouta+Shadow,0
"2016_Ohler,Norman_BlitzedDrugsinNaziGermany_HIST.txt",NON,English,HIST,,2016,Ohler,Norman,Norman,Ohler,Blitzed:DrugsinNaziGermany,,AllenLane,,,M,,76835,42,0.3088235294,25.44205298,4.808776501,5.07690319,1563,-2.351,0.079536,-2.4306,-2.8623,4.03,17837,https://www.goodreads.com/search?q=+Blitzed:+Drugsin+Nazi+Germany,0
"2016_Oliva,Alexandra_TheLastOne_SF.txt",FIC,English,SF,,2016,Oliva,Alexandra,Alexandra,Oliva,TheLastOne,,BallantineBooks,,,F,,122023,25,0.1257512714,13.73050523,4.138638762,3.263355858,7138,-2.0573,0.35032,-2.4076,-2.897,3.63,14555,https://www.goodreads.com/search?q=Alexandra+Oliva+The+Last+One,1
"2016_Olsen,Gregg_TheSoundofRain_MY.txt",FIC,English,MY,,2016,Olsen,Gregg,Gregg,Olsen,TheSoundofRain,,,,,M,,121443,36,0.1380395683,11.34875245,3.870845128,2.85134227,6127,-2.4087,0.19879,-2.6075,-3.1046,4.1,25269,https://www.goodreads.com/search?q=+The+Soundof+Rain,1
"2016_Olson,James_MyLai_HIST.txt",NON,English,HIST,,2016,"Olson,etal",James,James,"Olson,etal",MyLai:ABriefHistorywithDocuments,,PalgraveMacmillan,,,M,,84839,71,0.1468416735,20.70253782,4.452306144,4.312378834,2855,-1.9705,0.20584,-2.1764,-2.7025,3.88,207,https://www.goodreads.com/search?q=+My+Lai:+A+Brief+Historywith+Documents,1
"2016_ONan,Stewart_CityOfSecrets_CT.txt",FIC,English,NYT,,2016,O'Nan,Stewart,Stewart,O'Nan,CityofSecrets,,PenguinGroupUSA,,,M,,59010,29,0.3638268156,15.49632353,4.253578732,3.594755554,3224,-2.3229,0.25968,-2.5825,-2.9699,3.89,3910,https://www.goodreads.com/search?q=+Cityof+Secrets,0
"2016_OReilly,Bill_KillingTheRisingSun_HIST.txt",NON,English,HIST,,2016,OReilly,Bill,Bill,OReilly,KillingtheRisingSun:HowAmericaVanquishedWorldWarIIJapan,,HenryHoltandCo.,,,M,,84462,66,0.1298557159,21.37196356,4.697164635,4.684642806,2182,-2.2315,0.16753,-2.3991,-2.8358,4.34,17461,https://www.goodreads.com/search?q=+Killingthe+Rising+Sun:+How+America+Vanquished+World+War+I+I+Japan,0
"2016_Osborne,Lawrence_HuntersInTheDark_CT.txt",FIC,English,NYT,,2016,Osborne,Lawrence,Lawrence,Osborne,HuntersintheDark,,Hogarth,,,M,,109999,25,0.2846153846,15.04774282,4.122740005,3.548538898,5849,-2.327,0.24217,-2.5692,-3.0584,3.72,1246,https://www.goodreads.com/search?q=+Huntersinthe+Dark,0
"2016_Oz,Amos_Judas_CT.txt",FIC,English,NYT,,2016,Oz,Amos,Amos,Oz,Judas,,HoutonMifflinHarcourt,,,M,,108861,33,0.3333333333,20.24944196,4.264828243,4.117170317,4268,-2.1527,0.27816,-2.4309,-2.9332,3.85,7395,https://www.goodreads.com/search?q=Amos+Oz+Judas,0
"2016_Pachett,Ann_Commonwealth_BS.txt",FIC,English,BS,NYT,2016,Pachett,Ann,Ann,Pachett,Commonwealth,,Harper,,,F,,124420,50,0.1800107469,16.19841167,4.108516587,3.601830393,5831,-2.3862,0.13943,-2.5257,-3.0245,3.82,160152,https://www.goodreads.com/search?q=+Commonwealth,0
"2016_Palacio,Derek_TheMortifications_CT.txt",FIC,English,NYT,,2016,Palacio,Derek,Derek,Palacio,TheMortifications,,TimDugganBooks,,,M,,115662,30,0.2987661575,17.10470275,4.224658541,3.810598496,5511,-2.1679,0.29974,-2.4677,-2.9827,3.18,584,https://www.goodreads.com/search?q=Derek+Palacio+The+Mortifications,1
"2016_Palmer,Matthew_TheWolfOfSarajevo_CT.txt",FIC,English,NYT,,2016,Palmer,Matthew,Matthew,Palmer,TheWolfofSarajevo,,GPPutnam'sSons,,,M,,121945,65,0.2335347432,13.20322651,4.322449376,3.536671924,3808,-2.176,0.2586,-2.4346,-2.9304,3.76,359,https://www.goodreads.com/search?q=+The+Wolfof+Sarajevo,0
"2016_Pankhurst,Carolyn_Harmony_CT.txt",FIC,English,NYT,,2016,Pankhurst,Carolyn,Carolyn,Pankhurst,Harmony,,PamelaDorman/Viking,,,F,,105165,26,0.3019271949,17.20350074,3.962366327,3.49646716,3857,-2.2344,0.31026,-2.5447,-3.0192,4.12,30087,https://www.goodreads.com/search?q=+Harmony,1
"2016_Paris,BA_BehindClosedDoors_MY.txt",FIC,English,MY,,2016,Paris,BA,BA,Paris,BehindClosedDoors,,,,,F,,116893,31,0.3515625,17.9973826,3.888118782,3.515097915,6379,-2.2888,0.22596,-2.5147,-3.0678,3.97,403038,https://www.goodreads.com/search?q=BA+Paris+Behind+Closed+Doors,1
"2016_Park,LindaSue_Wing&ClawForestOfWonders_CT.txt",FIC,English,NYT,,2016,Park,LindaSue,LindaSue,Park,Wing&Claw:ForestofWonders,,HarperCollins,,,F,,75005,22,0.4823819591,12.81698565,4.191833401,3.277532868,5230,-2.2945,0.18299,-2.4774,-2.8919,4.43,561129,https://www.goodreads.com/search?q=+Wing&+Claw:+Forestof+Wonders,0
"2016_Parr,Delia_TheMidwifesDilemma_ROM.txt",FIC,English,ROM,,2016,Parr,Delia,Delia,Parr,TheMidwife'sDilemma,,BethanyHousePublishers,,,F,,108527,46,0.2318985652,20.62858772,4.121109901,4.019038541,5943,-2.2589,0.26633,-2.5252,-3.0304,4.02,302,https://www.goodreads.com/search?q=Delia+Parr+The+Midwife's+Dilemma,0
"2016_Patterson,James_15thAffair_MY.txt",FIC,English,MY,,2016,Patterson,James,James,Patterson,15thAffair,,,,,M,,80903,53,0.1746174617,13.8508817,4.018075871,3.216468575,5363,-2.1996,0.29551,-2.4951,-2.9317,4.12,33772,https://www.goodreads.com/search?q=James+Patterson+15th+Affair,1
"2016_Patterson,James_Bullseye_MY.txt",FIC,English,MY,,2016,Patterson,James,James,Patterson,Bullseye,,,,,M,,83268,45,0.1085154484,14.70646415,4.204813204,3.485167564,4864,-2.1923,0.27107,-2.4634,-2.8912,3.94,14838,https://www.goodreads.com/search?q=James+Patterson+Bullseye,1
"2016_Patterson,James_CrossTheLine_BS.txt",FIC,English,BS,,2016,Patterson,James,James,Patterson,CrosstheLine,,"Little,BrownandCompany",,,M,,94172,66,0.1275579809,13.96796203,4.178761815,3.324518306,6841,-2.2127,0.23195,-2.4446,-2.8824,4.07,22127,https://www.goodreads.com/search?q=+Crossthe+Line,1
"2016_Paul,Gill_TheSecretWife_ROM.txt",FIC,English,ROM,,2016,Paul,Gill,Gill,Paul,TheSecretWife,,HarperCollins,,,F,,139665,69,0.3817655572,17.6925513,4.275645453,3.949990178,6819,-2.3543,0.20362,-2.558,-3.085,4.18,43377,https://www.goodreads.com/search?q=Gill+Paul+The+Secret+Wife,0
"2016_Pembrery,Daniel_TheHarbourMaster_MY.txt",FIC,English,MY,,2016,Pembrey,Daniel,Daniel,Pembrey,TheHarbourMaster,,,,,M,,99253,52,0.1302998966,12.21124508,4.242065558,3.187614459,5427,-2.3809,0.22458,-2.6055,-3.0197,3.48,1114,https://www.goodreads.com/search?q=Daniel+Pembrey+The+Harbour+Master,1
"2016_Penkov,Miroslav_StorkMountain_CT.txt",FIC,English,NYT,,2016,Penkov,Miroslav,Miroslav,Penkov,StorkMountain,,"Farrar,Straus,andGiroux",,,M,,124553,45,0.3552361396,13.98843217,4.085938409,3.248292255,7986,-2.3079,0.18832,-2.4963,-2.983,3.79,1161,https://www.goodreads.com/search?q=Miroslav+Penkov+Stork+Mountain,1
"2016_Penny,Louise_AGreatReckoning_BS.txt",FIC,English,BS,,2016,Penny,Louise,Louise,Penny,AGreatReckoning,,,,,F,,158841,61,0.1130587204,11.20097313,4.260424011,3.070099195,9373,-2.3123,0.2184,-2.5307,-3.0686,4.42,55534,https://www.goodreads.com/search?q=Louise+Penny+A+Great+Reckoning,0
"2016_Pennypcker,Sara_Pax_CT.txt",FIC,English,NYT,,2016,Pennypacker,Sara,Sara,Pennypacker,Pax,,HarperCollins,,,F,,60816,8,0.3258110014,13.03106921,4.089831797,3.22775924,4708,-2.1611,0.32729,-2.4884,-2.8825,3.94,49519,https://www.goodreads.com/search?q=Sara+Pennypacker+Pax,0
"2016_Perini,Robin_ForgottenSecrets_MY.txt",FIC,English,MY,,2016,Perini,Robin,Robin,Perini,ForgottenSecrets,,,,,F,,125113,48,0.246964396,10.6788153,4.229246773,2.982632176,8417,-2.3281,0.1958,-2.5239,-3.0217,4.23,8369,https://www.goodreads.com/search?q=Robin+Perini+Forgotten+Secrets,0
"2016_Perri,Camille_TheAssistants_CT.txt",FIC,English,NYT,,2016,Perri,Camille,Camille,Perri,TheAssistants,,PenguinGroupUSA,,,F,,85332,22,0.231227652,14.64424232,4.110268477,3.435637925,3738,-2.3919,0.20114,-2.593,-2.9969,3.47,17272,https://www.goodreads.com/search?q=Camille+Perri+The+Assistants,1
"2016_Persons,Larry_TheWayThaisLead_HIST.txt",NON,English,HIST,,2016,Persons,Larry,Larry,Persons,TheWayThaisLead:FaceasSocialCapital,,SilkwormBooks,,,M,,86766,11,0.3941176471,17.9268595,4.787490753,4.529191729,449,-2.2731,0.11314,-2.3862,-2.855,4.06,33,https://www.goodreads.com/search?q=+The+Way+Thais+Lead:+Faceas+Social+Capital,0
"2016_Petriello,David_BacteriaandBayonets_HIST.txt",NON,English,HIST,,2016,Petriello,David,David,Petriello,BacteriaandBayonets:TheImpactofDiseaseinAmericanMilitaryHistory,,CasemateIpm,,,M,,90551,66,0.09371293,26.39970845,4.860419765,5.215863485,1325,-2.3434,0.088606,-2.432,-2.8612,4,17,https://www.goodreads.com/search?q=+Bacteriaand+Bayonets:+The+Impactof+Diseasein+American+Military+History,0
"2016_Picoult,Jodi_SmallGreatThings_BS.txt",FIC,English,BS,NYT,2016,Picoult,Jodi,Jodi,Picoult,SmallGreatThings,,Bantam,,,F,,193310,82,0.1439528024,14.94241323,3.985704065,3.320738731,9356,-2.3463,0.20285,-2.5492,-3.1435,4.34,312912,https://www.goodreads.com/search?q=Jodi+Picoult+Small+Great+Things,1
"2016_Pierce,Blake_ATraceofDeath_MY.txt",FIC,English,MY,,2016,Pierce,Blake,Blake,Pierce,ATraceofDeath,,,,,M,,74943,30,0.3258185722,13.11338583,4.107532708,3.277582152,4185,-2.2327,0.30761,-2.5403,-2.9741,4.08,7061,https://www.goodreads.com/search?q=+A+Traceof+Death,0
"2016_Pierce,Blake_CausetoRun_MY.txt",FIC,English,MY,,2016,Pierce,Blake,Blake,Pierce,CausetoRun,,,,,M,,78875,35,0.4395548811,10.80479452,4.114944179,2.984771262,4366,-2.1218,0.3622,-2.484,-2.9066,4.08,2753,https://www.goodreads.com/search?q=+Causeto+Run,0
"2016_Pinckney,Darryl_BlackDeutschland_CT.txt",FIC,English,NYT,,2016,Pinckney,Darryl,Darryl,Pinckney,BlackDeutschland,,MacmillanCA,,,M,,112589,45,0.1587044534,17.7221785,4.224399201,3.883447517,4479,-2.4202,0.18484,-2.605,-3.0801,2.91,408,https://www.goodreads.com/search?q=Darryl+Pinckney+Black+Deutschland,1
"2016_Pipkin,John_TheBlindAstronomersDaughter_CT.txt",FIC,English,NYT,,2016,Pipkin,John,John,Pipkin,TheBlindAstronomer'sDaughter,,Bloomsbury,,,M,,170489,66,0.1580565806,24.76957722,4.311684127,4.415365257,8579,-2.2969,0.19899,-2.4959,-3.1073,3.54,332,https://www.goodreads.com/search?q=John+Pipkin+The+Blind+Astronomer's+Daughter,0
"2016_Pitt-Brooke,David_CrossingHomeGround_ME.txt",NON,English,MEM,,2016,Pitt-Brooke,David,David,Pitt-Brooke,CrossingHomeGround,,,,,M,,108474,6,0.2653061224,19.70463215,4.555889251,4.360918372,1495,-2.152,0.23768,-2.3897,-2.8631,4.3,10,https://www.goodreads.com/search?q=David+Pitt-Brooke+Crossing+Home+Ground,1
"2016_Pittard,Hannah_ListenToMe_CT.txt",FIC,English,NYT,,2016,Pittard,Hannah,Hannah,Pittard,ListentoMe,,HoutonMifflinHarcourt,,,F,,61888,9,0.4046121593,13.17326522,4.19032188,3.310350963,3098,-2.359,0.15977,-2.5188,-2.9052,4.03,11605,https://www.goodreads.com/search?q=+Listento+Me,0
"2016_Poliner,Elizabeth_AsCloseToUsAsBreathing_CT.txt",FIC,English,NYT,,2016,Poliner,Elizabeth,Elizabeth,Poliner,AsClosetoUsasBreathing,,HachetteBookGroup,,,F,,134206,63,0.1288787753,18.89693044,4.19509977,3.873674593,7964,-2.3455,0.14101,-2.4865,-3.0119,3.66,5249,https://www.goodreads.com/search?q=+As+Closeto+Usas+Breathing,1
"2016_Pollack,Eileen_APerfectLife_CT.txt",FIC,English,NYT,,2016,Pollack,Eileen,Eileen,Pollack,APerfectLife,,HarperCollins,,,F,,125643,41,0.1523400191,13.99610115,4.025299689,3.260891129,6024,-2.2904,0.21553,-2.5059,-3.0104,3.3,203,https://www.goodreads.com/search?q=Eileen+Pollack+A+Perfect+Life,1
"2016_Pollock,DonaldRay_TheHeavenlyTable_CT.txt",FIC,English,NYT,,2016,Pollock,DonaldRay,DonaldRay,Pollock,TheHeavenlyTable,,Doubleday,,,M,,154533,82,0.1200787402,19.70581484,4.089845994,3.835051074,8755,-2.397,0.25509,-2.6521,-3.1745,4.08,5506,https://www.goodreads.com/search?q=+The+Heavenly+Table,0
"2016_Prentiss,Molly_TuesdayNightsIn1980_CT.txt",FIC,English,NYT,,2016,Prentiss,Molly,Molly,Prentiss,TuesdayNightsin1980,,Simon&Schuster,,,F,,113457,39,0.2393292683,17.78044194,4.178289233,3.774057363,5056,-2.3111,0.17527,-2.4864,-2.9747,3.73,4048,https://www.goodreads.com/search?q=+Tuesday+Nightsin1980,0
"2016_Preston,Douglas_TheObsidianChamber_BS.txt",FIC,English,BS,,2016,Preston,Douglas,Douglas,Preston,TheObsidianChamber,,GrandCentralPublishing,,,M,,131064,46,0.2505938242,15.3076384,4.388870401,3.75330761,7469,-2.19,0.19978,-2.3898,-2.8994,3.97,15734,https://www.goodreads.com/search?q=Douglas+Preston+The+Obsidian+Chamber,0
"2016_Prose,Francine_MisterMonkey_CT.txt",FIC,English,NYT,,2016,Prose,Francine,Francine,Prose,MisterMonkey,,HarperCollins,,,F,,98872,54,0.1290322581,15.57284612,4.257361024,3.64322662,2891,-2.3478,0.083261,-2.4311,-2.8786,3.42,2406,https://www.goodreads.com/search?q=Francine+Prose+Mister+Monkey,0
"2016_Proulx,Annie_Barkskins_CT.txt",FIC,English,NYT,,2016,Proulx,Annie,Annie,Proulx,Barkskins,,Scribner,,,F,,272394,210,0.0670301902,16.25844574,4.341357674,3.80234222,13321,-2.2288,0.19892,-2.4277,-3.135,3.8,17017,https://www.goodreads.com/search?q=Annie+Proulx+Barkskins,0
"2016_Quindlen,Anna_MillersValley_CT.txt",FIC,English,NYT,,2016,Quindlen,Anna,Anna,Quindlen,Miller'sValley,,RandomHouseCa,,,F,,91895,37,0.1503990178,19.24099665,3.911620274,3.640109974,3367,-2.4803,0.17334,-2.6537,-3.0863,3.88,23623,https://www.goodreads.com/search?q=Anna+Quindlen+Miller's+Valley,1
"2016_Raboy,Marc_MarconiTheManWhoNetworkedTheWorld_HIST.txt",NON,English,HIST,,2016,Raboy,Marc,Marc,Raboy,Marconi:TheManWhoNetworkedtheWorld,,OxfordUniversityPress,,,M,,328550,236,0.1836798337,31.40412923,4.835371541,5.546191745,7392,-2.2359,0.21652,-2.4525,-3.2283,4.07,46,https://www.goodreads.com/search?q=+Marconi:+The+Man+Who+Networkedthe+World,0
"2016_Rankin,Ian_RatherBeTheDevil_MY.txt",FIC,English,MY,,2016,Rankin,Ian,Ian,Rankin,RatherBetheDevil,,,,,M,,128638,71,0.1730892059,12.39048353,4.154484106,3.115533774,6796,-2.3533,0.24134,-2.5946,-3.08,4.09,11324,https://www.goodreads.com/search?q=+Rather+Bethe+Devil,0
"2016_Rathbone,Emma_LosingIt_CT.txt",FIC,English,NYT,,2016,"2016_Hunt,Samantha_MrSpitfoot_CT",Emma,Emma,"2016_Hunt,Samantha_MrSpitfoot_CT",LosingIt,,Riverhead,,,F,,84101,26,0.2810457516,14.03789017,4.018674909,3.263052988,5125,-2.3762,0.20671,-2.5829,-3.0306,3.73,103694,https://www.goodreads.com/search?q=+Losing+It,1
"2016_Raven,James_TheDepraved_MY.txt",FIC,English,MY,,2016,Raven,James,James,Raven,TheDepraved,,,,,M,,83601,37,0.1913282863,15.11772152,4.081633215,3.542328566,4738,-2.3095,0.22294,-2.5324,-3.0202,4.11,88,https://www.goodreads.com/search?q=James+Raven+The+Depraved,1
"2016_Raymond,Midge_MyLastContinent_CT.txt",FIC,English,NYT,,2016,Raymond,Midge,Midge,Raymond,MyLastContinent,,Scribner,,,F,,100292,27,0.3045886076,17.8423768,4.029155772,3.593795639,5453,-2.2025,0.26825,-2.4707,-2.9626,3.92,1681,https://www.goodreads.com/search?q=Midge+Raymond+My+Last+Continent,1
"2016_Rebeck,Theresa_ImGladAboutYou_CT.txt",FIC,English,NYT,,2016,Rebeck,Theresa,Theresa,Rebeck,I'mGladAboutYou,,PenguinGroupUSA,,,F,,134460,45,0.2750771605,15.90677866,4.172593816,3.629585036,5456,-2.254,0.25139,-2.5054,-3.0402,2.92,3168,https://www.goodreads.com/search?q=Theresa+Rebeck+I'm+Glad+About+You,0
"2016_Reid,Ian_ImThinkingOfEndingThings_CT.txt",FIC,English,NYT,,2016,Reid,Ian,Ian,Reid,I'mThinkingofEndingThings,,ScoutPress,,,M,,64001,5,0.9002217295,9.337758973,3.83101052,2.536184839,2355,-2.0576,0.13174,-2.1894,-2.7625,3.59,102211,https://www.goodreads.com/search?q=+I'm+Thinkingof+Ending+Things,1
"2016_Rice,Anne_PrinceLestatAndTheRealmsOfAtlantis_BS.txt",FIC,English,BS,,2016,Rice,Anne,Anne,Rice,PrinceLestatandtheRealmsofAtlantis,,Knopf,,,F,,199818,60,0.1698624427,16.40137897,4.20822437,3.71432723,8618,-2.1941,0.25319,-2.4473,-3.0855,3.81,7872,https://www.goodreads.com/search?q=+Prince+Lestatandthe+Realmsof+Atlantis,1
"2016_Rimington,Stella_BreakingCover_CT.txt",FIC,English,NYT,,2016,Rimington,Stella,Stella,Rimington,BreakingCover,,Bloomsbury,,,F,,119489,55,0.1520706042,16.18872781,4.189410858,3.675919814,5495,-2.2557,0.2695,-2.5252,-3.038,3.97,1737,https://www.goodreads.com/search?q=Stella+Rimington+Breaking+Cover,0
"2016_Rimmer,Kelly_WhenILostYou_ROM.txt",FIC,English,ROM,,2016,Rimmer,Kelly,Kelly,Rimmer,WhenILostYou,,Bookouture,,,F,,137132,25,0.6749134092,16.60998062,3.897524179,3.446834196,7433,-2.3804,0.20975,-2.5901,-3.1324,4.01,3274,https://www.goodreads.com/search?q=Kelly+Rimmer+When+I+Lost+You,1
"2016_Riordan,Rick_TheHammerofThor_MG.txt",FIC,English,MID,,2016,Riordan,Rick,Rick,Riordan,TheHammerofThor,,,,,M,,143648,65,0.169924478,12.19629818,4.18772225,3.096802966,7689,-2.3328,0.16611,-2.4989,-2.9802,4.34,89401,https://www.goodreads.com/search?q=+The+Hammerof+Thor,1
"2016_Riordan,Rick_TheHiddenOracle_MG.txt",FIC,English,MID,,2016,Riordan,Rick,Rick,Riordan,TheHiddenOracle,,,,,M,,106983,68,0.220021606,11.9480679,4.210573435,3.143094794,5590,-2.3573,0.14004,-2.4973,-2.9379,4.19,147569,https://www.goodreads.com/search?q=Rick+Riordan+The+Hidden+Oracle,1
"2016_Rivers,Karen_TheGirlInTheWellIsMe_CT.txt",FIC,English,NYT,,2016,Rivers,Karen,Karen,Rivers,TheGirlintheWellisMe,,DancingCatBooks,,,F,,49450,17,0.1770045386,13.16209742,3.797480202,2.949619859,1723,-2.4078,0.10472,-2.5125,-2.8775,3.48,1657,https://www.goodreads.com/search?q=+The+Girlinthe+Wellis+Me,1
"2016_Rizvi,Ali_TheAtheistMuslim_ME.txt",NON,English,MEM,,2016,Rizvi,Ali,Ali,Rizvi,TheAtheistMuslim,,,,,M,,97570,47,0.1687571266,23.06619385,4.661844269,4.799095047,769,-2.1232,0.13675,-2.26,-2.7428,4.3,1018,https://www.goodreads.com/search?q=Ali+Rizvi+The+Atheist+Muslim,1
"2016_Robb,JD_ApprenticeInDeath_BS.txt",FIC,English,BS,,2016,Robb,JD,JD,Robb,ApprenticeinDeath,,,,,F,,138266,81,0.2186495177,11.82367026,4.05743237,2.981093778,6047,-2.2198,0.20544,-2.4252,-2.9651,4.43,22293,https://www.goodreads.com/search?q=+Apprenticein+Death,0
"2016_Roberts,HollyS_HeatOutlawRomanticSuspense_ROM.txt",FIC,English,ROM,,2016,Roberts,HollyS.,HollyS.,Roberts,Heat:OutlawRomanticSuspense,,FourCaratPress,,,F,,100397,35,0.4103291714,12.57319975,3.888571989,3.057913728,6021,-2.2989,0.2147,-2.5136,-2.9846,4.53,17,https://www.goodreads.com/search?q=+Heat:+Outlaw+Romantic+Suspense,1
"2016_Roberts,Nora_BayofSighs_MY.txt",FIC,English,MY,,2016,Roberts,Nora,Nora,Roberts,BayofSighs,,,,,F,,130287,26,0.1823917408,11.04969892,3.928913554,2.746232846,7025,-2.2344,0.2425,-2.4769,-2.9838,4.16,20974,https://www.goodreads.com/search?q=+Bayof+Sighs,0
"2016_Roberts,Nora_IslandofGlass_MY.txt",FIC,English,MY,,2016,Roberts,Nora,Nora,Roberts,IslandofGlass,,,,,F,,122139,24,0.2185185185,11.35648536,3.985818833,2.833197859,7173,-2.2235,0.24896,-2.4725,-2.9713,4.26,20244,https://www.goodreads.com/search?q=+Islandof+Glass,0
"2016_Roberts,Nora_TheObsession_ROM.txt",FIC,English,ROM,,2016,Roberts,Nora,Nora,Roberts,TheObsession,,Penguin/Berkley,,,F,,182065,47,0.2053600258,11.94103758,3.899760458,2.882534015,8610,-2.2673,0.26756,-2.5349,-3.0918,4.21,69861,https://www.goodreads.com/search?q=Nora+Roberts+The+Obsession,0
"2016_Robertson,Robbie_TestimonyAMemoir_ME.txt",NON,English,MEM,,2016,Robertson,Robbie,Robbie,Robertson,Testimony:AMemoir,,,,,M,,226234,213,0.1015841908,18.16702803,4.120409355,3.781605938,10543,-2.4282,0.15632,-2.5845,-3.1958,4.15,3010,https://www.goodreads.com/search?q=Robbie+Robertson+Testimony:+A+Memoir,1
"2016_Rogers,Jane_Conrad&Eleanor_CT.txt",FIC,English,NYT,,2016,Rogers,Jane,Jane,Rogers,Conrad&Eleanor,,HarperCollins,,,F,,111186,33,0.2754545455,14.88035332,4.107847061,3.437265971,3892,-2.2054,0.23803,-2.4434,-2.9471,3.25,245,https://www.goodreads.com/search?q=Jane+Rogers+Conrad&+Eleanor,0
"2016_Rollins,James_TheSeventhPlague_MY.txt",FIC,English,MY,,2016,Rollins,James,James,Rollins,TheSeventhPlague,,,,,M,,149612,48,0.1259784736,13.6694381,4.439926907,3.614853078,10095,-2.2035,0.21842,-2.4219,-2.9427,4.05,12176,https://www.goodreads.com/search?q=James+Rollins+The+Seventh+Plague,0
"2016_RomanoLax,Andromeda_Behave_CT.txt",FIC,English,NYT,,2016,Romano-Lax,Andromeda,Andromeda,Romano-Lax,Behave,,SohoPress,,,F,,138712,55,0.3727526968,17.87525773,4.252576784,3.847060127,5782,-2.3453,0.19786,-2.5431,-3.0447,3.52,1011,https://www.goodreads.com/search?q=Andromeda+Romano-Lax+Behave,1
"2016_Rosenblatt,Roger_ThomasMurphy_CT.txt",FIC,English,NYT,,2016,Rosenblatt,Roger,Roger,Rosenblatt,ThomasMurphy,,Ecco,,,M,,65774,39,0.1130742049,13.11806941,4.020022026,3.166262213,2090,-2.1689,0.27373,-2.4426,-2.8501,3.76,363,https://www.goodreads.com/search?q=Roger+Rosenblatt+Thomas+Murphy,1
"2016_RussellFearn,John_TheFiveMatchboxes_MY.txt",FIC,English,MY,,2016,RussellFearn,John,John,RussellFearn,TheFiveMatchboxes,,,,,M,,76875,37,0.265,14.66520412,4.252830789,3.528944526,3776,-2.3036,0.2455,-2.5491,-2.971,3.82,77,https://www.goodreads.com/search?q=+The+Five+Matchboxes,0
"2016_Russo,Meredith_IfIWasYourGirl_YA.txt",FIC,English,YA,,2016,Russo,Meredith,Meredith,Russo,IfIWasYourGirl,,,,,F,,79177,22,0.230958231,14.34365942,3.968506901,3.161704431,6746,-2.3953,0.17067,-2.566,-2.9889,4,35978,https://www.goodreads.com/search?q=Meredith+Russo+If+I+Was+Your+Girl,1
"2016_Russo,Richard_EverybodysFool_CT.txt",FIC,English,NYT,,2016,Russo,Richard,Richard,Russo,Everybody'sFool,,RandomHouseCa,,,M,,214142,61,0.170951398,15.68116579,4.17228552,3.555075424,9148,-2.2853,0.2631,-2.5484,-3.1561,4.08,13871,https://www.goodreads.com/search?q=Richard+Russo+Everybody's+Fool,0
"2016_Sanderson,Brandon_Calamity_SF.txt",FIC,English,SF,,2016,Sanderson,Brandon,Brandon,Sanderson,Calamity,,DelacortePress,,,M,,133538,33,0.1720887808,12.6312902,4.152453884,3.191480028,8589,-2.373,0.17913,-2.5521,-3.0423,4.19,70789,https://www.goodreads.com/search?q=Brandon+Sanderson+Calamity,1
"2016_Sanderson,Brandon_TheDarkTalent_MG.txt",FIC,English,MID,,2016,Sanderson,Brandon,Brandon,Sanderson,TheDarkTalent,,,,,M,,59966,26,0.1914893617,12.8379362,4.211355082,3.234324074,3318,-2.5185,0.074876,-2.5934,-2.9622,4.11,5673,https://www.goodreads.com/search?q=Brandon+Sanderson+The+Dark+Talent,1
"2016_Sandford,John_EscapeClause_BS.txt",FIC,English,BS,,2016,Sandford,John,John,Sandford,EscapeClause,,Putnam,,,M,,124726,67,0.3059418458,15.94146217,4.072961844,3.444663919,7016,-2.196,0.25141,-2.4474,-2.9471,4.23,21100,https://www.goodreads.com/search?q=John+Sandford+Escape+Clause,0
"2016_Sapkowski,Andrzej_TheTowerofSwallows_SF.txt",FIC,English,SF,,2016,Sapkowski,Andrzej,Andrzej,Sapkowski,TheTowerofSwallows,,Orbit,,,M,,181537,123,0.0821136194,13.41439444,4.379583476,3.463498492,9016,-2.1638,0.22468,-2.3885,-2.949,4.24,71690,https://www.goodreads.com/search?q=+The+Towerof+Swallows,1
"2016_Savit,Gavriel_AnnaAndTheSwallowMan_CT.txt",FIC,English,NYT,,2016,Savit,Gavriel,Gavriel,Savit,AnnaandtheSwallowMan,,RandomHouseCa,,,M,,71464,15,0.5221843003,21.07460926,4.220789358,4.067312683,2479,-2.28,0.18163,-2.4617,-2.9147,3.68,7793,https://www.goodreads.com/search?q=+Annaandthe+Swallow+Man,0
"2016_Sawyer,RobertJ_QuantumNight_SF.txt",FIC,English,SF,,2016,Sawyer,RobertJ.,RobertJ.,Sawyer,QuantumNight,,Viking,,,M,,131879,58,0.1801159162,15.91780326,4.213111464,3.57040765,5676,-2.2436,0.18495,-2.4286,-2.9455,3.66,2507,https://www.goodreads.com/search?q=+Quantum+Night,1
"2016_Schine,Cathleen_TheyMayNotMeanToButTheyDo_CT.txt",FIC,English,NYT,,2016,Schine,Cathleen,Cathleen,Schine,"TheyMayNotMeanTo,ButTheyDo",,MacmillanCA,,,F,,98733,37,0.2010985658,13.05474018,4.130015627,3.248318994,4817,-2.3794,0.13198,-2.5114,-2.9339,3.56,4845,"https://www.goodreads.com/search?q=Cathleen+Schine+They+May+Not+Mean+To,+But+They+Do",0
"2016_Scott,John_AGuyLikeMe_ME.txt",NON,English,MEM,,2016,Scott,John,John,Scott,AGuyLikeMe,,,,,M,,79869,50,0.1676470588,17.67013274,3.93976834,3.581608151,2003,-2.3249,0.1632,-2.4881,-2.9533,4.15,372,https://www.goodreads.com/search?q=John+Scott+A+Guy+Like+Me,1
"2016_Scott,Kylie_DirtyADiveBarNovel_ROM.txt",FIC,English,ROM,,2016,Scott,Kylie,Kylie,Scott,Dirty:ADiveBarNovel,,St.Martin'sGriffin,,,F,,101249,25,0.2559825961,10.49429934,4.039403661,2.797620731,5400,-2.4381,0.21875,-2.6569,-3.0828,3.89,25582,https://www.goodreads.com/search?q=+Dirty:+A+Dive+Bar+Novel,1
"2016_Seay,Martin_TheMirrorThief_CT.txt",FIC,English,NYT,,2016,Seay,Martin,Martin,Seay,TheMirrorThief,,MelvilleHouse,,,M,,252441,66,0.1728654592,13.6779909,4.255397223,3.443670931,14021,-2.1905,0.28588,-2.4763,-3.1513,3,1923,https://www.goodreads.com/search?q=Martin+Seay+The+Mirror+Thief,1
"2016_Sedgwick,Helen_TheCometSeekers_CT.txt",FIC,English,NYT,,2016,Sedgwick,Helen,Helen,Sedgwick,TheCometSeekers,,HarperCollins,,,F,,99384,25,0.2837060703,16.6779661,4.035313751,3.513273332,5431,-2.3885,0.22802,-2.6165,-3.0902,3.53,2266,https://www.goodreads.com/search?q=Helen+Sedgwick+The+Comet+Seekers,0
"2016_Semple,Maria_TodayWillBeDifferent_BS.txt",FIC,English,BS,NYT,2016,Semple,Maria,Maria,Semple,TodayWillBeDifferent,,"Little,BrownandCompany",,,F,,73040,38,0.2202236266,12.11477857,4.132422844,3.06399637,3893,-2.3584,0.12746,-2.4858,-2.8927,3.17,65063,https://www.goodreads.com/search?q=Maria+Semple+Today+Will+Be+Different,1
"2016_SemSandberg,Steve_TheChosenOnes_CT.txt",FIC,English,NYT,,2016,Sem-Sandberg,Steve,Steve,Sem-Sandberg,TheChosenOnes,,"Farrar,Straus,andGiroux",,,M,,198423,100,0.1389876881,22.09118236,4.35940734,4.343551978,7558,-2.2911,0.20699,-2.4981,-3.1229,3.55,437,https://www.goodreads.com/search?q=Steve+Sem-Sandberg+The+Chosen+Ones,0
"2016_Sepabhan,Lois_PaperWishes_CT.txt",FIC,English,NYT,,2016,Sepahban,Lois,Lois,Sepahban,PaperWishes,,"Farrar,Straus,andGiroux",,,F,,100955,34,0.1905444126,15.53153846,3.98002205,3.386624837,3939,-2.406,0.2199,-2.6259,-3.0678,4.04,2948,https://www.goodreads.com/search?q=Lois+Sepahban+Paper+Wishes,1
"2016_Sepetys,Ruta_SaltToTheSea_NYT.txt",FIC,English,NYT,YA,2016,Sepetys,Ruta,Ruta,Sepetys,SalttotheSea,,Philomel,,,F,,82099,43,0.1247960848,10.13192645,4.173496493,2.903089649,5749,-2.2975,0.19768,-2.4952,-2.9393,4.35,164709,https://www.goodreads.com/search?q=+Salttothe+Sea,1
"2016_Shapiro,Deborah_TheSunInYourEyes_CT.txt",FIC,English,NYT,,2016,Shapiro,Deborah,Deborah,Shapiro,TheSuninYourEyes,,WilliamMorrow/HarperCollins,,,F,,102069,47,0.337469976,14.52525971,4.076130583,3.40499151,3174,-2.3976,0.19743,-2.595,-3.0736,3.07,472,https://www.goodreads.com/search?q=+The+Sunin+Your+Eyes,1
"2016_Sharma,Jade_Problems_CT.txt",FIC,English,NYT,,2016,Sharma,Jade,Jade,Sharma,Problems,,EmilyBooksOriginal/CoffeeHouse,,,F,,70821,29,0.3242894057,12.97087912,3.882656653,3.099496524,2676,-2.2646,0.1735,-2.4381,-2.8902,3.68,2499,https://www.goodreads.com/search?q=Jade+Sharma+Problems,1
"2016_Sherrill,Steven_TheMinotaurTakesHisOwnSweetTime_CT.txt",FIC,English,NYT,,2016,Sherrill,Steven,Steven,Sherrill,TheMinotaurTakesHisOwnSweetTime,,JohnF.Blair,,,M,,101158,28,0.4061016949,10.7672166,4.335159591,3.016044721,5821,-2.2809,0.17557,-2.4565,-2.8758,3.9,133,https://www.goodreads.com/search?q=Steven+Sherrill+The+Minotaur+Takes+His+Own+Sweet+Time,0
"2016_Sherry,Maureen_OpeningBelle_CT.txt",FIC,English,NYT,,2016,Sherry,Maureen,Maureen,Sherry,OpeningBelle,,Simon&Schuster,,,F,,119557,46,0.1825028969,16.35974275,4.103215422,3.602683396,4704,-2.3162,0.23095,-2.5471,-3.0296,3.38,6828,https://www.goodreads.com/search?q=Maureen+Sherry+Opening+Belle,1
"2016_Sherwood,Kate_LongShadows_ROM.txt",FIC,English,ROM,,2016,Sherwood,Kate,Kate,Sherwood,LongShadows,,RiptidePublishing,,,F,,59692,20,0.432517263,14.18199097,4.054098591,3.36891629,2409,-2.3694,0.18862,-2.558,-2.9696,3.59,504,https://www.goodreads.com/search?q=Kate+Sherwood+Long+Shadows,0
"2016_Shetterly,MargotLee_HiddenFigures_HIST.txt",NON,English,HIST,,2016,Shetterly,MargotLee,MargotLee,Shetterly,HiddenFigures:TheAmericanDreamandtheUntoldStoryoftheBlackWomenMathematiciansWhoHelpedWintheSpaceRace,,HarperCollins,,,F,,106342,64,0.197761194,29.31146637,4.81348014,5.306830976,1355,-2.1876,0.22637,-2.4139,-2.9026,3.96,96466,https://www.goodreads.com/search?q=+Hidden+Figures:+The+American+Dreamandthe+Untold+Storyofthe+Black+Women+Mathematicians+Who+Helped+Winthe+Space+Race,0
"2016_Shoemperlen,Diane_ThisisNotMyLife_ME.txt",NON,English,MEM,,2016,Schoemperlen,Diane,Diane,Schoemperlen,ThisisNotMyLife,,,,,F,,131821,38,0.5173796791,19.93361561,4.193510197,4.04870687,4663,-2.231,0.25236,-2.4833,-3.0202,3.65,516,https://www.goodreads.com/search?q=+Thisis+Not+My+Life,1
"2016_Shriver,Lionel_TheMandiblesAFamily_CT.txt",FIC,English,NYT,,2016,Shriver,Lionel,Lionel,Shriver,"TheMandibles:AFamily,2029-2047",,HarperCollins,,,M,,167335,46,0.1630280692,16.03132784,4.496897016,3.9007015,3949,-2.2585,0.22798,-2.4864,-3.0362,3.68,9567,"https://www.goodreads.com/search?q=+The+Mandibles:+A+Family,2029-2047",0
"2016_Silva,Daniel_TheBlackWidow_BS.txt",FIC,English,BS,,2016,Silva,Daniel,Daniel,Silva,TheBlackWidow,,Harper,,,M,,158354,62,0.1645045542,15.28513514,4.453053526,3.816148186,7007,-2.247,0.22227,-2.4693,-3.0295,4.33,30820,https://www.goodreads.com/search?q=Daniel+Silva+The+Black+Widow,0
"2016_Silver,Marisa_LittleNothing_CT.txt",FIC,English,NYT,,2016,Silver,Marisa,Marisa,Silver,LittleNothing,,BlueRiderPress,,,F,,94870,24,0.347342398,16.65847234,4.228622394,3.765576109,4488,-2.2273,0.19455,-2.4218,-2.922,3.45,1503,https://www.goodreads.com/search?q=Marisa+Silver+Little+Nothing,0
"2016_Simonson,Helen_TheSummerBeforeTheWar_CT.txt",FIC,English,NYT,,2016,Simonson,Helen,Helen,Simonson,TheSummerBeforetheWar,,RandomHouseCa,,,F,,190579,73,0.185716615,19.95173786,4.270907782,4.023302249,10927,-2.3059,0.19294,-2.4988,-3.1004,3.78,40445,https://www.goodreads.com/search?q=+The+Summer+Beforethe+War,0
"2016_Singh,Nalini_AllegianceofHonor_SF.txt",FIC,English,SF,,2016,Singh,Nalini,Nalini,Singh,AllegianceofHonor,,Berkley,,,F,,181766,125,0.0949872046,16.62240512,4.253709527,3.760930906,8606,-2.3795,0.15201,-2.5316,-3.0942,4.27,11691,https://www.goodreads.com/search?q=+Allegianceof+Honor,0
"2016_Sittenfeld,Curtis_Eligible_CT.txt",FIC,English,NYT,,2016,Sittenfeld,Curtis,Curtis,Sittenfeld,Eligible:AmodernretellingofPrideandPrejudice,,RandomHouseCa,,,M,,138337,48,0.3485607009,18.5612505,4.29468445,3.886632514,6110,-2.3342,0.23146,-2.5657,-3.0903,3.6,82801,https://www.goodreads.com/search?q=+Eligible:+Amodernretellingof+Prideand+Prejudice,0
"2016_Slater,KL_SafeWithMe_MY.txt",FIC,English,MY,,2016,Slater,KL,KL,Slater,SafeWithMe,,,,,F,,113738,39,0.2037190083,15.57414761,4.050012273,3.470545914,6322,-2.1419,0.36058,-2.5025,-3.0263,4,13311,https://www.goodreads.com/search?q=KL+Slater+Safe+With+Me,1
"2016_Slaughter,Karin_TheKeptWoman_BS.txt",FIC,English,BS,,2016,Slaughter,Karin,Karin,Slaughter,TheKeptWoman,,Morror/HarperCollins,,,F,,179483,58,0.1740973742,11.35393472,4.126132216,3.041722482,8924,-2.2697,0.19471,-2.4644,-3.0513,4.11,51563,https://www.goodreads.com/search?q=Karin+Slaughter+The+Kept+Woman,0
"2016_Smith,Alexis_MarrowIsland_CT.txt",FIC,English,NYT,,2016,Smith,Alexis,Alexis,Smith,MarrowIsland,,HoutonMifflinHarcourt,,,F,,88746,24,0.24419778,15.03914591,4.07209575,3.411623461,5124,-2.1657,0.21676,-2.3824,-2.8702,3.33,1764,https://www.goodreads.com/search?q=Alexis+Smith+Marrow+Island,1
"2016_Smith,Amber_TheWayIUsedToBe_YA.txt",FIC,English,YA,,2016,Smith,Amber,Amber,Smith,TheWayIUsedToBe,,,,,F,,121068,23,0.2591549296,12.16397066,3.858810375,2.829381321,7508,-2.3076,0.20768,-2.5152,-3.0495,4.19,35314,https://www.goodreads.com/search?q=Amber+Smith+The+Way+I+Used+To+Be,1
"2016_Smith,Charlie_GinnyGall_CT.txt",FIC,English,NYT,,2016,Smith,Charlie,Charlie,Smith,GinnyGall,,HarperCollins,,,M,,194375,69,0.4142422927,18.15401139,4.147928818,3.81048007,11209,-2.2929,0.21326,-2.5061,-3.1213,3.36,176,https://www.goodreads.com/search?q=Charlie+Smith+Ginny+Gall,0
"2016_Smith,Dominic_TheLastPaintingOfSaraDeVos_CT.txt",FIC,English,NYT,,2016,Smith,Dominic,Dominic,Smith,TheLastPaintingofSaradeVos,,MacmillanCA,,,M,,115208,43,0.1677344205,18.18882223,4.339021763,3.98762106,5128,-2.2789,0.19279,-2.4716,-2.9703,3.86,27593,https://www.goodreads.com/search?q=+The+Last+Paintingof+Sarade+Vos,0
"2016_Smith,KatySimpson_FreeMen_CT.txt",FIC,English,NYT,,2016,Smith,KatySimpson,KatySimpson,Smith,FreeMen,,HarperCollins,,,F,,131764,27,0.2258796822,17.26920052,3.89147007,3.439503872,6298,-2.4207,0.15561,-2.5763,-3.1133,4.27,103268,https://www.goodreads.com/search?q=+Free+Men,1
"2016_Smith,Zadie_SwingTime_BS.txt",FIC,English,BS,NYT,2016,Smith,Zadie,Zadie,Smith,SwingTime,,PenguinPress,,,F,,162065,48,0.2038030229,23.2517934,4.153213741,4.197747996,6352,-2.377,0.21556,-2.5926,-3.1342,3.56,66799,https://www.goodreads.com/search?q=Zadie+Smith+Swing+Time,1
"2016_Smitherd,Luke_KillSomeone_MY.txt",FIC,English,MY,,2016,Smitherd,Luke,Luke,Smitherd,KillSomeone,,,,,M,,77550,13,0.2766990291,14.94507612,3.968256158,3.326641188,3949,-2.344,0.17936,-2.5234,-2.9633,3.78,1553,https://www.goodreads.com/search?q=Luke+Smitherd+Kill+Someone,1
"2016_Solomon,Anna_LeavingLucyPear_CT.txt",FIC,English,NYT,,2016,Solomon,Anna,Anna,Solomon,LeavingLucyPear,,Viking,,,F,,122166,57,0.2152711703,16.34546428,4.172008568,3.580613076,6166,-2.3096,0.20626,-2.5159,-3.0288,3.39,2561,https://www.goodreads.com/search?q=Anna+Solomon+Leaving+Lucy+Pear,0
"2016_Sorrentino,Christopher_TheFugitives_CT.txt",FIC,English,NYT,,2016,Sorrentino,Christopher,Christopher,Sorrentino,TheFugitives,,Simon&Schuster,,,M,,120084,36,0.1981481481,16.07550201,4.302812896,3.774683653,4811,-2.2078,0.24024,-2.448,-2.9529,3.03,218,https://www.goodreads.com/search?q=Christopher+Sorrentino+The+Fugitives,1
"2016_Sparks,Nicholas_TwoByTwo_BS.txt",FIC,English,BS,,2016,Sparks,Nicholas,Nicholas,Sparks,TwobyTwo,,GrandCentralPublishing,,,M,,206887,30,0.2437097718,14.8615042,3.993965538,3.297178456,9666,-2.334,0.25654,-2.5905,-3.2078,3.93,77755,https://www.goodreads.com/search?q=+Twoby+Two,1
"2016_Spiegelman,Peter_DrKnox_CT.txt",FIC,English,NYT,,2016,Spiegelman,Peter,Peter,Spiegelman,Dr.Knox,,AlfredAKnopf,,,M,,146043,61,0.1600884117,13.83244933,4.016236729,3.179309758,8420,-2.2629,0.23986,-2.5028,-3.0309,3.73,903,https://www.goodreads.com/search?q=Peter+Spiegelman+Dr.+Knox,1
"2016_Spiotta,Dana_InnocentsAndOthers_CT.txt",FIC,English,NYT,,2016,Spiotta,Dana,Dana,Spiotta,InnocentsandOthers,,Simon&Schuster,,,F,,90754,29,0.2586592179,13.52317091,4.147069235,3.374120135,3899,-2.1212,0.23046,-2.3517,-2.8209,3.9,16812,https://www.goodreads.com/search?q=+Innocentsand+Others,1
"2016_Springsteen,Bruce_BorntoRun_ME.txt",NON,English,MEM,,2016,Springsteen,Bruce,Bruce,Springsteen,BorntoRun,,,,,M,,196976,93,0.0796213808,19.33791479,4.206290499,3.944569012,5658,-2.3182,0.17559,-2.4938,-3.086,4.3,189518,https://www.goodreads.com/search?q=+Bornto+Run,1
2016_Starhawk_CityofRefuge_SF.txt,FIC,English,SF,,2016,,Starhawk,Starhawk,,CityofRefuge,,Califia,,,F,,345041,91,0.1658130602,14.06493559,4.181741907,3.413649179,18607,-2.2037,0.24785,-2.4516,-3.2484,4,2917,https://www.goodreads.com/search?q=+Cityof+Refuge,0
"2016_Steel,Danielle_TheAward_BS.txt",FIC,English,BS,,2016,Steel,Danielle,Danielle,Steel,TheAward,,Delacorte,,,F,,110359,41,0.399375975,17.85166613,4.154936369,3.831419512,4819,-2.3723,0.16441,-2.5367,-3.0609,4.16,5935,https://www.goodreads.com/search?q=Danielle+Steel+The+Award,0
"2016_Steiner,Susie_MissingPresumed_CT.txt",FIC,English,NYT,,2016,Steiner,Susie,Susie,Steiner,"Missing,Presumed",,HarperCollins,,,F,,132608,62,0.1116046641,15.22305131,4.163494292,3.435471897,6406,-2.2903,0.22419,-2.5144,-3.0325,3.48,25646,"https://www.goodreads.com/search?q=Susie+Steiner+Missing,+Presumed",0
"2016_Sterling,Bruce_PirateUtopia_SF.txt",FIC,English,SF,,2016,Sterling,Bruce,Bruce,Sterling,PirateUtopia,,TachyonPublications,,,M,,32387,30,0.3783068783,13.91194158,4.597979341,3.850040355,1092,-1.9912,0.25186,-2.243,-2.5901,3.22,614,https://www.goodreads.com/search?q=Bruce+Sterling+Pirate+Utopia,0
"2016_Stewart,Glynn_AlienArcana_SF.txt",FIC,English,SF,,2016,Stewart,Glynn,Glynn,Stewart,AlienArcana,,Faolan'sPenPublishingInc,,,F,,113478,62,0.3281569268,17.74757585,4.407888434,4.033144671,5243,-2.3136,0.18114,-2.4948,-2.9676,4.33,4139,https://www.goodreads.com/search?q=Glynn+Stewart+Alien+Arcana,0
"2016_Stibbe,Nina_ParadiseLodge_CT.txt",FIC,English,NYT,,2016,Stibbe,Nina,Nina,Stibbe,ParadiseLodge,,"Little,Brown,andCo.",,,F,,110791,55,0.1091198726,20.54729228,4.089540513,3.891116788,5460,-2.4256,0.14633,-2.572,-3.014,3.8,2043,https://www.goodreads.com/search?q=Nina+Stibbe+Paradise+Lodge,1
"2016_Stolarz,Brian_GraceandJusticeonDeathRow_ME.txt",NON,English,MEM,,2016,Stolarz,Brian,Brian,Stolarz,GraceandJusticeonDeathRow,,,,,M,,75145,71,0.2768230376,19.34234234,4.350807932,4.20803439,3388,-2.0667,0.25424,-2.3209,-2.7702,4,143,https://www.goodreads.com/search?q=+Graceand+Justiceon+Death+Row,1
"2016_Straub,Emma_ModernLovers_CT.txt",FIC,English,NYT,,2016,Straub,Emma,Emma,Straub,ModernLovers,,PenguinGroupUSA,,,F,,122299,37,0.1780395643,15.71360658,4.160021536,3.544211535,4904,-2.3439,0.24248,-2.5863,-3.0774,3.44,43973,https://www.goodreads.com/search?q=Emma+Straub+Modern+Lovers,0
"2016_Stroud,Jonathan_TheCreepingShadow_MG.txt",FIC,English,MID,,2016,Stroud,Jonathan,Jonathan,Stroud,TheCreepingShadow,,,,,M,,141095,38,0.304964539,13.11169966,4.159206908,3.220722243,7299,-2.2864,0.25067,-2.5371,-3.064,4.51,13560,https://www.goodreads.com/search?q=Jonathan+Stroud+The+Creeping+Shadow,1
"2016_Strout,Elizabeth_MyNameIsLucyBarton_CT.txt",FIC,English,NYT,,2016,Strout,Elizabeth,Elizabeth,Strout,MyNameisLucyBarton,,RandomHouse,,,F,,36982,20,0.1,18.73454914,3.872743072,3.556559658,1691,-2.4679,0.15294,-2.6208,-2.9924,3.54,129135,https://www.goodreads.com/search?q=+My+Nameis+Lucy+Barton,1
"2016_Sund,ErikAxl_TheCrowGirl_CT.txt",FIC,English,NYT,,2016,Sund,ErikAxl,ErikAxl,Sund,TheCrowGirl,,RandomHouseCa,,,M,,318571,85,0.194280467,14.61804249,4.269972959,3.582417967,16182,-2.3036,0.25365,-2.5572,-3.3173,3.69,6152,https://www.goodreads.com/search?q=+The+Crow+Girl,0
"2016_Surendra,Rajiv_TheElephantsinmyBackyard_ME.txt",NON,English,MEM,,2016,Surendra,Rajiv,Rajiv,Surendra,TheElephantsinmyBackyard,,,,,M,,89678,48,0.1586931155,21.04129517,4.193474992,4.064154247,4566,-2.2706,0.14229,-2.4129,-2.8491,3.93,535,https://www.goodreads.com/search?q=+The+Elephantsinmy+Backyard,1
"2016_Sutherland,Tui_Escaping Peril_MG.txt",FIC,English,MID,,2016,Sutherland,Tui,Tui,Sutherland,EscapingPeril,,,,,F,,79014,37,0.3077994429,13.44690265,4.1856047,3.272564662,4483,-2.375,0.19379,-2.5688,-2.9982,4.57,16191,https://www.goodreads.com/search?q=Tui+Sutherland+Escaping+Peril,0
"2016_Sveen,Gard_TheLastPilgrim_MY.txt",FIC,English,MY,,2016,Sveen,Gard,Gard,Sveen,TheLastPilgrim,,,,,M,,177343,68,0.2116319444,14.10731048,4.261670384,3.472223987,12045,-2.3373,0.23302,-2.5703,-3.1384,3.9,1023,https://www.goodreads.com/search?q=Gard+Sveen+The+Last+Pilgrim,0
"2016_Sweeney,CynthiaDAprix_TheNest_BS.txt",FIC,English,BS,,2016,Sweeney,CynthiaD'Aprix,CynthiaD'Aprix,Sweeney,TheNest,,Ecco/HarperColins,,,F,,118983,45,0.265060241,16.05491836,4.304624688,3.732187862,5455,-2.2181,0.22081,-2.4389,-2.9594,4.23,692795,https://www.goodreads.com/search?q=+The+Nest,0
"2016_Swift,Graham_MotheringSundayARomance_CT.txt",FIC,English,NYT,,2016,Swift,Graham,Graham,Swift,MotheringSunday:ARomance,,RandomHouseCa,,,M,,39645,18,0.1807692308,16.27463054,4.203196622,3.65083776,710,-2.4729,0.056009,-2.529,-2.891,3.7,13419,https://www.goodreads.com/search?q=Graham+Swift+Mothering+Sunday:+A+Romance,0
"2016_Szalay,David_AllThatManIs_PW.txt",FIC,English,PW,,2016,Szalay,David,David,Szalay,AllThatManIs,,McClellandandStewart,ManBooker,Shortlist,M,Canada,142549,67,0.0912614517,12.66089351,4.174195503,3.177427155,7809,-2.2558,0.20518,-2.461,-2.9829,3.66,7534,https://www.goodreads.com/search?q=David+Szalay+All+That+Man+Is,0
"2016_Tallent,Elizabeth_MendocinoFire_PW.txt",FIC,English,PW,,2016,Tallent,Elizabeth,Elizabeth,Tallent,MendocinoFire,,Harper,PEN/FaulknerAwardforFiction,Shortlist,M,US,93132,35,0.1043412034,22.65434201,4.26369941,4.209193762,3269,-2.3042,0.14937,-2.4535,-2.914,3.71,215,https://www.goodreads.com/search?q=Elizabeth+Tallent+Mendocino+Fire,0.01
"2016_Tawada,Yoko_MemoirsOfAPolarBear_CT.txt",FIC,English,NYT,,2016,Tawada,Yoko,Yoko,Tawada,MemoirsofaPolarBear,,NewDirections,,,F,,98814,22,0.2616541353,16.48823628,4.274006052,3.838415218,4074,-2.3895,0.13156,-2.5211,-2.9534,3.41,2619,https://www.goodreads.com/search?q=+Memoirsofa+Polar+Bear,1
"2016_Tea,Michelle_BlackWave_CT.txt",FIC,English,NYT,,2016,Tea,Michelle,Michelle,Tea,BlackWave,,FeministPress,,,F,,102928,26,0.5717592593,14.57903683,4.343354095,3.680806663,4100,-2.2493,0.20689,-2.4562,-2.9044,3.81,2181,https://www.goodreads.com/search?q=Michelle+Tea+Black+Wave,0
"2016_Tempest,Kate_TheBricksThatBuiltTheHouses_CT.txt",FIC,English,NYT,,2016,Tempest,Kate,Kate,Tempest,TheBricksthatBuilttheHouses,,Bloomsbury,,,F,,123734,41,0.3081446633,12.53637285,4.137533441,3.125700637,8246,-2.1913,0.25144,-2.4427,-2.9443,3.8,5665,https://www.goodreads.com/search?q=+The+Bricksthat+Builtthe+Houses,0
"2016_TennantMoore,Hannah_WreckAndOrder_CT.txt",FIC,English,NYT,,2016,Tennant-Moore,Hannah,Hannah,Tennant-Moore,WreckandOrder,,Hogarth,,,F,,114335,33,0.3448028674,16.25693161,4.155708742,3.667221409,6003,-2.3553,0.1557,-2.511,-2.9901,2.62,677,https://www.goodreads.com/search?q=+Wreckand+Order,1
"2016_Tepper,Julian_Ark_CT.txt",FIC,English,NYT,,2016,Tepper,Julian,Julian,Tepper,Ark,,DzancBooks,,,M,,76273,27,0.2432183908,12.12221869,4.070148456,3.079558748,3276,-2.3862,0.16459,-2.5508,-2.9535,3.27,37,https://www.goodreads.com/search?q=Julian+Tepper+Ark,0
"2016_Thacker,Nick_TheIceChasm_MY.txt",FIC,English,MY,,2016,Thacker,Nick,Nick,Thacker,TheIceChasm,,,,,M,,122223,29,0.2415368082,16.64029952,4.249044511,3.740196123,7845,-2.2429,0.26472,-2.5076,-3.0182,4.17,1188,https://www.goodreads.com/search?q=Nick+Thacker+The+Ice+Chasm,0
"2016_Thien,Madeleine_DoNotSayWeHaveNothing_PW.txt",FIC,English,PW,,2016,Thien,Madeleine,Madeleine,Thien,DoNotSayWeHaveNothing,,KnopfCanada,GovernerGeneral's,Winner,F,Canada,189890,66,0.1940634135,15.56092764,4.29631463,3.688618344,10664,-2.2827,0.25624,-2.5389,-3.1377,3.92,19987,https://www.goodreads.com/search?q=Madeleine+Thien+Do+Not+Say+We+Have+Nothing,0.99
"2016_Thompson,Eric_LikeStarsinHeaven_SF.txt",FIC,English,SF,,2016,Thompson,Eric,Eric,Thompson,LikeStarsinHeaven,,SanddiverBooks,,,F,,137887,72,0.1797686147,16.34700652,4.454189885,3.919517487,5768,-2.3832,0.20994,-2.5931,-3.0886,4.27,543,https://www.goodreads.com/search?q=+Like+Starsin+Heaven,0
"2016_Thompson,Jean_ShePouredOutHerHeart_CT.txt",FIC,English,NYT,,2016,Thompson,Jean,Jean,Thompson,ShePouredOutherHeart,,PenguinGroupUSA,,,F,,176064,43,0.2810086324,13.32808478,4.125149152,3.293009594,7656,-2.2944,0.25689,-2.5513,-3.134,3.07,562,https://www.goodreads.com/search?q=+She+Poured+Outher+Heart,0
"2016_Thompson,Linda_ALittleThingCalledLife_ME.txt",NON,English,MEM,,2016,Thompson,Linda,Linda,Thompson,ALittleThingCalledLife,,,,,F,,164484,63,0.2765345269,19.40814159,4.111222707,3.92685662,5138,-2.2989,0.18471,-2.4836,-3.0498,3.93,1857,https://www.goodreads.com/search?q=Linda+Thompson+A+Little+Thing+Called+Life,1
"2016_Thor,Brad_ForeignAgent_MY.txt",FIC,English,MY,,2016,Thor,Brad,Brad,Thor,ForeignAgent,,,,,M,,120103,63,0.3279149734,12.89765893,4.34154218,3.455197018,5909,-2.2358,0.23297,-2.4688,-2.9635,4.23,13163,https://www.goodreads.com/search?q=Brad+Thor+Foreign+Agent,0
"2016_Thurm,Marian_TheGoodLife_CT.txt",FIC,English,NYT,,2016,Thurm,Marian,Marian,Thurm,TheGoodLife,,ThePermanentPress,,,F,,96265,47,0.2910420475,24.30934343,4.263620343,4.300741832,4036,-2.3842,0.18713,-2.5713,-3.0066,3.33,218,https://www.goodreads.com/search?q=Marian+Thurm+The+Good+Life,0
"2016_Tieryas,Peter_UnitedStatesofJapan_SF.txt",FIC,English,SF,,2016,Tieryas,Peter,Peter,Tieryas,UnitedStatesofJapan,,AngryRobot,,,M,,115290,44,0.2693542633,12.45032397,4.317541432,3.355435499,5639,-2.1763,0.26456,-2.4408,-2.9377,3.51,3599,https://www.goodreads.com/search?q=+United+Statesof+Japan,0
"2016_Toorpakai,Maria_ADifferentKindofDaughter_ME.txt",NON,English,MEM,,2016,Toorpakai,Maria,Maria,Toorpakai,ADifferentKindofDaughter,,,,,F,,139245,25,0.1419676214,19.57888076,4.178727028,3.936515332,7650,-2.3513,0.18888,-2.5402,-3.0561,4.23,1163,https://www.goodreads.com/search?q=+A+Different+Kindof+Daughter,1
"2016_Towles,Amor_AGentlemaninMoscow_BS.txt",FIC,English,BS,YA,2016,Towles,Amor,Amor,Towles,AGentlemaninMoscow,,Viking,,,M,,179761,73,0.1438515081,18.31865892,4.383949215,4.040171063,8697,-2.2812,0.21562,-2.4968,-3.0545,4.34,415245,https://www.goodreads.com/search?q=+A+Gentlemanin+Moscow,0
"2016_Tremain,Rose_TheGustavSonata_CT.txt",FIC,English,NYT,,2016,Tremain,Rose,Rose,Tremain,TheGustavSonata,,WWNorton,,,F,,96133,36,0.2719013628,15.58576524,4.114171951,3.474154634,4570,-2.3755,0.16062,-2.5361,-2.9887,3.88,10484,https://www.goodreads.com/search?q=Rose+Tremain+The+Gustav+Sonata,0
"2016_Tyler,Anne_VinegarGirl_CT.txt",FIC,English,NYT,,2016,Tyler,Anne,Anne,Tyler,VinegarGirl,,Hogarth,,,F,,69470,37,0.3475521086,14.13715914,4.142650122,3.314267796,3800,-2.2825,0.18912,-2.4716,-2.921,3.39,34408,https://www.goodreads.com/search?q=Anne+Tyler+Vinegar+Girl,0
"2016_Ullrich,Volker_HitlerAscent1889-1939_HIST.txt",NON,English,HIST,,2016,Ullrich,Volker,Volker,Ullrich,Hitler:Ascent1889-1939,,Knopf,,,M,,354846,228,0.437618746,25.62990249,4.863600835,5.097033011,9152,-2.3703,0.14044,-2.5107,-3.2979,4.44,2166,https://www.goodreads.com/search?q=+Hitler:+Ascent1889-1939,0
"2016_Vance,JD_HillbillyElegyAMemoirofaFamilyandCultureinCrisis_ME.txt",NON,English,MEM,,2016,Vance,JD,JD,Vance,HillbillyElegy:AMemoirofaFamilyandCultureinCrisis,,,,,M,,86533,34,0.2956852792,20.88655564,4.306872852,4.226828181,2031,-2.2972,0.12357,-2.4208,-2.8798,3.89,31906,https://www.goodreads.com/search?q=+Hillbilly+Elegy:+A+Memoirofa+Familyand+Culturein+Crisis,1
"2016_Vapnyar,Lara_StillHere_CT.txt",FIC,English,NYT,,2016,Vapnyar,Lara,Lara,Vapnyar,StillHere,,Hogarth,,,F,,125216,47,0.3127028782,14.08662392,4.261096237,3.56470989,5806,-2.3152,0.16582,-2.481,-2.9839,3.42,932,https://www.goodreads.com/search?q=Lara+Vapnyar+Still+Here,0
"2016_Vargas,Elizabeth_BetweenBreathsAMemoirofPanicandAddiction_ME.txt",NON,English,MEM,,2016,Vargas,Elizabeth,Elizabeth,Vargas,BetweenBreaths:AMemoirofPanicandAddiction,,,,,F,,64924,33,0.1908396947,17.04936975,4.106672371,3.721602961,2364,-2.3069,0.17645,-2.4834,-2.8757,4.04,6687,https://www.goodreads.com/search?q=+Between+Breaths:+A+Memoirof+Panicand+Addiction,1
"2016_Vasquez,JuanGabriel_Reputations_CT.txt",FIC,English,NYT,,2016,Vasquez,JuanGabriel,JuanGabriel,Vasquez,Reputations,,Riverhead,,,M,,53007,10,0.4018036072,23.56914184,4.335849309,4.440187777,2303,-2.2791,0.20398,-2.4831,-2.8998,4.09,6588,https://www.goodreads.com/search?q=+Reputations,0
"2016_Vassanji,MG_Nostaligia_SF.txt",FIC,English,SF,,2016,Vassanji,M.G,M.G,Vassanji,Nostalgia,,Doubleday,,,M,,70357,33,0.1591623037,14.70980556,4.277581146,3.631936884,2823,-2.1653,0.2928,-2.4581,-2.9082,3.56,2822,https://www.goodreads.com/search?q=+Nostalgia,1
"2016_Vermette,Katherena_TheBreak_PW.txt",FIC,English,PW,,2016,Vermette,Katherena,Katherena,Vermette,TheBreak,,HouseofAnansi,GovernerGeneral's,Shortlist,F,Mohawk/Canada,123471,64,0.1426754832,11.8041109,3.956229786,2.921247803,6502,-2.1744,0.27248,-2.4469,-2.9949,4.29,14288,https://www.goodreads.com/search?q=Katherena+Vermette+The+Break,1
"2016_VonHoffman,Viktoria_FromGluttonytoEnlightenment_HIST.txt",NON,English,HIST,,2016,VonHoffman,Viktoria,Viktoria,VonHoffman,FromGluttonytoEnlightenment:TheWorldofTasteinEarlyModernEurope,,UniversityofIllinoisPress,,,F,,98442,35,0.2283464567,33.06751764,4.979531423,5.963499159,155,-2.3204,0.10719,-2.4276,-2.8981,0,0,https://www.goodreads.com/search?q=+From+Gluttonyto+Enlightenment:+The+Worldof+Tastein+Early+Modern+Europe,0
"2016_Vyleta,Dan_Smoke_CT.txt",FIC,English,NYT,,2016,Vyleta,Dan,Dan,Vyleta,Smoke,,Doubleday,,,M,,196640,46,0.2404181185,12.90796902,4.178151718,3.245199283,9854,-2.288,0.24488,-2.5329,-3.1247,3.27,5894,https://www.goodreads.com/search?q=Dan+Vyleta+Smoke,0.54
"2016_Wagner,Bruce_IMetSomeone_CT.txt",FIC,English,NYT,,2016,Wagner,Bruce,Bruce,Wagner,IMetSomeone,,PenguinGroupUSA,,,M,,142071,79,0.2153583618,14.80060423,4.251392016,3.537944514,4904,-2.0945,0.36308,-2.4576,-3.0083,2.88,86,https://www.goodreads.com/search?q=Bruce+Wagner+I+Met+Someone,0
"2016_Walsh,Dan_RememberingDresden_MY.txt",FIC,English,MY,,2016,Walsh,Dan,Dan,Walsh,RememberingDresden,,,,,M,,105254,32,0.2572360375,11.93762051,4.060736358,3.074265817,5037,-2.1965,0.25187,-2.4484,-2.9382,4.39,1545,https://www.goodreads.com/search?q=Dan+Walsh+Remembering+Dresden,0
"2016_Ware,Ruth_InADarkDarkWood_MY.txt",FIC,English,MY,,2016,Ware,Ruth,Ruth,Ware,"InaDark,DarkWood",,,,,F,,122291,32,0.466638334,12.86190576,3.92650395,3.013634886,7152,-2.2633,0.20664,-2.47,-3.0037,3.72,280638,"https://www.goodreads.com/search?q=+Ina+Dark,+Dark+Wood",1
"2016_Watson,Brad_MissJaneANovel_CT.txt",FIC,English,NYT,,2016,Watson,Brad,Brad,Watson,MissJane:ANovel,,WWNorton,,,M,,95433,26,0.3318928263,17.89145107,4.056367406,3.688244312,4938,-2.1849,0.28154,-2.4665,-2.9755,3.31,184,https://www.goodreads.com/search?q=+Miss+Jane:+A+Novel,0
"2016_Wayne,Teddy_Loner_CT.txt",FIC,English,NYT,,2016,Wayne,Teddy,Teddy,Wayne,Loner,,Simon&Schuster,,,M,,74340,31,0.2997630332,15.64723216,4.298046245,3.673119263,4182,-2.3468,0.18407,-2.5308,-2.9594,3.45,3885,https://www.goodreads.com/search?q=Teddy+Wayne+Loner,1
"2016_Weber,David_AttheSignofTriumph_BS.txt",FIC,English,BS,SF,2016,Weber,David,David,Weber,AttheSignofTriumph,,Tor,,,M,,390454,349,0.04824251,21.66901604,4.471182129,4.315115235,14142,-2.2593,0.23093,-2.4903,-3.3417,4.2,3357,https://www.goodreads.com/search?q=+Atthe+Signof+Triumph,0
"2016_Weber,David_ShadowofVictory_SF.txt",FIC,English,SF,,2016,Weber,David,David,Weber,ShadowofVictory,,BaenBooks,,,M,,361132,388,0.0328147788,20.84696646,4.466770294,4.314903654,12311,-2.2873,0.25578,-2.5431,-3.3211,3.7,2600,https://www.goodreads.com/search?q=+Shadowof+Victory,0
"2016_Weeks,Brent_TheBloodMirror_BS.txt",FIC,English,BS,,2016,Weeks,Brent,Brent,Weeks,TheBloodMirror,,Orbit,,,M,,253661,100,0.1870711999,13.51273173,4.15943747,3.318283302,10004,-2.1932,0.27824,-2.4715,-3.1619,4.34,41105,https://www.goodreads.com/search?q=Brent+Weeks+The+Blood+Mirror,0
"2016_Welch,JennaEvans_LoveAndGelato_YA.txt",FIC,English,YA,,2016,Welch,JennaEvans,JennaEvans,Welch,LoveAndGelato,,,,,F,,98052,28,0.2413793103,11.17401709,3.963710034,2.891172057,4834,-2.3763,0.2106,-2.5869,-3.0412,4.13,81322,https://www.goodreads.com/search?q=+Love+And+Gelato,1
"2016_West,Kasie_P.S.ILikeYou_YA.txt",FIC,English,YA,,2016,West,Kasie,Kasie,West,PSILikeYou,,,,,F,,88660,22,0.2503285151,11.02050963,3.87553268,2.805242483,4892,-2.4794,0.16677,-2.6462,-3.0791,3.67,6501,https://www.goodreads.com/search?q=+P+S+I+Like+You,1
"2016_West,Lindy_ShrillNotesfromaLoudWoman_ME.txt",NON,English,MEM,,2016,West,Lindy,Lindy,West,Shrill:NotesfromaLoudWoman,,,,,F,,75887,25,0.1342857143,19.48818695,4.229057081,4.01850066,1519,-2.2971,0.13871,-2.4358,-2.8493,4.17,56551,https://www.goodreads.com/search?q=+Shrill:+Notesfroma+Loud+Woman,1
"2016_White,Edmund_OurYoungMan_CT.txt",FIC,English,NYT,,2016,White,Edmund,Edmund,White,OurYoungMan,,Bloomsbury,,,M,,34999,15,0.2075726842,10.42878427,3.967608787,2.755587559,2647,-2.2947,0.12504,-2.4197,-2.7896,3.47,803,https://www.goodreads.com/search?q=Edmund+White+Our+Young+Man,1
"2016_Whitehead,Colson_TheUndergroundRailroad_PW.txt",FIC,English,PW,BS,2016,Whitehead,Colson,Colson,Whitehead,TheUndergroundRailroad,,Doubledayy,NationalBookAwards,Winner,M,US,102495,70,0.2746826516,15.3297936,4.397552039,3.831392432,4669,-2.3891,0.1405,-2.5296,-2.9833,4.05,354800,https://www.goodreads.com/search?q=Colson+Whitehead+The+Underground+Railroad,0
"2016_Whittall,Zoe_TheBestKindofPeople_PW.txt",FIC,English,PW,,2016,Whittall,Zoe,Zoe,Whittall,TheBestKindofPeople,,HouseofAnansi,ScotiabankGillerPrize,Shortlist,F,Canada,121847,33,0.1847525361,14.98733087,4.184984285,3.536898907,6788,-2.2923,0.23536,-2.5277,-3.0363,3.52,16636,https://www.goodreads.com/search?q=+The+Best+Kindof+People,0
"2016_Wilso,Kea_WeEatOurOwn_CT.txt",FIC,English,NYT,,2016,Wilson,Kea,Kea,Wilson,WeEatOurOwn,,Scribner,,,F,,100752,38,0.1327876307,14.11487812,4.08778982,3.329844393,5260,-2.1713,0.17691,-2.3482,-2.9016,3.32,996,https://www.goodreads.com/search?q=Kea+Wilson+We+Eat+Our+Own,1
"2016_Wilson,Sari_GirlThroughGlass_CT.txt",FIC,English,NYT,,2016,Wilson,Sari,Sari,Wilson,GirlThroughGlass,,Harper,,,F,,112999,44,0.3548206278,13.15471478,4.120424562,3.245715636,5751,-2.1682,0.34487,-2.5131,-2.9972,3.39,3235,https://www.goodreads.com/search?q=Sari+Wilson+Girl+Through+Glass,1
"2016_Winter,Jessica_BreakInCaseOfEmergency_CT.txt",FIC,English,NYT,,2016,Winter,Jessica,Jessica,Winter,BreakInCaseofEmergency,,AlfredAKnopf,,,F,,102224,42,0.2815666941,18.62342868,4.370043421,3.982504995,4184,-2.1281,0.23506,-2.3632,-2.8376,3.01,1495,https://www.goodreads.com/search?q=+Break+In+Caseof+Emergency,0
"2016_Wohlsdorf,Gina_Security_CT.txt",FIC,English,NYT,,2016,Wohlsdorf,Gina,Gina,Wohlsdorf,Security,,Algonquin,,,F,,84013,26,0.3203389831,13.78166011,4.285129643,3.433908514,4881,-2.2889,0.14775,-2.4366,-2.8871,3.27,3373,https://www.goodreads.com/search?q=Gina+Wohlsdorf+Security,0
"2016_Wolk,Lauren_WolfHollow_MG.txt",FIC,English,MID,,2016,Wolk,Lauren,Lauren,Wolk,WolfHollow,,,,,F,,75343,22,0.2883280757,14.09334082,3.893963744,3.130984962,4341,-2.387,0.15734,-2.5443,-2.9868,4.19,23085,https://www.goodreads.com/search?q=Lauren+Wolk+Wolf+Hollow,1
"2016_Woods,Stuart_SexLiesandSeriousMoney_BS.txt",FIC,English,BS,,2016,Woods,Stuart,Stuart,Woods,"Sex,LiesandSeriousMoney",,Putnam,,,M,,89388,55,0.1514411334,12.87640449,4.029425401,3.072711678,4394,-2.2608,0.19152,-2.4523,-2.8797,3.62,5477,"https://www.goodreads.com/search?q=+Sex,+Liesand+Serious+Money",0
"2016_Woodson,Jacqueline_AnotherBrooklyn_PW.txt",FIC,English,PW,NYT,2016,Woodson,Jacqueline,Jacqueline,Woodson,AnotherBrooklyn,,HarperCollins,NationalBookAwards,Shortlist,F,US,26295,12,0.2552631579,14.82243517,4.170539548,3.478110434,1430,-2.3364,0.16179,-2.4982,-2.8554,3.88,33769,https://www.goodreads.com/search?q=Jacqueline+Woodson+Another+Brooklyn,0.98
"2016_Wray,John_TheLostTimeAccidents_CT.txt",FIC,English,NYT,,2016,Wray,John,John,Wray,TheLostTimeAccidents,,MacmillanCA,,,M,,214026,97,0.1165127648,18.72657275,4.327433327,3.954605825,8035,-2.2213,0.33009,-2.5514,-3.1464,3.22,1381,https://www.goodreads.com/search?q=John+Wray+The+Lost+Time+Accidents,1
"2016_Wright,Lili_DancingWithTheTiger_CT.txt",FIC,English,NYT,,2016,Wright,Lili,Lili,Wright,DancingWiththeTiger,,PenguinGroupUSA,,,F,,133197,47,0.3294993234,10.36310589,4.267281365,3.006693706,7295,-2.2749,0.21749,-2.4924,-2.9981,3.41,676,https://www.goodreads.com/search?q=+Dancing+Withthe+Tiger,0
"2016_Yehoshua,AB_TheExtra_CT.txt",FIC,English,NYT,,2016,Yehoshua,AB,AB,Yehoshua,TheExtra,,HoutonMifflinHarcourt,,,M,,98048,22,0.3214709371,19.85179186,4.213929005,3.995755496,3676,-2.2985,0.23614,-2.5346,-2.9839,3.56,460,https://www.goodreads.com/search?q=AB+Yehoshua+The+Extra,0
"2016_Yoon,Nicola_TheSunIsAlsoaStar_YA.txt",FIC,English,YA,,2016,Yoon,Nicola,Nicola,Yoon,TheSunIsAlsoAStar,,,,,F,,82997,23,0.2074391989,12.00245842,3.930429766,2.972777538,3578,-2.2681,0.22214,-2.4902,-2.9266,4.02,266073,https://www.goodreads.com/search?q=Nicola+Yoon+The+Sun+Is+Also+A+Star,1
"2016_Yun,Jung_Shelter_CT.txt",FIC,English,NYT,,2016,Yun,Jung,Jung,Yun,Shelter,,MacmillanCA,,,M,,115358,28,0.3097112861,14.92341527,4.10381711,3.421160158,5264,-2.4066,0.20258,-2.6091,-3.0725,3.74,8075,https://www.goodreads.com/search?q=Jung+Yun+Shelter,0
"2016_Zaires,Anna_TheKrinarCaptive_SF.txt",FIC,English,SF,,2016,Zaires,Anna,Anna,Zaires,TheKrinarCaptive,,MozaikaPublications,,,F,,94406,14,0.4415584416,17.26517922,4.265602304,3.834084397,6104,-2.2737,0.24558,-2.5192,-2.9919,3.94,2335,https://www.goodreads.com/search?q=Anna+Zaires+The+Krinar+Captive,0
"2016_Zambra,Alejandro_MultipleChoice_CT.txt",FIC,English,NYT,,2016,Zambra,Alejandro,Alejandro,Zambra,MultipleChoice,,PenguinGroupUSA,,,M,,20016,8,0.3614457831,16.7638191,3.884580595,3.385784874,388,-1.9887,0.017565,-2.0062,-2.4114,3.88,4312,https://www.goodreads.com/search?q=Alejandro+Zambra+Multiple+Choice,0
"2016_Zetner,Jeff_TheSerpentKing_YA.txt",FIC,English,YA,,2016,Zetner,Jeff,Jeff,Zetner,TheSerpentKing,,,,,M,,99317,45,0.3173547936,10.99125719,4.114364386,2.945473882,5210,-2.2108,0.23661,-2.4474,-2.913,4.07,25474,https://www.goodreads.com/search?q=+The+Serpent+King,0
"2016_Zink,Nell_Nicotine_CT.txt",FIC,English,NYT,,2016,Zink,Nell,Nell,Zink,Nicotine,,Ecco/HarperCollins,,,F,,115725,28,0.2268518519,12.73242381,4.137226091,3.176869999,5306,-2.1892,0.30502,-2.4942,-2.9743,3.05,2473,https://www.goodreads.com/search?q=Nell+Zink+Nicotine,0
"2017_Applegate,Katherine_Wishtree_MG.txt",FIC,English,MID,,2017,Applegate,Katherine,Katherine,Applegate,Wishtree,,,,,F,,25671,19,0.2286432161,10.71858038,4.179040605,2.917342288,1269,-2.2696,0.12074,-2.3904,-2.808,4.3,29966,https://www.goodreads.com/search?q=Katherine+Applegate+Wishtree,0
"2017_BaratzLogsted,Lauren_ILoveYou,MichaelCollins_MG.txt",FIC,English,MID,,2017,BaratzLogsted,Lauren,Lauren,BaratzLogsted,IloveYouMichaelCollins,,,,,F,,55982,20,0.3117010816,15.2125,3.894589592,3.241844295,2258,-2.4172,0.11153,-2.5287,-2.9344,4.14,1343,https://www.goodreads.com/search?q=+Ilove+You+Michael+Collins,1
"2017_BrubakerBradley,Kimberly_TheWarIFinallyWon_MG.txt",FIC,English,MID,,2017,BrubakerBradley,Kimberly,Kimberly,BrubakerBradley,TheWarIFinallyWon,,,,,F,,91268,33,0.2429596908,10.23069163,3.939501729,2.644557528,6012,-2.2881,0.15446,-2.4425,-2.9033,4.48,31401,https://www.goodreads.com/search?q=+The+War+I+Finally+Won,1
"2017_Chainani,Soman_QuestsforGlory_ MG.txt",FIC,English,MID,,2017,Chainani,Soman,Soman,Chainani,QuestsforGlory,,,,,M,,166249,65,0.1711711712,14.17176711,4.234428594,3.341119056,10267,-2.1776,0.23961,-2.4172,-2.999,4.17,14670,https://www.goodreads.com/search?q=+Questsfor+Glory,0
"2017_Cheng,Jack_SeeYouintheCosmos_MG.txt",FIC,English,MID,,2017,Cheng,Jack,Jack,Cheng,SeeYouintheCosmos,,,,,M,,77599,34,0.2032085561,16.17656869,3.792729835,3.198696666,3736,-2.2018,0.20611,-2.4079,-2.8737,4.05,10693,https://www.goodreads.com/search?q=+See+Youinthe+Cosmos,1
"2017_Colfer,Chris_ WorldsCollide_MG.txt",FIC,English,MID,,2017,Colfer,Chris,Chris,Colfer,WorldsCollide,,,,,M,,100329,87,0.130003202,15.39732965,4.306369304,3.587963683,5977,-2.2339,0.18256,-2.4165,-2.8469,4.53,25344,https://www.goodreads.com/search?q=Chris+Colfer+Worlds+Collide,0
"2017_Dee,Barbara_Star-Crossed_MG.txt",FIC,English,MID,,2017,Dee,Barbara,Barbara,Dee,StarCrossed,,,,,F,,69319,36,0.1597653554,11.90843498,4.029041229,2.910809628,3235,-2.4418,0.15431,-2.5961,-2.9838,4.2,2075,https://www.goodreads.com/search?q=Barbara+Dee+Star+Crossed,1
"2017_delaCruz,Melissa_RiseoftheIsleoftheLost_MG.txt",FIC,English,MID,,2017,delaCruz,Melissa,Melissa,delaCruz,RiseoftheIsleoftheLost,,,,,F,,68354,29,0.1710686713,14.26716761,4.120992949,3.320402235,4863,-2.1724,0.16803,-2.3404,-2.7679,4.01,5072,https://www.goodreads.com/search?q=+Riseofthe+Isleofthe+Lost,0
"2017_Donnelly,Jennifer_BeautyandtheBeastLostinaBook_MG.txt",FIC,English,MID,,2017,Donnelly,Jennifer,Jennifer,Donnelly,BeautyandtheBeastLostinaBook,,,,,F,,74845,33,0.4317246539,11.16589587,4.181301444,2.961246379,5816,-2.2272,0.24497,-2.4722,-2.8858,3.9,14485,https://www.goodreads.com/search?q=+Beautyandthe+Beast+Lostina+Book,0
"2017_Khan,Hena_Amina'sVoice_MG.txt",FIC,English,MID,,2017,Khan,Hena,Hena,Khan,AminasVoice,,,,,F,,41424,28,0.1709145427,13.41450777,4.040798408,3.202615163,2312,-2.2341,0.19891,-2.433,-2.8222,3.97,8388,https://www.goodreads.com/search?q=Hena+Khan+Aminas+Voice,1
"2017_Mull,Brandon_Dragonwatch_MG.txt",FIC,English,MID,,2017,Mull,Brandon,Brandon,Mull,Dragonwatch,,,,,M,,105355,56,0.2660039761,10.29460621,4.333431521,2.985385471,6131,-2.1257,0.21115,-2.3368,-2.8291,4.34,13358,https://www.goodreads.com/search?q=Brandon+Mull+Dragonwatch,0
"2017_Pla,SalllyJ_TheSomedayBirds_MG.txt",FIC,English,MID,,2017,Pla,SallyJ,SallyJ,Pla,TheSomedayBirds,,,,,F,,79621,30,0.1725914477,12.77820575,4.005123077,3.062836824,3802,-2.3517,0.12555,-2.4772,-2.9039,4.26,2469,https://www.goodreads.com/search?q=+The+Someday+Birds,1
"2017_Riordan,Rick_TheDarkProphecy_MG.txt",FIC,English,MID,,2017,Riordan,Rick,Rick,Riordan,TheDarkProphecy,,,,,M,,119576,55,0.1419949174,12.01285915,4.291305162,3.21034919,6429,-2.3334,0.14765,-2.481,-2.9489,4.2,81957,https://www.goodreads.com/search?q=Rick+Riordan+The+Dark+Prophecy,1
"2017_Riordan,Rick_TheShipoftheDead_MG.txt",FIC,English,MID,,2017,Riordan,Rick,Rick,Riordan,TheShipoftheDead,,,,,M,,129686,63,0.2044328553,12.1383377,4.196658899,3.109157655,6866,-2.3252,0.13819,-2.4634,-2.9461,4.39,68924,https://www.goodreads.com/search?q=+The+Shipofthe+Dead,1
"2017_Standish,Ali_TheEthanIWasBefore_MG.txt",FIC,English,MID,,2017,Standish,Ali,Ali,Standish,TheEthanIWasBefore,,,,,F,,80050,33,0.2515489467,12.98037944,3.907165356,3.015326192,4879,-2.3372,0.17308,-2.5102,-2.9621,4.28,2460,https://www.goodreads.com/search?q=Ali+Standish+The+Ethan+I+Was+Before,1
"2017_Stroud,Jonathan_TheEmptyGrave_MG.txt",FIC,English,MID,,2017,Stroud,Jonathan,Jonathan,Stroud,TheEmptyGrave,,,,,M,,139584,32,0.2119392441,12.90532544,4.177767757,3.22464026,7894,-2.3094,0.2333,-2.5427,-3.0662,4.6,11905,https://www.goodreads.com/search?q=Jonathan+Stroud+The+Empty+Grave,1
"2017_Thompson,Lisa_TheGoldfishBoy_MG.txt",FIC,English,MID,,2017,Thompson,Lisa,Lisa,Thompson,TheGoldfishBoy,,,,,F,,86971,33,0.1884377758,13.58709577,3.967416803,3.162646091,6207,-2.3475,0.20947,-2.557,-2.9957,4.1,7127,https://www.goodreads.com/search?q=Lisa+Thompson+The+Goldfish+Boy,1
2017_Unknown_FlyingLessons&OtherStories_MG.txt,FIC,English,MID,,2017,Unknown,Unknown,Unknown,Unknown,FlyingLessonsOtherStories,,,,,,,49679,49,0.0625620655,14.06938544,3.959638407,3.148255105,2649,-2.1961,0.09099,-2.2871,-2.6597,4.07,4452,https://www.goodreads.com/search?q=+Flying+Lessons+Other+Stories,1
"2017_Wolk,Lauren_BeyondtheBrightSea_MG.txt",FIC,English,MID,,2017,Wolk,Lauren,Lauren,Wolk,BeyondtheBrightSea,,,,,F,,83193,23,0.3459119497,13.95855705,3.887845951,3.087271178,4988,-2.2448,0.23074,-2.4755,-2.938,4.11,11439,https://www.goodreads.com/search?q=+Beyondthe+Bright+Sea,1
"2018_Arden,Katherine_SmallSpaces_MG.txt",FIC,English,MID,,2018,Arden,Katherine,Katherine,Arden,SmallSpaces,,,,,F,,57841,19,0.4559721011,10.7771567,4.155082908,2.836046303,4190,-2.2696,0.15789,-2.4275,-2.8115,4.02,18621,https://www.goodreads.com/search?q=Katherine+Arden+Small+Spaces,0
"2018_Beatty,Robert_WillaoftheWood_MG.txt",FIC,English,MID,,2018,Beatty,Robert,Robert,Beatty,WillaoftheWood,,,,,M,,103476,22,0.4527162978,16.99950715,4.133609219,3.610896689,7148,-2.2527,0.17181,-2.4245,-2.9344,4.23,5457,https://www.goodreads.com/search?q=+Willaofthe+Wood,0
"2018_Birdsall,Jeanne_ThePenderwicksatLast_MG.txt",FIC,English,MID,,2018,Birdsall,Jeanne,Jeanne,Birdsall,ThePenderwicksAtLast,,,,,F,,81287,46,0.232096635,14.90410708,4.183590027,3.435388393,3875,-2.3687,0.13221,-2.5009,-2.9054,4.16,6121,https://www.goodreads.com/search?q=Jeanne+Birdsall+The+Penderwicks+At+Last,0
"2018_Black,Holly_TheGoldenTower_MG.txt",FIC,English,MID,,2018,Black,Holly,Holly,Black,TheGoldenTower,,,,,F,,70242,37,0.2851995565,12.88844037,4.14901521,3.238773402,4545,-2.3551,0.21884,-2.574,-2.9798,4.02,12596,https://www.goodreads.com/search?q=Holly+Black+The+Golden+Tower,0
"2018_Chokshi,Roshani_AruShahandtheEndofTime_MG.txt",FIC,English,MID,,2018,Chokshi,Roshani,Roshani,Chokshi,AruShahandtheEndofTime,,,,,F,,121684,52,0.4043202033,11.78423397,4.143929747,3.066091955,6576,-2.3349,0.14817,-2.4831,-2.9623,4.1,19594,https://www.goodreads.com/search?q=+Aru+Shahandthe+Endof+Time,0
"2018_Dasgupta,Sayantani_TheSerpent'sSecret_ MG.txt",FIC,English,MID,,2018,Dasgupta,Sayantani,Sayantani,Dasgupta,TheSerpentsSecret,,,,,F,,80479,27,0.4106342088,13.29572113,4.099908088,3.208041281,4727,-2.3425,0.10711,-2.4496,-2.865,3.9,4709,https://www.goodreads.com/search?q=Sayantani+Dasgupta+The+Serpents+Secret,1
"2018_DiCamillo,Kate_Louisiana'sWayHome_MG.txt",FIC,English,MID,,2018,DiCamillo,Kate,Kate,DiCamillo,LouisianasWayHome,,,,,F,,38722,24,0.2004048583,12.39104,3.916088109,3.007016234,2211,-2.3493,0.13732,-2.4866,-2.8344,4.29,10655,https://www.goodreads.com/search?q=Kate+DiCamillo+Louisianas+Way+Home,1
"2018_EntradaKelly,Erin_YouGoFirst_MG.txt",FIC,English,MID,,2018,EntradaKelly,Erin,Erin,EntradaKelly,YouGoFirst,,,,,F,,46355,34,0.3019726859,11.57428215,4.238095238,3.103534107,2286,-2.3064,0.19424,-2.5007,-2.8685,3.91,45091,https://www.goodreads.com/search?q=+You+Go+First,0
"2018_Harris,NeilPatrick_TheMagicMisfits_MG.txt",FIC,English,MID,,2018,Harris,NeilPatrick,NeilPatrick,Harris,TheMagicMisfits,,,,,M,,51128,15,0.3865591398,12.57761378,4.174928457,3.168656404,3039,-2.2014,0.19961,-2.4011,-2.8072,3.98,12088,https://www.goodreads.com/search?q=+The+Magic+Misfits,0
"2018_Hiranandani,Veera_TheNightDiary_MG.txt",FIC,English,MID,,2018,Hiranandani,Veera,Veera,Hiranandani,TheNightDiary,,,,,F,,62057,22,0.2860465116,12.71399303,3.856256169,3.05501897,4238,-2.3435,0.1644,-2.5079,-2.9389,4.22,14307,https://www.goodreads.com/search?q=Veera+Hiranandani+The+Night+Diary,1
"2018_Makechnie,Amy_TheUnforgettableGuinevereStClair_MG.txt",FIC,English,MID,,2018,Makechnie,Amy,Amy,Makechnie,TheUnforgettableGuinevereStClair,,,,,F,,95081,49,0.150273224,11.98248267,4.119233537,3.061126524,7053,-2.3248,0.19326,-2.5181,-2.9635,4.1,814,https://www.goodreads.com/search?q=Amy+Makechnie+The+Unforgettable+Guinevere+St+Clair,1
"2018_Mass,Wendy_Bob_MG.txt",FIC,English,MID,,2018,Mass,Wendy,Wendy,Mass,Bob,,,,,F,,37055,15,0.1652173913,11.31795968,3.77868091,2.727866488,2043,-2.4069,0.1361,-2.543,-2.8966,4.06,9281,https://www.goodreads.com/search?q=Wendy+Mass+Bob,1
"2018_McAnulty,Stacy_TheMiscalculationsofLightningGirl_MG.txt",FIC,English,MID,,2018,McAnulty,Stacy,Stacy,McAnulty,TheMiscalculationsofLightningGirl,,,,,F,,71862,26,0.2251336898,9.886091622,3.848368824,2.559410487,3312,-2.3498,0.12897,-2.4788,-2.9047,4.31,12369,https://www.goodreads.com/search?q=+The+Miscalculationsof+Lightning+Girl,1
"2018_Mull,Brandon_WrathoftheDragonKing_MG.txt",FIC,English,MID,,2018,Mull,Brandon,Brandon,Mull,WrathoftheDragonKing,,,,,M,,115806,67,0.2043160459,10.60980302,4.30329048,2.985552681,7870,-2.1168,0.21779,-2.3346,-2.838,4.42,7153,https://www.goodreads.com/search?q=+Wrathofthe+Dragon+King,0
"2018_ParkerRhodes,Jewell_GhostBoys_MG.txt",FIC,English,MID,,2018,ParkerRhodes,Jewell,Jewell,ParkerRhodes,GhostBoys,,,,,F,,28470,21,0.2401157184,8.053748232,4.021160569,2.264433447,1575,-2.2905,0.077372,-2.3679,-2.719,4.38,24784,https://www.goodreads.com/search?q=+Ghost+Boys,1
"2018_Reynolds,Jason_Sunny_MG.txt",FIC,English,MID,,2018,Reynolds,Jason,Jason,Reynolds,Sunny,,,,,M,,30226,16,0.1890971039,12.07590891,3.881567161,2.925934552,1246,-2.1654,0.19309,-2.3585,-2.7377,4.11,7185,https://www.goodreads.com/search?q=Jason+Reynolds+Sunny,1
"2018_Riordan,Rick_TheBurningMaze_MG.txt",FIC,English,MID,,2018,Riordan,Rick,Rick,Riordan,TheBurningMaze,,,,,M,,124359,69,0.1884349827,12.20522132,4.254780201,3.193066082,6681,-2.3724,0.11512,-2.4875,-2.9512,4.33,61914,https://www.goodreads.com/search?q=Rick+Riordan+The+Burning+Maze,1
"2018_Saeed,Aisha_AmalUnbound_MG.txt",FIC,English,MID,,2018,Saeed,Aisha,Aisha,Saeed,AmalUnbound,,,,,F,,49545,25,0.1170915958,10.94191696,3.976796407,2.87940886,2930,-2.3932,0.16416,-2.5574,-2.9269,4.19,15134,https://www.goodreads.com/search?q=Aisha+Saeed+Amal+Unbound,1
"2018_Schwab,Victoria_CityofGhosts_MG.txt",FIC,English,MID,,2018,Schwab,Victoria,Victoria,Schwab,CityofGhosts,,,,,F,,58809,17,0.3488372093,13.67333178,3.892093121,3.023568669,3774,-2.3385,0.20957,-2.5481,-2.9409,3.9,52957,https://www.goodreads.com/search?q=+Cityof+Ghosts,1
"2018_Yang,Kelly_FrontDesk_MG.txt",FIC,English,MID,,2018,Yang,Kelly,Kelly,Yang,FrontDesk,,,,,F,,81440,31,0.1864996521,12.16430172,3.878825894,2.905799684,5740,-2.3637,0.14004,-2.5037,-2.924,4.42,27458,https://www.goodreads.com/search?q=Kelly+Yang+Front+Desk,1
41 A Portrait of My Father - George W. Bush.txt,NON,English,BIO,,2014,Bush,George,George,Bush,41APortraitofmyFather,,,,,M,,93121,71,0.3462603878,18.69524192,4.55003311,4.314903494,2647,-2.3158,0.11122,-2.427,-2.8561,4.02,10984,https://www.goodreads.com/search?q=+41+A+Portraitofmy+Father,1
A Thousand boy Kisses - Tillie Cole.txt,FIC,English,YA,,2016,Cole,Tilllie,Tilllie,Cole,AthousandBoyKisses,,,,,F,,127054,26,0.3694852941,12.51516942,3.953368024,3.038728417,12496,-2.2882,0.20192,-2.4901,-3.0497,4.19,80474,https://www.goodreads.com/search?q=+Athousand+Boy+Kisses,1
A Very Large Expanse of Sea - Tahereh Mafi.txt,FIC,English,YA,,2018,Mafi,Tahereh,Tahereh,Mafi,AveryLargeExpanseOfSea,,,,,F,,83965,12,0.4825174825,13.28770375,3.949080952,3.105646064,4511,-2.3306,0.26458,-2.5952,-3.0258,4.15,47761,https://www.goodreads.com/search?q=+Avery+Large+Expanse+Of+Sea,1
"A. Lincoln - Ronald C. White, Jr_.txt",NON,English,BIO,,2009,WhiteJr,RonaldC,RonaldC,WhiteJr,ALincoln,,,,,M,,274788,235,0.3944670149,23.19864922,4.792665346,4.818313402,9127,-2.2822,0.18061,-2.4628,-3.1519,4.25,175370,https://www.goodreads.com/search?q=+A+Lincoln,0
Abigail Adams - Woody Holton.txt,NON,English,BIO,,2009,Holton,Woody,Woody,Holton,AbigailAdams,,,,,M,,198713,140,0.3402105263,26.67646664,4.654721998,4.952838613,5677,-2.3429,0.20121,-2.5441,-3.1387,3.89,2270,https://www.goodreads.com/search?q=Woody+Holton+Abigail+Adams,0
"Again, But Better - Christine Riccio.txt",FIC,English,YA,,2019,Riccio,Christine,Christine,Riccio,AgainButBetter,,,,,F,,144042,30,0.3233954451,11.29209784,3.911795349,2.833110752,10003,-2.2848,0.2425,-2.5273,-3.0404,3.65,28657,https://www.goodreads.com/search?q=Christine+Riccio+Again+But+Better,1
Agent Sonya - Ben Macintyre.txt,NON,English,BIO,,2020,Macintyre,Ben,Ben,Macintyre,AgentSonya,,,,,M,,141603,112,0.2609003064,21,4.727004276,4.644704738,4600,-2.3192,0.16483,-2.484,-3.0117,4.18,8821,https://www.goodreads.com/search?q=Ben+Macintyre+Agent+Sonya,0
Alexander the Great - Philip Freeman.txt,NON,English,BIO,,2011,Freeman,Philip,Philip,Freeman,AlexandertheGreat,,,,,M,,159384,110,0.3721655918,24.45289966,4.676715781,4.812147243,5296,-2.1776,0.23804,-2.4156,-3.0141,4.19,8813,https://www.goodreads.com/search?q=+Alexanderthe+Great,0
Ali's Pretty Little Lies - Sara Shepard.txt,FIC,English,YA,,2013,Shepard,Sara,Sara,Shepard,AlisPrettyLittleLies,,,,,F,,83667,38,0.4268226333,12.22129711,4.158902173,3.090023903,5743,-2.4067,0.15578,-2.5625,-2.9868,4.12,11389,https://www.goodreads.com/search?q=Sara+Shepard+Alis+Pretty+Little+Lies,0
Alibaba_ The House That Jack Ma Built - Duncan Clark.txt,NON,English,BIO,,2016,Clark,Duncan,Duncan,Clark,Alibaba,,,,,M,,92856,61,0.2435294118,23.60345704,4.727254686,4.858660353,1591,-2.2215,0.1331,-2.3546,-2.8166,3.84,14994,https://www.goodreads.com/search?q=Duncan+Clark+Alibaba,0
All the Little Lights - Jamie Mcguire.txt,FIC,English,YA,,2018,Mcguire,Jamie,Jamie,Mcguire,AllTheLittleLights,,,,,F,,153593,55,0.2861590038,11.40852707,4.01710895,2.853414567,11815,-2.2455,0.28719,-2.5327,-3.0676,3.96,16504,https://www.goodreads.com/search?q=Jamie+Mcguire+All+The+Little+Lights,1
"Always and Forever, Lara Jean - Jenny Han.txt",FIC,English,YA,,2017,Han,Jenny,Jenny,Han,AlwaysAndForeverLaraJean,,,,,F,,106699,37,0.2365085114,12.94576559,3.79444438,2.89516377,5156,-2.3724,0.16835,-2.5407,-2.9909,4.05,203457,https://www.goodreads.com/search?q=Jenny+Han+Always+And+Forever+Lara+Jean,1
Amazing Grace - Eric Metaxas.txt,NON,English,BIO,,2007,Metaxas,Eric,Eric,Metaxas,AmazingGraceWilliamWilberforceandtheHeroicCampaigntoEndSlavery,,,,,M,,117735,93,0.2861591696,26.80059185,4.637544729,5.000962238,2376,-2.2783,0.15518,-2.4335,-2.9263,4.12,8257,https://www.goodreads.com/search?q=+Amazing+Grace+William+Wilberforceandthe+Heroic+Campaignto+End+Slavery,0
Amelia Lost - Candace Fleming.txt,NON,English,BIO,,2011,Fleming,Candace,Candace,Fleming,Amelialost,,,,,F,,40202,31,0.5046296296,16.38891154,4.524816973,3.874198358,1587,-2.2781,0.13099,-2.409,-2.7666,3.79,8181,https://www.goodreads.com/search?q=+Amelialost,0
American Kingpin - Nick Bilton.txt,NON,English,BIO,,2017,Bilton,Nick,Nick,Bilton,AmericanKingpin,,,,,M,,126128,59,0.164960182,20.72428524,4.314586593,4.166796542,4915,-2.3647,0.13749,-2.5022,-2.971,4.38,33395,https://www.goodreads.com/search?q=Nick+Bilton+American+Kingpin,0
American Lion - Jon Meacham.txt,NON,English,BIO,,2008,Meacham,Jon,Jon,Meacham,AmericanLion,,,,,M,,183476,152,0.3674591382,27.35997614,4.638236511,4.967944916,5242,-2.2763,0.23243,-2.5088,-3.0908,3.82,50543,https://www.goodreads.com/search?q=Jon+Meacham+American+Lion,0
American Prometheus - Kai Bird.txt,NON,English,BIO,,2005,Bird,Kai,Kai,Bird,AmericanPrometheus,,,,,M,,303379,264,0.1298947868,23.09875133,4.757661417,4.777903427,9306,-2.2582,0.18196,-2.4402,-3.157,4.04,16056,https://www.goodreads.com/search?q=Kai+Bird+American+Prometheus,0
American Rose - Karen Abbott.txt,NON,English,BIO,,2011,Abbott,Karen,Karen,Abbott,AmericanRose,,,,,F,,127957,81,0.241186839,22.3701049,4.470119485,4.39731972,4365,-2.248,0.288,-2.536,-3.0139,3.41,5962,https://www.goodreads.com/search?q=Karen+Abbott+American+Rose,0
American Royals - Katharine McGee.txt,FIC,English,YA,,2019,McGee,Katharine,Katharine,McGee,AmericanRoyals,,,,,F,,153561,33,0.1689443454,15.38379082,4.30366533,3.664771573,7758,-2.3606,0.23747,-2.5981,-3.1266,3.84,85618,https://www.goodreads.com/search?q=Katharine+McGee+American+Royals,0
American Ulysses_ A Life of Ulysses S. Grant - Ronald C. White Jr.txt,NON,English,BIO,,2016,White,Ronald,Ronald,White,AmericanUlysses,,,,,M,,314113,336,0.330581761,22.48160607,4.769093352,4.599191791,10731,-2.3253,0.12447,-2.4498,-3.1384,4.09,5603,https://www.goodreads.com/search?q=Ronald+White+American+Ulysses,0
And So It Goes - Charles J. Shields.txt,NON,English,BIO,,2011,Shields,Charles,Charles,Shields,Andsoitgoes,,,,,M,,191318,153,0.114025339,24.77891465,4.615476552,4.75959029,5222,-2.33,0.17748,-2.5075,-3.0774,3.95,2443,https://www.goodreads.com/search?q=+Andsoitgoes,0
Andrew Carnegie - David Nasaw.txt,NON,English,BIO,,2006,Nasaw,David,David,Nasaw,AndrewCarnegie,,,,,M,,378106,209,0.2583342382,27.15693457,4.632747591,4.960629804,8029,-2.2112,0.23878,-2.45,-3.2898,3.76,5437,https://www.goodreads.com/search?q=David+Nasaw+Andrew+Carnegie,0
"Astonishing Color of After, The - Emily X.R. Pan.txt",FIC,English,YA,,2018,Pan,EmilyXR,EmilyXR,Pan,AstonishingColorOfAfter,,,,,F,,126597,29,0.171875,12.27547755,4.037898257,3.051242419,7853,-2.2135,0.35236,-2.5658,-3.0621,4.09,26440,https://www.goodreads.com/search?q=+Astonishing+Color+Of+After,1
Augustus - Anthony Everitt.txt,NON,English,BIO,,2006,Everitt,Anthony,Anthony,Everitt,Augustus,,,,,M,,150434,81,0.1530343008,23.16150885,4.710274061,4.917075449,3563,-2.338,0.16585,-2.5039,-3.0496,3.89,8050,https://www.goodreads.com/search?q=Anthony+Everitt+Augustus,0
Autoboyography - Christina Lauren.txt,FIC,English,YA,,2017,Lauren,Christina,Christina,Lauren,Autoboyography,,,,,F,,117217,34,0.2875782881,14.11062959,3.970666031,3.206837199,5673,-2.4111,0.1879,-2.599,-3.0793,4.2,43843,https://www.goodreads.com/search?q=Christina+Lauren+Autoboyography,1
Bag Man - Rachel Maddow & Michael Yarvitz.txt,NON,English,BIO,,2020,Maddow,Rachel,Rachel,Maddow,BagMan,,,,,F,,73432,56,0.2482517483,22.15143288,4.605684771,4.61433924,2040,-2.2725,0.13541,-2.4079,-2.8344,4.27,5788,https://www.goodreads.com/search?q=Rachel+Maddow+Bag+Man,0
Barracoon - Zora Neale Hurston.txt,NON,English,BIO,,2018,Hurston,ZoraNeale,ZoraNeale,Hurston,Barracoon,,,,,F,,51371,41,0.1552795031,16.59806139,4.120158656,3.727085705,1219,-1.856,0.18562,-2.0416,-2.4858,4,24975,https://www.goodreads.com/search?q=+Barracoon,0
"Beatles, The - Bob Spitz.txt",NON,English,BIO,,2005,Spitz,Bob,Bob,Spitz,TheBeatles,,,,,M,,456623,315,0.1287511466,22.46718166,4.614169897,4.54058155,13697,-2.3499,0.18385,-2.5337,-3.4198,4.03,12594,https://www.goodreads.com/search?q=Bob+Spitz+The+Beatles,0
Beautiful Disaster - Jamie Mcguire.txt,FIC,English,YA,,2011,Mcguire,Jamie,Jamie,Mcguire,BeautifulDisaster,,,,,F,,145173,48,0.356776898,12.37305037,3.976780533,2.969036056,12682,-2.3501,0.25576,-2.6059,-3.1168,4.05,617017,https://www.goodreads.com/search?q=Jamie+Mcguire+Beautiful+Disaster,1
Beauty Queens - Libba Bray.txt,FIC,English,YA,,2011,Bray,Libba,Libba,Bray,BeautyQueens,,,,,F,,138015,58,0.1157262905,11.38737624,4.206226605,3.051342917,7295,-2.2413,0.20376,-2.4451,-2.9497,3.62,54428,https://www.goodreads.com/search?q=Libba+Bray+Beauty+Queens,0
Because of Low - Abbi Glines.txt,FIC,English,YA,,2012,Glines,Abbi,Abbi,Glines,BecauseOfLow,,,,,F,,79918,33,0.1421823335,11.47752406,3.874376271,2.921033733,5781,-2.428,0.17099,-2.599,-3.0401,4.12,55489,https://www.goodreads.com/search?q=Abbi+Glines+Because+Of+Low,1
Becky - Darren Galsworthy.txt,NON,English,BIO,,2016,Galsworthy,Darren,Darren,Galsworthy,Becky,,,,,M,,99637,40,0.2930089102,18.4923905,4.073384649,3.797656327,5043,-2.3975,0.13211,-2.5297,-3.0139,4.25,8089,https://www.goodreads.com/search?q=Darren+Galsworthy+Becky,1
Becoming Steve Jobs_ The Evolution of a Reckless Upstart Into a Visionary Leader - Brent Schlender & Rick Tetzeli.txt,NON,English,BIO,,2015,Schlender,Brent,Brent,Schlender,BecomingSteveJobs,,,,,M,,180151,95,0.3202475685,23.1170281,4.558500734,4.659654165,3100,-2.2648,0.20666,-2.4715,-3.0328,4.11,16144,https://www.goodreads.com/search?q=Brent+Schlender+Becoming+Steve+Jobs,0
Beethoven - Jan Swafford.txt,NON,English,BIO,,2014,Swafford,Jan.,Jan.,Swafford,Beethoven,,,,,M,,406977,242,0.1588894301,24.11715556,4.63892303,4.864332476,7090,-2.144,0.34503,-2.489,-3.4048,4.28,1265,https://www.goodreads.com/search?q=Jan.+Swafford+Beethoven,0
Being Nixon_ A Man Divided - Evan Thomas.txt,NON,English,BIO,,2015,Evan,Thomas,Thomas,Evan,BeingNixon,,,,,M,,207186,227,0.2308182784,22.99511654,4.606906787,4.622001399,7617,-2.414,0.14423,-2.5582,-3.113,4.24,2285,https://www.goodreads.com/search?q=Thomas+Evan+Being+Nixon,0
Better Off Friends - Elizabeth Eulberg.txt,FIC,English,YA,,2014,Eulberg,Elizabeth,Elizabeth,Eulberg,BetterOffFriends,,,,,F,,76813,27,0.2299168975,11.49035153,3.903936337,2.895818931,3799,-2.4223,0.16923,-2.5915,-3.0203,3.9,29541,https://www.goodreads.com/search?q=Elizabeth+Eulberg+Better+Off+Friends,1
Between Shades of Gray - Ruta Sepetys.txt,FIC,English,YA,,2011,Septys,Ruta,Ruta,Septys,BetweenShadesOfGray,,,,,F,,83897,33,0.2569124424,9.869074227,4.085436658,2.707951448,7318,-2.3341,0.16467,-2.4988,-2.9373,4.36,202904,https://www.goodreads.com/search?q=+Between+Shades+Of+Gray,1
Billion Dollar Loser - Reeves Wiedeman.txt,NON,English,BIO,,2020,Wiedeman,Reeve,Reeve,Wiedeman,BillionDollarLoser,,,,,M,,116963,86,0.4212253829,24.77504766,4.582570064,4.736059763,3192,-2.3733,0.14982,-2.5231,-2.9861,4.11,8972,https://www.goodreads.com/search?q=Reeve+Wiedeman+Billion+Dollar+Loser,0
Birthday - Meredith Russo.txt,FIC,English,YA,,2019,Russo,Meredith,Meredith,Russo,Birthday,,,,,F,,79745,21,0.2710795902,15.01506308,3.874807286,3.191375087,5087,-2.4235,0.16176,-2.5853,-3.0076,4.22,10105,https://www.goodreads.com/search?q=Meredith+Russo+Birthday,1
Bismarck_ A Life - Jonathan Steinberg.txt,NON,English,BIO,,2011,Steinberg,Jonathan,Jonathan,Steinberg,Bismarck,,,,,M,,236980,201,0.2542027509,28.98483366,4.732482724,5.189827023,5111,-2.3076,0.20325,-2.5108,-3.1657,3.75,1155,https://www.goodreads.com/search?q=Jonathan+Steinberg+Bismarck,1
"Black Count_ Glory, Revolution, Betrayal, and the Real Count of Monte Cristo, The - Tom Reiss.txt",NON,English,BIO,,2012,Reiss,Tom,Tom,Reiss,TheBlackCount,,,,,M,,142948,94,0.2404565132,28.61248999,4.699081669,5.158438055,3271,-2.2542,0.13517,-2.3893,-2.9156,3.97,18198,https://www.goodreads.com/search?q=Tom+Reiss+The+Black+Count,0
Bobby Kennedy - Larry Tye.txt,NON,English,BIO,,2016,Tye,Larry,Larry,Tye,BobbyKennedy,,,,,M,,239547,250,0.2808124857,25.42152181,4.616928234,4.760536948,5447,-2.3687,0.13472,-2.5034,-3.1137,4.39,2063,https://www.goodreads.com/search?q=Larry+Tye+Bobby+Kennedy,0
Bolivar - Marie Arana.txt,NON,English,BIO,,2013,Arana,Marie,Marie,Arana,Bol��var,,,,,F,,278406,266,0.2117605468,21.34687931,4.681081786,4.535409828,8124,-2.3054,0.15736,-2.4628,-3.1425,4.17,2419,https://www.goodreads.com/search?q=Marie+Arana+Bol��var,0
Bonhoeffer - Eric Metaxas.txt,NON,English,BIO,,2009,Metaxas,Eric,Eric,Metaxas,Bonhoeffer,,,,,M,,239330,175,0.2037718491,21.85262966,4.598111739,4.571199698,5014,-2.266,0.17377,-2.4397,-3.123,4.2,67456,https://www.goodreads.com/search?q=Eric+Metaxas+Bonhoeffer,1
Bruce - Peter Ames Carlin.txt,NON,English,BIO,,2012,AmesCarlin,Peter,Peter,AmesCarlin,Bruce,,,,,M,,209259,135,0.388793987,23.69327446,4.402180643,4.381432615,6699,-2.387,0.18252,-2.5695,-3.1433,4.34,123071,https://www.goodreads.com/search?q=+Bruce,0
By Your Side - Kasie West.txt,FIC,English,YA,,2017,West,Kasie,Kasie,West,ByYourSide,,,,,F,,83184,18,0.2577610536,10.81997919,3.819100435,2.709976001,4817,-2.4953,0.15958,-2.6549,-3.0744,3.86,46271,https://www.goodreads.com/search?q=Kasie+West+By+Your+Side,1
C. S. Lewis &#8211; A Life - Alister McGrath.txt,NON,English,BIO,,2012,McGrath,Alister,Alister,McGrath,CSLewisALife,,,,,M,,138570,80,0.3346039814,24.61278863,4.813602098,5.055327524,1960,-2.1872,0.17615,-2.3634,-2.8832,3.91,6112,https://www.goodreads.com/search?q=Alister+McGrath+C+S+Lewis+A+Life,0
Caesar_ Life of a Colossus - Adrian Goldsworthy.txt,NON,English,BIO,,2006,Goldsworthy,Adrian,Adrian,Goldsworthy,Caesar,,,,,M,,260369,150,0.3463648834,27.68704806,4.659661088,5.239512271,5943,-2.3996,0.19451,-2.5941,-3.2977,4.14,10549,https://www.goodreads.com/search?q=Adrian+Goldsworthy+Caesar,0
Capturing the Devil - Kerri Maniscalco.txt,FIC,English,YA,,2019,Manisalco,Kerri,Kerri,Manisalco,CapturingTheDevil,,,,,F,,146049,48,0.4044082415,13.8356385,4.238179343,3.449272167,8287,-2.3983,0.17134,-2.5697,-3.082,4.24,24697,https://www.goodreads.com/search?q=+Capturing+The+Devil,1
Caravaggio - Andrew Graham-Dixon.txt,NON,English,BIO,,2011,GrahamDixon,Andrew,Andrew,GrahamDixon,CaravaggioALifeSacredandProfane,,,,,M,,199420,157,0.2204065365,26.01017347,4.665375172,5.100031329,4112,-2.2019,0.19608,-2.398,-3.0005,4.12,3974,https://www.goodreads.com/search?q=+Caravaggio+A+Life+Sacredand+Profane,0
Catching Jordan - Miranda Kenneally.txt,FIC,English,YA,,2011,Kenneally,Miranda,Miranda,Kenneally,CatchingJordan,,,,,F,,94332,31,0.2189233279,13.11806425,3.84604036,2.940581974,6027,-2.3594,0.19491,-2.5543,-3.0019,3.85,61332,https://www.goodreads.com/search?q=Miranda+Kenneally+Catching+Jordan,1
Catherine the Great_ Portrait of a Woman - Robert K. Massie.txt,NON,English,BIO,,2011,Massie,Robert,Robert,Massie,CatherinetheGreat,,,,,M,,264913,183,0.2258140632,22.56306959,4.741884599,4.840272676,10125,-2.2454,0.17518,-2.4206,-3.1395,3.92,102000,https://www.goodreads.com/search?q=+Catherinethe+Great,0
Chain Reaction by Simone Elkeles (z-lib.org) - Unknown.txt,FIC,English,YA,,2011,Elkeles,Simone,Simone,Elkeles,ChainReaction,,,,,F,,103454,52,0.1025930101,12.44784021,3.800161514,2.870023542,5764,-2.3738,0.15332,-2.5271,-2.9906,4.1,61964,https://www.goodreads.com/search?q=Simone+Elkeles+Chain+Reaction,1
"Charles Dickens_ A Life - Tomalin, Claire.txt",NON,English,BIO,,2011,Tomalin,Claire,Claire,Tomalin,CharlesDickens,,,,,F,,197502,205,0.1243523316,33.80725779,4.499835069,5.122426483,5944,-2.3513,0.184,-2.5353,-3.1589,3.85,6935,https://www.goodreads.com/search?q=Claire+Tomalin+Charles+Dickens,0
Charlotte Bronte�� - Claire Harman.txt,NON,English,BIO,,2016,Harman,Claire,Claire,Harman,CharlotteBronteAFieryHeart,,,,,F,,171110,126,0.2731526613,37.50767207,4.579023163,5.41562639,4043,-2.3813,0.18034,-2.5617,-3.1266,4.27,1569,https://www.goodreads.com/search?q=Claire+Harman+Charlotte+Bronte+A+Fiery+Heart,0
"Churchill Factor_ How One Man Made History, The - Boris Johnson.txt",NON,English,BIO,,2018,Roberts,Andrew,Andrew,Roberts,Churchill,,,,,M,,120507,63,0.3306666667,23.8958953,4.495246056,4.641301348,2480,-2.3583,0.12557,-2.4838,-2.952,4.21,9024,https://www.goodreads.com/search?q=Andrew+Roberts+Churchill,0
Churchill_ Walking with Destiny - Andrew Roberts.txt,NON,English,BIO,,2014,Johnson,Boris,Boris,Johnson,TheChurchillFactor,,,,,M,,572048,511,0.1900488112,22.6652403,4.634625124,4.474230548,14451,-2.3407,0.15888,-2.4996,-3.5494,4.04,6942,https://www.goodreads.com/search?q=Boris+Johnson+The+Churchill+Factor,0
Clemente_ The Passion and Grace of Baseball's Last Hero - David Maraniss.txt,NON,English,BIO,,2007,Maraniss,David,David,Maraniss,Clemente,,,,,M,,162640,208,0.2433743934,22.32532601,4.465853312,4.427803841,5192,-2.2757,0.19279,-2.4684,-3.0216,4.14,4853,https://www.goodreads.com/search?q=David+Maraniss+Clemente,0
Clementine - Sonia Purnell.txt,NON,English,BIO,,2015,Purnell,Sonia,Sonia,Purnell,Clementine,,,,,F,,166296,106,0.2812381314,25.30756354,4.708104453,4.96656334,4402,-2.4522,0.13447,-2.5867,-3.1277,3.86,7227,https://www.goodreads.com/search?q=Sonia+Purnell+Clementine,0
Cleopatra_ A Life - Stacy Schiff.txt,NON,English,BIO,,2010,Schiff,Stacy,Stacy,Schiff,Cleopatra,,,,,M,,124057,63,0.3911224727,19.77003984,4.778128257,4.688039341,2508,-2.3525,0.14318,-2.4957,-3.0126,3.71,111022,https://www.goodreads.com/search?q=Stacy+Schiff+Cleopatra,0
Clouds of Glory - Michael Korda.txt,NON,English,BIO,,2014,Korda,Michael,Michael,Korda,CloudsofGlory,,,,,M,,316419,195,0.1443357706,36.94325744,4.575543623,5.443729737,7307,-2.3986,0.16454,-2.5632,-3.288,4.19,1730,https://www.goodreads.com/search?q=+Cloudsof+Glory,0
"Code Breaker, The - Walter Isaacson.txt",NON,English,BIO,,2021,Isaacson,Walter,Walter,Isaacson,TheCodeBreaker,,,,,M,,158217,95,0.1567099567,23.53019036,4.658778493,4.7865414,3905,-2.2068,0.1283,-2.3351,-2.909,4.32,21673,https://www.goodreads.com/search?q=Walter+Isaacson+The+Code+Breaker,0
Code Name - Larry Loftis.txt,NON,English,BIO,,2019,Loftis,Larry,Larry,Loftis,CodeName,,,,,M,,97976,81,0.2444509346,16.67676596,4.489421857,3.946676649,4798,-2.285,0.13261,-2.4176,-2.8875,3.96,6682,https://www.goodreads.com/search?q=Larry+Loftis+Code+Name,0
Code Name Verity - Elizabeth Wein.txt,FIC,English,YA,,2012,Wein,Elizabeth,Elizabeth,Wein,CodeNameVerity,,,,,F,,112805,55,0.343879668,17.20900076,4.148092109,3.6836831,4223,-2.2169,0.23681,-2.4537,-2.9542,4.02,108045,https://www.goodreads.com/search?q=Elizabeth+Wein+Code+Name+Verity,1
Colonel Roosevelt - Edmund Morris.txt,NON,English,BIO,,2010,Morris,Edmund,Edmund,Morris,ColonelRoosevelt,,,,,M,,273868,207,0.1515786082,23.72383922,4.715625977,4.845796408,8011,-2.4025,0.14941,-2.5519,-3.2152,4.05,21247,https://www.goodreads.com/search?q=Edmund+Morris+Colonel+Roosevelt,0
Coolidge - Amity Shlaes.txt,NON,English,BIO,,2013,Shlaes,Amity,Amity,Shlaes,Coolidge,,,,,F,,229757,218,0.1470625078,21.84209526,4.70681979,4.705679074,6161,-2.4164,0.12961,-2.546,-3.1407,3.75,6853,https://www.goodreads.com/search?q=Amity+Shlaes+Coolidge,0
Crash - Nicole Williams.txt,FIC,English,YA,,2012,Williams,Nicole,Nicole,Williams,Crash,,,,,F,,103615,22,0.4366485014,16.12182978,3.966582997,3.409119391,6619,-2.4932,0.1442,-2.6374,-3.0801,3.98,60215,https://www.goodreads.com/search?q=Nicole+Williams+Crash,1
"Cross My Heart - Klein, Katie.txt",FIC,English,YA,,2013,Klein,Katie,Katie,Klein,CrossMyHeart,,,,,F,,101024,29,0.247771836,11.30401701,4.017289012,2.847412161,6917,-2.3483,0.22198,-2.5703,-3.0034,3.91,18712,https://www.goodreads.com/search?q=Katie+Klein+Cross+My+Heart,1
Dare You To--A Life Changing Teen Love Sto - Katie McGarry.txt,FIC,English,YA,,2013,McGarry,Katie,Katie,McGarry,DareYouTo,,,,,F,,151086,43,0.200155159,11.04672077,3.869001058,2.764354359,8443,-2.3311,0.17844,-2.5096,-3.0662,4.15,41024,https://www.goodreads.com/search?q=Katie+McGarry+Dare+You+To,1
"Dead Are Arising, The - Les Payne.txt",NON,English,BIO,,2020,Payne,Les,Les,Payne,TheDeadAreArising,,,,,M,,197563,137,0.2155339806,26.21241873,4.770885413,4.979759933,5257,-2.2444,0.13419,-2.3786,-2.9772,4.34,2878,https://www.goodreads.com/search?q=Les+Payne+The+Dead+Are+Arising,0
Dearie - Bob Spitz.txt,NON,English,BIO,,2012,Spitz,Bob,Bob,Spitz,Dearie,,,,,M,,260743,129,0.4325462476,20.83610356,4.61897203,4.481899538,5053,-2.3398,0.16887,-2.5086,-3.1374,3.83,9380,https://www.goodreads.com/search?q=Bob+Spitz+Dearie,0
"Death and Life of Aida Hernandez, The - Aaron Bobrow-Strain.txt",NON,English,BIO,,2019,BobrowStrain,Aaron,Aaron,BobrowStrain,TheDeathandLifeofAidaHernandez,,,,,M,,167547,90,0.2761406844,18.35729155,4.866876706,4.364927612,5138,-2.1347,0.19582,-2.3306,-2.8721,4.44,971,https://www.goodreads.com/search?q=+The+Deathand+Lifeof+Aida+Hernandez,0
Deng Xiaoping and the transformation of China - Ezra F. Vogel.txt,NON,English,BIO,,2011,Vogel,Ezra,Ezra,Vogel,DengXiaopingandthetransformationofChina,,,,,M,,376386,174,0.3621468494,32.79194982,4.762977447,5.423468211,7496,-2.2534,0.12223,-2.3756,-3.2414,4.44,2569,https://www.goodreads.com/search?q=+Deng+Xiaopingandthetransformationof+China,0
Destiny and Power - Jon Meacham.txt,NON,English,BIO,,2015,Meacham,Jon,Jon,Meacham,DestinyandPower,,,,,M,,282163,227,0.2220276498,22.46520701,4.496232807,4.454105279,8964,-2.344,0.15044,-2.4945,-3.1705,4.03,7897,https://www.goodreads.com/search?q=+Destinyand+Power,0
Don't Look Back - Jennifer L. Armentrout.txt,FIC,English,YA,,2014,Armentrout,JenniferL,JenniferL,Armentrout,DontLookBack,,,,,F,,125798,24,0.195240408,11.53792534,3.801712302,2.772211054,8755,-2.4404,0.20049,-2.6409,-3.1396,4.09,30902,https://www.goodreads.com/search?q=+Dont+Look+Back,1
Dr. Mutter's Marvels - Cristin O'keefe Aptowicz.txt,NON,English,BIO,,2014,Aptowicz,CristinOKeefe,CristinOKeefe,Aptowicz,DrMuttersMarvels,,,,,F,,93808,41,0.1953578337,29.22367601,4.729739991,5.221176948,1484,-2.2169,0.12696,-2.3439,-2.8205,3.98,6793,https://www.goodreads.com/search?q=+Dr+Mutters+Marvels,0
Dutch Girl_ Audrey Hepburn and World War II - Robert Matzen.txt,NON,English,BIO,,2019,Matzen,Robert,Robert,Matzen,DutchGirl,,,,,M,,128516,113,0.2342487884,23.22718236,4.549228651,4.54327804,3588,-2.3183,0.14954,-2.4678,-2.9787,3.84,5832,https://www.goodreads.com/search?q=Robert+Matzen+Dutch+Girl,0
"Easy - Webber, Tammara.txt",FIC,English,YA,,2012,Webber,Tammara,Tammara,Webber,Easy,,,,,F,,98287,34,0.2277580071,14.65876212,4.078739482,3.369083034,6597,-2.3445,0.23113,-2.5757,-3.0353,4.08,225123,https://www.goodreads.com/search?q=Tammara+Webber+Easy,1
Edison - Edmund Morris.txt,NON,English,BIO,,2019,Morris,Edmund,Edmund,Morris,Edison,,,,,M,,252692,156,0.1925019425,30.43015414,4.724010635,5.265490693,5832,-2.3408,0.17391,-2.5147,-3.1673,3.53,1894,https://www.goodreads.com/search?q=Edmund+Morris+Edison,0
"Einstein - Isaacson, Walter.txt",NON,English,BIO,,2007,Isaacson,Walter,Walter,Isaacson,Einstein,,,,,M,,232223,155,0.2939789341,24.94607369,4.712620285,4.985427374,6296,-2.274,0.1958,-2.4698,-3.097,4.14,161421,https://www.goodreads.com/search?q=Walter+Isaacson+Einstein,0
Eisenhower in War and Peace - Jean Edward Smith.txt,NON,English,BIO,,2012,Smith,JeanEdward,JeanEdward,Smith,EisenhowerinWarandPeace,,,,,M,,314291,314,0.121047393,22.61249011,4.802468955,4.809606375,8219,-2.2511,0.18081,-2.4319,-3.1665,4,10222,https://www.goodreads.com/search?q=+Eisenhowerin+Warand+Peace,0
Eliza and Her Monsters - Francesca Zappia.txt,FIC,English,YA,,2017,Zappia,Francesca,Francesca,Zappia,ElizaAndHerMonsters,,,,,F,,95657,43,0.2845719661,13.1054939,3.986448109,3.122462569,3473,-2.3481,0.19768,-2.5458,-3.0001,4.17,59056,https://www.goodreads.com/search?q=Francesca+Zappia+Eliza+And+Her+Monsters,1
"Elizabeth of York_ A Tudor Queen and Her World - Weir, Alison.txt",NON,English,BIO,,2013,Weir,Alison,Alison,Weir,ElizabethofYork,,,,,F,,215613,187,0.1644520869,33.13045482,4.616618853,5.162474007,4605,-2.1862,0.18819,-2.3744,-3.0575,3.78,4095,https://www.goodreads.com/search?q=+Elizabethof+York,0
"Elon Musk_ Tesla, SpaceX, and the Quest for a Fantastic Future - Ashlee Vance.txt",NON,English,BIO,,2015,Vance,Ashlee,Ashlee,Vance,ElonMusk,,,,,F,,149442,98,0.2307512832,21.67082367,4.478163051,4.460138312,3129,-2.2369,0.15053,-2.3874,-2.9484,4.21,322429,https://www.goodreads.com/search?q=Ashlee+Vance+Elon+Musk,0
Emergency Contact - Mary H. K. Choi.txt,FIC,English,YA,,2018,Choi,MaryHK,MaryHK,Choi,EmergencyContact,,,,,F,,104235,38,0.2750139743,11.80865526,4.165014866,3.126299446,5298,-2.2998,0.19917,-2.499,-2.9682,3.67,36560,https://www.goodreads.com/search?q=+Emergency+Contact,0
"Empress Dowager Cixi_ The Concubine Who Launched Modern China - Chang, Jung.txt",NON,English,BIO,,2013,Chang,Jung,Jung,Chang,EmpressDowagerCixi,,,,,F,,177335,98,0.4103688419,23.92216377,4.633647267,4.814272751,5407,-2.3256,0.13181,-2.4574,-3.0114,3.84,9151,https://www.goodreads.com/search?q=Jung+Chang+Empress+Dowager+Cixi,0
Empty Mansions - Bill Dedman.txt,NON,English,BIO,,2013,Dedman,Bill,Bill,Dedman,EmptyMansions,,,,,M,,126828,102,0.238381201,22.2466234,4.566578729,4.45122169,2658,-2.1209,0.16494,-2.2859,-2.7924,3.78,34896,https://www.goodreads.com/search?q=Bill+Dedman+Empty+Mansions,0
Enchantment - Donald Spoto.txt,NON,English,BIO,,2006,Spoto,Donald,Donald,Spoto,Enchantment,,,,,M,,112514,117,0.2453498671,26.33754682,4.613734835,4.910312866,2473,-2.3797,0.10852,-2.4882,-2.9512,3.88,3743,https://www.goodreads.com/search?q=Donald+Spoto+Enchantment,0
Escape from Camp 14 - Blaine Harden.txt,NON,English,BIO,,2012,Harden,Blaine,Blaine,Harden,EscapefromCamp14,,,,,M,,63271,24,0.7114779874,19.67993779,4.549223919,4.352439842,1977,-2.1806,0.13135,-2.3119,-2.7297,3.98,64091,https://www.goodreads.com/search?q=+Escapefrom+Camp14,0
Everything Leads to You - Nina Lacour.txt,FIC,English,YA,,2014,Lacour,Nina,Nina,Lacour,EverythingLeadsToYou,,,,,F,,97366,33,0.1971563981,13.58532161,3.904795469,3.088543441,4865,-2.401,0.19178,-2.5927,-3.0588,3.85,31449,https://www.goodreads.com/search?q=Nina+Lacour+Everything+Leads+To+You,1
"Everything Store_ Jeff Bezos and the Age of Amazon, The - Stone, Brad.txt",NON,English,BIO,,2013,Stone,Brad,Brad,Stone,TheEverythingStore,,,,,M,,135600,112,0.5312791783,24.45887446,4.774238715,5.006907158,2561,-2.3426,0.12276,-2.4654,-2.9541,4.13,67111,https://www.goodreads.com/search?q=Brad+Stone+The+Everything+Store,0
Fallen Founder - Nancy Isenberg.txt,NON,English,BIO,,2007,Isenberg,Nancy,Nancy,Isenberg,FallenFounder,,,,,F,,188654,203,0.192,26.60095883,4.88340313,5.239096473,4116,-2.2958,0.15963,-2.4554,-3.0121,3.75,1811,https://www.goodreads.com/search?q=Nancy+Isenberg+Fallen+Founder,0
"Falling into Place - Zhang,Amy.txt",FIC,English,YA,,2014,Zhang,Amy,Amy,Zhang,FallingIntoPlace,,,,,F,,59084,22,0.4466978679,15.83596891,4.190279606,3.570939413,3246,-2.3216,0.16995,-2.4915,-2.8851,3.85,17141,https://www.goodreads.com/search?q=Amy+Zhang+Falling+Into+Place,0
FDR - Jean Edward Smith.txt,NON,English,BIO,,2007,Smith,JeanEdward,JeanEdward,Smith,FDR,,,,,M,,317342,343,0.1196227664,22.73223496,4.807640451,4.791163265,8886,-2.2353,0.18754,-2.4229,-3.1622,4,789925,https://www.goodreads.com/search?q=+F+D+R,0
Fear - Bob Woodward.txt,NON,English,BIO,,2018,Woodward,Bob,Bob,Woodward,Fear,,,,,M,,132146,101,0.1614522982,14.95540969,4.479923188,3.764709559,4152,-2.2065,0.21599,-2.4224,-2.9088,3.86,61185,https://www.goodreads.com/search?q=Bob+Woodward+Fear,0
Fierce Patriot - Robert L. O'Connell.txt,NON,English,BIO,,2014,OConnell,Robert,Robert,OConnell,FiercePatriot,,,,,M,,137452,97,0.1141906874,25.76902887,4.751611834,5.054013651,3188,-2.4648,0.11138,-2.5762,-3.0554,4.03,1670,https://www.goodreads.com/search?q=Robert+OConnell+Fierce+Patriot,0
Fierce Poise - Alexander Nemerov.txt,NON,English,BIO,,2021,Nemerov,Alexander,Alexander,Nemerov,FiercePoise,,,,,M,,74614,72,0.2617647059,26.449486,4.585765369,4.852775589,1335,-2.3213,0.19667,-2.5179,-2.9271,3.47,271,https://www.goodreads.com/search?q=Alexander+Nemerov+Fierce+Poise,0
First - Evan Thomas.txt,NON,English,BIO,,2019,Thomas,Evan,Evan,Thomas,First,,,,,M,,182078,189,0.2131487889,21.30065512,4.586130601,4.44295752,5913,-2.2529,0.21964,-2.4726,-3.0147,4.25,3310,https://www.goodreads.com/search?q=Evan+Thomas+First,0
First Kiss_ The Ghost Bird Series_ #10 (The Academy Ghost Bird Series) - C. L. Stone.txt,FIC,English,YA,,2016,Stone,CL,CL,Stone,FirstKiss,,,,,F,,184780,35,0.243983798,13.19480149,3.920315179,3.080031542,12722,-2.3377,0.14026,-2.478,-3.0802,4.48,5091,https://www.goodreads.com/search?q=CL+Stone+First+Kiss,1
First Man - James R. Hansen.txt,NON,English,BIO,,2005,Hansen,James,James,Hansen,FirstMan,,,,,M,,309154,181,0.3828900601,24.6455676,4.545057391,4.589356427,6815,-2.1762,0.17483,-2.3511,-3.109,3.86,6136,https://www.goodreads.com/search?q=James+Hansen+First+Man,0
"First Tycoon_ The Epic Life of Cornelius Vanderbilt, The - T. J. Stiles.txt",NON,English,BIO,,2009,Stiles,TJ,TJ,Stiles,TheFirstTycoon,,,,,M,,317587,266,0.1487166892,25.62218637,4.745480193,4.945834477,8116,-2.2702,0.21659,-2.4868,-3.22,3.82,8087,https://www.goodreads.com/search?q=TJ+Stiles+The+First+Tycoon,0
"Fish That Ate the Whale, The - Rich Cohen.txt",NON,English,BIO,,2012,Cohen,Rich,Rich,Cohen,TheFishThatAtetheWhale,,,,,M,,100094,61,0.3257042254,21.00167856,4.532864782,4.445069178,2088,-2.3013,0.12475,-2.426,-2.8827,4.08,4883,https://www.goodreads.com/search?q=+The+Fish+That+Atethe+Whale,0
Five Feet Apart - Rachael Lippincott & Mikki Daughtry & Tobias Iaconis.txt,FIC,English,YA,,2018,Lippincott,Rachel,Rachel,Lippincott,FiveFeetApart,,,,,F,,76871,18,0.2176684882,13.50984183,3.93325902,3.115184965,6195,-2.4014,0.16776,-2.5691,-2.9956,4.2,157079,https://www.goodreads.com/search?q=+Five+Feet+Apart,1
Flat-Out Celeste - Jessica Park.txt,FIC,English,YA,,2014,Park,Jessica,Jessica,Park,FlatOutCeleste,,,,,F,,102245,26,0.3671519563,11.59634796,4.136758627,3.098393592,4413,-2.2693,0.24744,-2.5168,-3.002,4.25,9402,https://www.goodreads.com/search?q=Jessica+Park+Flat+Out+Celeste,0
"Flat-Out Love - Park, Jessica.txt",FIC,English,YA,,2011,Park,Jessica,Jessica,Park,FlatOutLove,,,,,F,,109560,23,0.3901816118,11.14320586,4.109613425,2.993545632,4595,-2.2804,0.23573,-2.5161,-3.0078,3.99,58472,https://www.goodreads.com/search?q=Jessica+Park+Flat+Out+Love,0
"Forgive Me, Leonard Peacock - Matthew Quick.txt",FIC,English,YA,,2013,Quick,Matthew,Matthew,Quick,ForgiveMeLeonardPeacock,,,,,M,,66367,22,0.2004889976,16.69190141,3.99229505,3.498282058,2399,-2.2148,0.21002,-2.4248,-2.8506,3.88,45728,https://www.goodreads.com/search?q=Matthew+Quick+Forgive+Me+Leonard+Peacock,1
Frank_ The Voice - James Kaplan.txt,NON,English,BIO,,2010,Kaplan,James,James,Kaplan,Frank,,,,,M,,274613,238,0.3390970221,21.27958156,4.379612177,4.244618004,8987,-2.368,0.19041,-2.5585,-3.2126,4.1,2047,https://www.goodreads.com/search?q=James+Kaplan+Frank,0
Frankly in Love - David Yoon.txt,FIC,English,YA,,2019,Yoon,David,David,Yoon,FranklyInLove,,,,,M,,118091,38,0.2362589928,12.15303077,3.929943938,2.902540672,6539,-2.3538,0.13178,-2.4856,-2.9572,3.75,25139,https://www.goodreads.com/search?q=David+Yoon+Frankly+In+Love,1
Frederick Douglass - David W. Blight.txt,NON,English,BIO,,2018,Blight,David,David,Blight,FrederickDouglass,,,,,M,,380763,233,0.2892853908,26.06002327,4.795380237,5.057756954,7728,-2.318,0.17443,-2.4925,-3.3072,4.07,110518,https://www.goodreads.com/search?q=David+Blight+Frederick+Douglass,0
Game_ The Sequel to _I Hunt Killers_ - Barry Lyga.txt,FIC,English,YA,,2013,Lyga,Barry,Barry,Lyga,Game,,,,,M,,150121,46,0.2877951887,12.44062319,4.115221297,3.144451948,6501,-2.2652,0.2728,-2.538,-3.0479,4.23,11942,https://www.goodreads.com/search?q=Barry+Lyga+Game,0
Geekerella - Ashley Poston.txt,FIC,English,YA,,2017,Poston,Ashley,Ashley,Poston,Geekerella,,,,,F,,112197,35,0.1492159838,12.04476651,3.940678719,2.871283343,5947,-2.3353,0.22372,-2.559,-3.0154,3.93,57774,https://www.goodreads.com/search?q=Ashley+Poston+Geekerella,1
"Gentleman's Guide to Vice and Virtue, The - Mackenzi Lee.txt",FIC,English,YA,,2017,Lee,Mackenzi,Mackenzi,Lee,GentlemansGuideToViceAndVirtue,,,,,F,,137928,34,0.3374395073,15.20537978,3.97159506,3.323326995,6977,-2.3262,0.23484,-2.561,-3.0732,4.06,120501,https://www.goodreads.com/search?q=Mackenzi+Lee+Gentlemans+Guide+To+Vice+And+Virtue,1
George F. Kennan_ An American Life - John Lewis Gaddis.txt,NON,English,BIO,,2011,Gaddis,JohnLewis,JohnLewis,Gaddis,GeorgeFKennan,,,,,M,,347656,213,0.2213916044,26.45985235,4.750317572,5.074075141,7183,-2.3928,0.21243,-2.6052,-3.3643,4.09,2195,https://www.goodreads.com/search?q=+George+F+Kennan,0
George Washington - David O. Stewart.txt,NON,English,BIO,,2021,Stewart,David,David,Stewart,GeorgeWashington,,,,,M,,174637,118,0.2944543828,22.12555429,5.067160363,5.026010041,4432,-2.2744,0.13392,-2.4083,-2.9697,4.2,284,https://www.goodreads.com/search?q=David+Stewart+George+Washington,0
Golden - Jessi Kirby.txt,FIC,English,YA,,2013,Kirby,Jessi,Jessi,Kirby,Golden,,,,,F,,85005,18,0.257,14.88182773,3.831620631,3.175873846,4176,-2.3876,0.18449,-2.5721,-3.0467,3.86,9871,https://www.goodreads.com/search?q=Jessi+Kirby+Golden,1
Gonzo - Corey Seymour & Johnny Depp & Jann S. Wenner.txt,NON,English,BIO,,2007,Wenner,Jann,Jann,Wenner,Gonzo,,,,,M,,175816,121,0.1200912085,19.75238737,4.067460759,3.858708832,5243,-2.3857,0.1856,-2.5713,-3.1296,4.09,11884,https://www.goodreads.com/search?q=Jann+Wenner+Gonzo,1
"Good Neighbor, The - Maxwell King.txt",NON,English,BIO,,2018,King,Maxwell,Maxwell,King,TheGoodNeighbor,,,,,M,,141321,117,0.2456103237,25.15951576,4.534467404,4.678159172,2344,-2.2686,0.1451,-2.4137,-2.944,3.95,22995,https://www.goodreads.com/search?q=Maxwell+King+The+Good+Neighbor,0
"Good Spy, The - Kai Bird.txt",NON,English,BIO,,2014,Bird,Kai,Kai,Bird,TheGoodSpy,,,,,M,,153778,184,0.1901197605,19.15520678,4.636744256,4.408102321,4877,-2.1961,0.1816,-2.3777,-2.9319,3.93,3177,https://www.goodreads.com/search?q=Kai+Bird+The+Good+Spy,0
Goodbye Days - Jeff Zentner.txt,FIC,English,YA,,2017,Zetner,Jeff,Jeff,Zetner,GoodbyeDays,,,,,M,,114615,33,0.1366292135,11.08033643,3.98101664,2.844654261,5739,-2.2926,0.21861,-2.5112,-2.9745,4.13,12300,https://www.goodreads.com/search?q=+Goodbye+Days,1
"Grace Year, The - Kim Liggett.txt",FIC,English,YA,,2019,Liggett,Kim,Kim,Liggett,TheGraceYear,,,,,F,,129072,42,0.1912045889,15.22614132,3.897239278,3.204364754,7890,-2.4661,0.16743,-2.6335,-3.1297,4.15,65701,https://www.goodreads.com/search?q=Kim+Liggett+The+Grace+Year,1
"Grandma Gatewood's Walk_ The Inspiring Story of the Woman Who Saved the Appalachian Trail - Montgomery, Ben.txt",NON,English,BIO,,2014,Montgomery,Ben,Ben,Montgomery,GrandmaGatewoodsWalk,,,,,M,,83272,22,0.5280487805,20.6169844,4.362116683,4.126240991,3743,-2.2409,0.18859,-2.4295,-2.8885,4.05,18410,https://www.goodreads.com/search?q=Ben+Montgomery+Grandma+Gatewoods+Walk,0
Grant - Ron Chernow.txt,NON,English,BIO,,2017,Chernow,Ron,Ron,Chernow,Grant,,,,,M,,479952,347,0.239234196,23.48216645,4.811552336,4.885525054,16773,-2.3334,0.17767,-2.5111,-3.4815,4.45,30547,https://www.goodreads.com/search?q=Ron+Chernow+Grant,0
"Great and Terrible King, A - Marc Morris.txt",NON,English,BIO,,2008,Morris,Marc,Marc,Morris,AGreatandTerribleKing,,,,,M,,201401,97,0.3761987794,26.20361697,4.6984976,4.968250763,5130,-2.4344,0.13487,-2.5692,-3.1691,4.14,3772,https://www.goodreads.com/search?q=+A+Greatand+Terrible+King,0
"Greatest Knight, The - Thomas Asbridge.txt",NON,English,BIO,,2014,Asbirdge,Thomas,Thomas,Asbirdge,TheGreatestKnight,,,,,M,,179225,130,0.2671656362,28.19776589,4.759723744,4.961309589,3650,-2.2117,0.14654,-2.3582,-2.9742,4.12,8719,https://www.goodreads.com/search?q=+The+Greatest+Knight,0
Hedy's Folly - Richard Rhodes.txt,NON,English,BIO,,2011,Rhodes,Richard,Richard,Rhodes,HedysFolly,,,,,M,,61255,50,0.2647569444,25.4275633,4.674197045,4.913633526,1463,-2.1356,0.19267,-2.3282,-2.7175,3.1,2605,https://www.goodreads.com/search?q=Richard+Rhodes+Hedys+Folly,0
"Heir Apparent, The - Jane Ridley.txt",NON,English,BIO,,2013,Ridley,Jane,Jane,Ridley,TheHeirApparent,,,,,F,,257795,277,0.3289409468,24.82617488,4.624146429,4.732175437,9280,-2.2829,0.20477,-2.4877,-3.1474,3.69,4609,https://www.goodreads.com/search?q=Jane+Ridley+The+Heir+Apparent,0
Henry Clay_ The Essential American - David S. Heidler & Jeanne T. Heidler.txt,NON,English,BIO,,2010,Heidler,DavidStephen,DavidStephen,Heidler,HenryClay,,,,,M,,270540,218,0.2570668135,26.79144385,4.883635219,5.260323426,7773,-2.328,0.15976,-2.4877,-3.1676,3.97,3675,https://www.goodreads.com/search?q=+Henry+Clay,0
Hero - Michael Korda.txt,NON,English,BIO,,2010,Korda,Michael,Michael,Korda,Hero,,,,,M,,301544,216,0.3212527083,38.4720592,4.603802106,5.566551598,6443,-2.3525,0.17384,-2.5263,-3.2404,3.78,4740,https://www.goodreads.com/search?q=Michael+Korda+Hero,0
His Truth Is Marching On - Jon Meacham & John Lewis.txt,NON,English,BIO,,2020,Meacham,Jon,Jon,Meacham,HisTruthIsMarchingon,,,,,M,,100198,93,0.3409878683,21.99253731,4.49618848,4.417611657,2948,-2.2689,0.16007,-2.429,-2.8853,4.53,4735,https://www.goodreads.com/search?q=+His+Truth+Is+Marchingon,0
History Is All You Left Me - Adam Silvera.txt,FIC,English,YA,,2017,Silvera,Adam,Adam,Silvera,HistoryIsAllYouLeftMe,,,,,M,,113071,23,0.5930138099,15.312974,3.912781119,3.2828941,4440,-2.4125,0.18877,-2.6012,-3.0725,4,55904,https://www.goodreads.com/search?q=Adam+Silvera+History+Is+All+You+Left+Me,1
Hitler_ Ascent 1889-1939 - Volker Ullrich.txt,NON,English,BIO,,2016,Ullrich,Volker,Volker,Ullrich,Hitler,,,,,M,,354845,227,0.4380314818,25.62983026,4.864182719,5.097727963,9153,-2.3703,0.14049,-2.5108,-3.2979,4.44,2166,https://www.goodreads.com/search?q=Volker+Ullrich+Hitler,0
"Hope More Powerful Than the Sea, A - Melissa Fleming.txt",NON,English,BIO,,2017,Fleming,Melissa,Melissa,Fleming,AHopeMorePowerfulThantheSea,,,,,F,,83279,29,0.5647106109,19.51241799,4.35042653,4.123176291,5056,-2.2729,0.12446,-2.3973,-2.8674,4.34,5051,https://www.goodreads.com/search?q=+A+Hope+More+Powerful+Thanthe+Sea,0
I Am Dynamite! - Sue Prideaux.txt,NON,English,BIO,,2018,Prideaux,Sue,Sue,Prideaux,IAmDynamiteALifeofNietzsche,,,,,F,,158344,112,0.2801510503,22.59474886,4.742335003,4.787903066,3550,-2.1964,0.25472,-2.4511,-3.0107,4.31,1905,https://www.goodreads.com/search?q=+I+Am+Dynamite+A+Lifeof+Nietzsche,0
I Hunt Killers - Barry Lyga.txt,FIC,English,YA,,2012,Lyga,Barry,Barry,Lyga,HuntKillersI,,,,,M,,111452,35,0.3740669063,13.12280702,4.115652746,3.215360689,5214,-2.2967,0.22977,-2.5264,-2.9989,4.02,38197,https://www.goodreads.com/search?q=Barry+Lyga+Hunt+Killers+I,0
I Was Born for This - Alice Oseman.txt,FIC,English,YA,,2018,Oseman,Alice,Alice,Oseman,WasBornForThisI,,,,,F,,111720,28,0.2003929273,12.04918033,3.887196647,2.891366507,5677,-2.2966,0.22868,-2.5253,-3.001,4.11,15299,https://www.goodreads.com/search?q=Alice+Oseman+Was+Born+For+This+I,1
I Wish You All the Best - Mason Deaver.txt,FIC,English,YA,,2019,Deaver,Mason,Mason,Deaver,WishYouAllTheBestI,,,,,o,,115531,20,0.2300450266,11.7576837,3.821687776,2.752837777,4975,-2.4555,0.18498,-2.6405,-3.0885,4.19,31087,https://www.goodreads.com/search?q=Mason+Deaver+Wish+You+All+The+Best+I,1
I'll Give You the Sun - Jandy Nelson.txt,FIC,English,YA,,2014,Nelson,Jandy,Jandy,Nelson,IllGiveYouTheSun,,,,,F,,139163,39,0.128440367,12.82726519,3.907919065,3.013049552,7439,-2.4524,0.15964,-2.612,-3.1025,4.15,301042,https://www.goodreads.com/search?q=Jandy+Nelson+Ill+Give+You+The+Sun,1
I'm Your Man - Sylvie Simmons.txt,NON,English,BIO,,2011,Simmons,Sylvie,Sylvie,Simmons,ImYourMan,,,,,F,,216491,158,0.4418802209,23.38420825,4.389300537,4.427194392,5931,-2.3509,0.18485,-2.5357,-3.1481,4.18,4231,https://www.goodreads.com/search?q=Sylvie+Simmons+Im+Your+Man,0
If You Find Me - Emily Murdoch.txt,FIC,English,YA,,2013,Muroch,Emily,Emily,Muroch,IfYouFindMe,,,,,F,,88043,24,0.1288716814,13.12703146,3.933094068,3.020842694,5140,-2.4203,0.17795,-2.5983,-3.0126,4.08,20866,https://www.goodreads.com/search?q=+If+You+Find+Me,1
"Immortal Irishman, The - Timothy Egan.txt",NON,English,BIO,,2016,Timothy,Egan,Egan,Timothy,TheImmortalIrishman,,,,,M,,149977,88,0.3817504655,19.54607064,4.520963126,4.260796205,5219,-2.4022,0.12072,-2.5229,-3.0365,4.27,6528,https://www.goodreads.com/search?q=Egan+Timothy+The+Immortal+Irishman,0
"Immortal Life of Henrietta Lacks, The - Rebecca Skloot.txt",NON,English,BIO,,2010,Skloot,Rebecca,Rebecca,Skloot,TheImmortalLifeofHenriettaLacks,,,,,F,,123015,89,0.1618067467,21.34565331,4.435611992,4.276243116,4731,-2.0503,0.26312,-2.3134,-2.8453,4.09,660724,https://www.goodreads.com/search?q=+The+Immortal+Lifeof+Henrietta+Lacks,0.98
In the Great Green Room - Amy Gary.txt,NON,English,BIO,,2017,Gary,Amy,Amy,Gary,IntheGreatGreenRoom,,,,,F,,73895,50,0.4393728223,18.98638232,4.540477524,4.318058117,2254,-2.3671,0.12949,-2.4966,-2.8941,3.6,1653,https://www.goodreads.com/search?q=+Inthe+Great+Green+Room,0
Inferno (Blood for Blood #2) - Catherine Doyle.txt,FIC,English,YA,,2016,Doyle,Catherine,Catherine,Doyle,Inferno,,,,,F,,121369,41,0.1576692374,12.33048867,4.056335886,3.092474633,8839,-2.3244,0.20577,-2.5302,-3.0654,4.45,3476,https://www.goodreads.com/search?q=Catherine+Doyle+Inferno,1
Internment - Samira Ahmed.txt,FIC,English,YA,,2019,Ahmed,Samira,Samira,Ahmed,Internment,,,,,F,,112430,24,0.2293762575,11.79624384,3.951769346,2.977230341,6225,-2.3139,0.22947,-2.5433,-3.027,3.89,15984,https://www.goodreads.com/search?q=Samira+Ahmed+Internment,1
"Invention of Nature, The - Andrea Wulf.txt",NON,English,BIO,,2015,Wulf,Andrea,Andrea,Wulf,TheInventionofNature,,,,,F,,145934,75,0.2747654999,24.17326487,4.814393168,4.949435997,3622,-2.2273,0.16079,-2.3881,-2.9208,4.26,20735,https://www.goodreads.com/search?q=+The+Inventionof+Nature,0
Invisible - Stephen L. Carter.txt,NON,English,BIO,,2018,Carter,Stephen,Stephen,Carter,Invisible,,,,,M,,113640,77,0.3379915502,19.37595908,4.702177372,4.546967231,2015,-2.3458,0.15748,-2.5033,-2.9593,3.66,1328,https://www.goodreads.com/search?q=Stephen+Carter+Invisible,0
Isabella - Kirstin Downey.txt,NON,English,BIO,,2014,Downey,Kristin,Kristin,Downey,Isabella,,,,,F,,197320,158,0.1400127429,26.44685699,4.797389655,5.173901643,5381,-2.2724,0.14413,-2.4165,-3.0604,4.19,27593,https://www.goodreads.com/search?q=+Isabella,0
Isla and the Happily Ever After - Stephanie Perkins.txt,FIC,English,YA,,2014,Perkins,Stephanie,Stephanie,Perkins,IslaAndTheHappilyEverAfter,,,,,F,,105951,31,0.4594438007,10.38328107,4.000841053,2.74413989,5590,-2.2817,0.24782,-2.5295,-2.999,4.01,112722,https://www.goodreads.com/search?q=Stephanie+Perkins+Isla+And+The+Happily+Ever+After,1
Jane Austen at Home_ A Biography - Lucy Worsley.txt,NON,English,BIO,,2017,Worsley,Lucy,Lucy,Worsley,JaneAustenatHome,,,,,F,,165539,124,0.2682826623,26.62682966,4.517280781,4.797349179,2537,-2.3278,0.16589,-2.4937,-3.0334,4.02,6993,https://www.goodreads.com/search?q=+Jane+Austenat+Home,0
"Jim Henson_ The Biography - Jones, Brian Jay.txt",NON,English,BIO,,2013,Jones,BrianJay,BrianJay,Jones,JimHenson,,,,,M,,213423,165,0.344295302,28.9701371,4.546061525,4.896080047,4542,-2.3632,0.13573,-2.4989,-3.0887,3.95,14024,https://www.goodreads.com/search?q=+Jim+Henson,0
Joe Biden - Evan Osnos.txt,NON,English,BIO,,2020,Osnos,Evan,Evan,Osnos,JoeBiden,,,,,M,,45785,35,0.4675540765,23.28840285,4.572926448,4.686340278,1281,-2.4136,0.059232,-2.4728,-2.8467,3.74,2830,https://www.goodreads.com/search?q=Evan+Osnos+Joe+Biden,0
John Lennon The Life - Philip Norman.txt,NON,English,BIO,,2009,Norman,Philip,Philip,Norman,JohnLennon,,,,,M,,363570,276,0.1729957806,27.1970377,4.569032751,4.848803062,8072,-2.352,0.20703,-2.559,-3.3227,3.98,12292,https://www.goodreads.com/search?q=Philip+Norman+John+Lennon,0
John Quincy Adams - Harlow Giles Unger.txt,NON,English,BIO,,2013,Bushkin,Henry,Henry,Bushkin,JohnnyCarson,,,,,M,,112070,82,0.433423913,27.47487129,4.810235489,5.144404559,3590,-2.2263,0.17165,-2.398,-2.8894,3.75,8009,https://www.goodreads.com/search?q=Henry+Bushkin+Johnny+Carson,0
Johnny Carson - Henry Bushkin.txt,NON,English,BIO,,2013,Hilburn,Robert,Robert,Hilburn,JohnnyCash,,,,,M,,111785,104,0.3915830546,19.96160714,4.331262382,4.16710482,3140,-2.2701,0.19571,-2.4658,-2.9717,4.28,3392,https://www.goodreads.com/search?q=Robert+Hilburn+Johnny+Cash,1
"Johnny Cash_ The Life - Hilburn, Robert.txt",NON,English,BIO,,2012,Unger,HarlowGiles,HarlowGiles,Unger,JohnQuincyAdams,,,,,M,,267988,212,0.1596832121,22.90495727,4.312534136,4.304640485,8325,-2.3978,0.17369,-2.5714,-3.2282,3.96,9257,https://www.goodreads.com/search?q=+John+Quincy+Adams,0
Just One Day - Gayle Forman.txt,FIC,English,YA,,2013,Forman,Gayle,Gayle,Forman,JustOneDay,,,,,F,,120394,57,0.2085359265,12.80650995,3.93868225,3.050419875,5969,-2.3367,0.14163,-2.4783,-2.9589,3.99,83542,https://www.goodreads.com/search?q=Gayle+Forman+Just+One+Day,1
"Lady Almina and the real Downton Abbey _ the lost legacy of Highclere Castle - Carnarvon, Fiona, Countess of.txt",NON,English,BIO,,2011,Carnarvon,Fiona,Fiona,Carnarvon,LadyAlminaandtheRealDowntonAbbey,,,,,F,,88970,76,0.253968254,24.42888523,4.583338565,4.705400054,2310,-2.3127,0.12926,-2.442,-2.9079,3.95,19471,https://www.goodreads.com/search?q=+Lady+Alminaandthe+Real+Downton+Abbey,0
Lady Bird Johnson - Julia Sweig.txt,NON,English,BIO,,2021,Sweig,Julia,Julia,Sweig,LadyBirdJohnson,,,,,F,,183889,131,0.2651252408,32.74959929,4.801966126,5.452000631,3787,-2.2922,0.18271,-2.4749,-3.0409,3.97,797,https://www.goodreads.com/search?q=Julia+Sweig+Lady+Bird+Johnson,0
"Lady from the Black Lagoon, The - Mallory O'Meara.txt",NON,English,BIO,,2019,OMeara,Mallory,Mallory,OMeara,TheLadfromtheBlackLagoon,,,,,F,,104774,69,0.3488733489,18.62648889,4.484693603,4.276485179,1629,-2.1711,0.20433,-2.3755,-2.8509,4.1,4906,https://www.goodreads.com/search?q=+The+Ladfromthe+Black+Lagoon,1
"Lady in the Tower_ The Fall of Anne Boleyn, The - Alison Weir.txt",NON,English,BIO,,2009,Weir,Alison,Alison,Weir,TheLadyintheTower,,,,,F,,168259,132,0.3070758738,37.29144504,4.550005763,5.319426156,4029,-2.2449,0.1975,-2.4424,-3.0595,3.94,13579,https://www.goodreads.com/search?q=+The+Ladyinthe+Tower,0
"Lady's Guide to Petticoats and Piracy, The - Mackenzi Lee.txt",FIC,English,YA,,2018,Lee,Mackenzi,Mackenzi,Lee,Lady'sGuideToPetticoatsAndPiracy,,,,,F,,124773,28,0.2602384655,16.54594881,4.028281598,3.515232842,6064,-2.3282,0.19752,-2.5257,-3.0242,4.07,32041,https://www.goodreads.com/search?q=Mackenzi+Lee+Lady's+Guide+To+Petticoats+And+Piracy,1
"Last Boy, The - Jane Leavy.txt",NON,English,BIO,,2010,Leavy,Jane,Jane,Leavy,TheLastBoy,,,,,F,,212297,293,0.1958088628,18.69140694,4.327341082,3.84172913,7452,-2.1041,0.17979,-2.2839,-2.9776,3.95,5994,https://www.goodreads.com/search?q=Jane+Leavy+The+Last+Boy,0
"Last Days of John Lennon, The - James Patterson.txt",NON,English,BIO,,2020,Patterson,James,James,Patterson,TheLastDaysofJohnLennon,,,,,M,,102140,102,0.1869001919,18.44681235,4.312447906,3.845827618,3904,-2.408,0.10449,-2.5125,-2.9462,3.87,7162,https://www.goodreads.com/search?q=+The+Last+Daysof+John+Lennon,0
"Last Founding Father_ James Monroe and a Nation's Call to Greatness, The - Harlow Unger.txt",NON,English,BIO,,2009,Giles,UngerHarlow,UngerHarlow,Giles,TheLastFoundingFather,,,,,M,,133176,95,0.263968073,27.32936589,4.860693026,5.122564517,3767,-2.2404,0.19325,-2.4336,-2.9503,3.93,9854,https://www.goodreads.com/search?q=+The+Last+Founding+Father,0
Leah on the Offbeat - Becky Albertalli.txt,FIC,English,YA,,2018,Albertalli,Becky,Becky,Albertalli,LeahOnTheOffBeat,,,,,F,,97737,25,0.1888845705,9.970111191,3.898431903,2.521157187,4625,-2.4097,0.12993,-2.5397,-2.9887,3.82,69615,https://www.goodreads.com/search?q=+Leah+On+The+Off+Beat,1
Lenin - Victor Sebestyen.txt,NON,English,BIO,,2017,Sebestyen,Victor,Victor,Sebestyen,Lenin,,,,,M,,230702,129,0.3928920133,23.16983027,4.647295599,4.810464409,5783,-2.3126,0.16673,-2.4793,-3.1215,4.24,1659,https://www.goodreads.com/search?q=Victor+Sebestyen+Lenin,0
Leonard - William Shatner.txt,NON,English,BIO,,2016,Shatner,William,William,Shatner,Leonard,,,,,M,,90206,47,0.4948240166,19.97475642,4.36924254,4.250122239,1842,-2.3949,0.11491,-2.5098,-2.94,3.68,7346,https://www.goodreads.com/search?q=William+Shatner+Leonard,1
Leonardo da Vinci - Walter Isaacson.txt,NON,English,BIO,,2017,Isaacson,Walter,Walter,Isaacson,LeonardodaVinci,,,,,M,,179184,104,0.5066480056,26.28873239,4.669678899,5.069119104,2716,-2.1568,0.15576,-2.3126,-2.9047,4.17,86302,https://www.goodreads.com/search?q=+Leonardoda+Vinci,0
Let's Talk About Love - Claire Kann.txt,FIC,English,YA,,2018,Kann,Claire,Claire,Kann,LetsTalkAboutLove,,,,,F,,95512,22,0.4006849315,11.49500542,4.047129392,2.95921487,4565,NA,NA,NA,NA,NA,NA,na,0
Lies We Tell Ourselves - Robin Talley.txt,FIC,English,YA,,2014,Talley,Robin,Robin,Talley,LiesWeTellOurselves,,,,,F,,130851,55,0.147828765,11.720799,3.852997925,2.835374868,6146,-2.3647,0.18036,-2.545,-3.0397,4.07,12840,https://www.goodreads.com/search?q=Robin+Talley+Lies+We+Tell+Ourselves,1
Lincoln's Last Trial--The Murder Case That Propelled Him to the Presidency - Dan Abrams.txt,NON,English,BIO,,2018,Abrams,Dan,Dan,Abrams,LincolnsLastTrial,,,,,M,,103614,69,0.1599302123,20.1192233,4.455058121,4.274483817,4871,-2.2424,0.24795,-2.4903,-2.9561,3.88,4593,https://www.goodreads.com/search?q=Dan+Abrams+Lincolns+Last+Trial,0
Lincoln's Mentors - Michael J. Gerhardt.txt,NON,English,BIO,,2021,Gerhardt,Michael,Michael,Gerhardt,LincolnsMentors,,,,,M,,175260,136,0.3625644805,26.69204995,4.781125503,5.138975842,3967,-2.2653,0.16308,-2.4284,-3.0208,3.84,115,https://www.goodreads.com/search?q=Michael+Gerhardt+Lincolns+Mentors,0
"List of Cages, A - Robin Roe.txt",FIC,English,YA,,2017,Roe,Robin,Robin,Roe,ListofCages,,,,,F,,86819,28,0.2104575163,12.75999412,3.937790434,2.9772308,4869,-2.4157,0.17325,-2.589,-3.0131,4.27,22922,https://www.goodreads.com/search?q=+Listof+Cages,1
Lola and the Boy Next Door - Stephanie Perkins.txt,FIC,English,YA,,2011,Perkins,Stephanie,Stephanie,Perkins,LolaAndTheBoyNextDoor,,,,,F,,101095,24,0.2953244275,10.26345178,3.98546313,2.700647615,5490,-2.4348,0.13556,-2.5703,-3.0277,3.93,159276,https://www.goodreads.com/search?q=Stephanie+Perkins+Lola+And+The+Boy+Next+Door,1
Louisa May Alcott - Harriet Reisen.txt,NON,English,BIO,,2009,Reisen,Harriet,Harriet,Reisen,LouisaMayAlcott,,,,,F,,141639,134,0.3283373301,25.76659996,4.49261559,4.688479284,3655,-2.3777,0.15044,-2.5281,-3.0351,3.94,1616,https://www.goodreads.com/search?q=Harriet+Reisen+Louisa+May+Alcott,0
Love from A to Z - S. K. Ali.txt,FIC,English,YA,,2019,Ali,SK,SK,Ali,LoveFromAToZ,,,,,F,,107905,51,0.1746379991,13.16235667,3.975794065,3.1112296,5956,-2.4115,0.11882,-2.5303,-2.9912,4.16,13978,https://www.goodreads.com/search?q=SK+Ali+Love+From+A+To+Z,1
Love Story - Jennifer Echols.txt,FIC,English,YA,,2011,Echols,Jennifer,Jennifer,Echols,LoveStory,,,,,F,,92855,17,0.3772032902,14.80232744,4.074100545,3.404781258,5473,-2.2895,0.23534,-2.5249,-2.9811,3.61,13330,https://www.goodreads.com/search?q=Jennifer+Echols+Love+Story,1
"Love, Hate and Other Filters - Samira Ahmed.txt",FIC,English,YA,,2018,Ahmed,Samira,Samira,Ahmed,LoveHateAndOtherFilters,,,,,F,,82263,31,0.2841246291,12.04789104,3.973782218,2.994542362,4279,-2.3004,0.20844,-2.5089,-2.9567,3.78,12647,https://www.goodreads.com/search?q=Samira+Ahmed+Love+Hate+And+Other+Filters,1
"Love, Life, and the List - Kasie West.txt",FIC,English,YA,,2017,West,Kasie,Kasie,West,LoveLifeAndTheList,,,,,F,,93448,17,0.3656664341,10.53766351,3.854148684,2.680082647,5301,-2.4497,0.14496,-2.5947,-3.021,3.81,20408,https://www.goodreads.com/search?q=Kasie+West+Love+Life+And+The+List,1
Lovely War - Julie Berry.txt,FIC,English,YA,,2019,Berry,Julie,Julie,Berry,LovelyWar,,,,,F,,129889,64,0.1603694374,11.40277412,4.225731176,3.025581665,6831,-2.1218,0.27268,-2.3945,-2.9072,4.25,41075,https://www.goodreads.com/search?q=Julie+Berry+Lovely+War,0
Ma���am Darling - Craig Brown.txt,NON,English,BIO,,2017,Brown,Craig,Craig,Brown,MaamDarling,,,,,M,,133839,111,0.2914364641,22.57362118,4.49490991,4.427051786,4524,-2.318,0.12852,-2.4465,-2.9549,3.34,6912,https://www.goodreads.com/search?q=Craig+Brown+Maam+Darling,0
"Made You Up - Zappia,Francesca.txt",FIC,English,YA,,2015,Zappia,Zappia,Zappia,Zappia,MadeYouUp,,,,,F,,104207,44,0.3114415531,12.18795322,4.03222589,2.989426069,6144,-2.3137,0.21157,-2.5253,-3.0055,4.04,26835,https://www.goodreads.com/search?q=Zappia+Zappia+Made+You+Up,1
Malcolm X - Manning Marable.txt,NON,English,BIO,,2011,Marable,Manning,Manning,Marable,MalcolmX,,,,,M,,246171,188,0.4150104925,24.80312343,4.854019054,5.036937695,6954,-2.3127,0.16824,-2.481,-3.1293,4.15,19278,https://www.goodreads.com/search?q=Manning+Marable+Malcolm+X,0
"Man Who Loved Books Too Much_ The True Story of a Thief, a Detective, and a World of Literary Obsession, The - Unknown.txt",NON,English,BIO,,2009,HooverBartlett,Allison,Allison,HooverBartlett,TheManWhoLovedBooksTooMuch,,,,,F,,72899,38,0.4162679426,21.53589365,4.318286534,4.216783013,2392,-2.3134,0.17695,-2.4903,-2.9202,3.43,12389,https://www.goodreads.com/search?q=+The+Man+Who+Loved+Books+Too+Much,1
"Man Who Saved the Union, The - H.W. Brands.txt",NON,English,BIO,,2012,Brands,HW,HW,Brands,TheManWhoSavedtheUnion,,,,,M,,282843,201,0.2472242783,21.96327069,4.675978582,4.701262698,10598,-2.289,0.19571,-2.4847,-3.183,4.11,5786,https://www.goodreads.com/search?q=+The+Man+Who+Savedthe+Union,0
"Man Without a Face_ The Unlikely Rise of Vladimir Putin, The - Gessen, Masha.txt",NON,English,BIO,,2012,Gessen,Masha,Masha,Gessen,ManWithoutaFace,,,,,o,,107773,63,0.3024819028,24.60570776,4.671657686,4.934161987,2996,-2.2618,0.1728,-2.4346,-2.8963,3.95,367,https://www.goodreads.com/search?q=+Man+Withouta+Face,0
Manson_ The Life and Times of Charles Manson Hardcover - Jeff Guinn.txt,NON,English,BIO,,2013,Guinn,Jeff,Jeff,Guinn,Manson,,,,,M,,179732,162,0.1641825009,21.76722781,4.617069069,4.611448467,5502,-2.3295,0.13161,-2.4611,-3.0309,3.9,10408,https://www.goodreads.com/search?q=Jeff+Guinn+Manson,0
Margaret Fuller - Megan Marshall.txt,NON,English,BIO,,2013,Marshall,Megan,Megan,Marshall,MargaretFuller,,,,,F,,183115,116,0.4018864747,31.88490336,4.668705118,5.275137926,3805,-2.3814,0.14826,-2.5297,-3.0955,3.87,1083,https://www.goodreads.com/search?q=Megan+Marshall+Margaret+Fuller,0
"Marie-Therese, Child of Terror_ The Fate of Marie Antoinette's Daughter - Nagel, Susan.txt",NON,English,BIO,,2008,Nagel,Susan,Susan,Nagel,MarieThereseChildofTerrorTheFateofMarieAntoinettesDaughter,,,,,F,,186651,164,0.2102369668,28.39662255,4.665130408,5.029086279,7096,-2.3722,0.14321,-2.5154,-3.1155,3.95,2571,https://www.goodreads.com/search?q=+Marie+Therese+Childof+Terror+The+Fateof+Marie+Antoinettes+Daughter,0
Mark Twain_ A Life - Ron Powers.txt,NON,English,BIO,,2005,Powers,Ron,Ron,Powers,MarkTwain,,,,,M,,356911,272,0.196435804,26.74091556,4.592647418,4.84157543,10461,-2.334,0.20351,-2.5375,-3.2852,3.95,4780,https://www.goodreads.com/search?q=Ron+Powers+Mark+Twain,0
Martin Luther_ The Man Who Rediscovered God and Changed the World - Eric Metaxas.txt,NON,English,BIO,,2017,Metaxas,Eric,Eric,Metaxas,MartinLuther,,,,,M,,204319,124,0.3634584013,26.53838161,4.515335476,4.866394081,3753,-2.3182,0.15781,-2.476,-3.0992,4.04,7091,https://www.goodreads.com/search?q=Eric+Metaxas+Martin+Luther,0
Mary Boleyn - Alison Weir.txt,NON,English,BIO,,2011,Weir,Alison,Alison,Weir,MaryBoleyn,,,,,F,,126202,104,0.4146011717,37.86438644,4.582472178,5.386861106,1809,-2.1797,0.19878,-2.3785,-2.9405,3.74,10367,https://www.goodreads.com/search?q=Alison+Weir+Mary+Boleyn,0
Michael Jordan - Roland Lazenby.txt,NON,English,BIO,,2014,Lazenby,Roland,Roland,Lazenby,MichaelJordan,,,,,M,,285163,240,0.1814526702,19.33439555,4.384289782,4.103301996,8217,-2.3193,0.20821,-2.5275,-3.2415,4.31,5618,https://www.goodreads.com/search?q=Roland+Lazenby+Michael+Jordan,0
"Mind at Play, A - Jimmy Soni.txt",NON,English,BIO,,2017,Soni,Jimmy,Jimmy,Soni,AMindatPlay,,,,,M,,109663,56,0.497810219,25.03721461,4.670988568,4.892472379,1321,-2.2489,0.12516,-2.374,-2.8145,4.17,1896,https://www.goodreads.com/search?q=+A+Mindat+Play,0
Mockingbird - Charles J. Shields.txt,NON,English,BIO,,2006,Shields,Charles,Charles,Shields,MockingbirdAPortraitofHarperLeeFromScouttoGoSetaWatchman,,,,,M,,116722,105,0.2652173913,23.33973205,4.531553785,4.566691828,3247,-2.3427,0.12438,-2.4671,-2.9486,3.94,5228,https://www.goodreads.com/search?q=+Mockingbird+A+Portraitof+Harper+Lee+From+Scoutto+Go+Seta+Watchman,0
"Monk of Mokha, The - Dave Eggers.txt",NON,English,BIO,,2018,Eggers,Dave,Dave,Eggers,TheMonkofMokha,,,,,M,,96467,69,0.2673160173,15.97135762,4.436468587,3.869896566,3692,-2.2748,0.097461,-2.3723,-2.817,4.06,16349,https://www.goodreads.com/search?q=+The+Monkof+Mokha,0
Moxie - Jennifer Mathieu.txt,FIC,English,YA,,2015,Mathieu,Jennifer,Jennifer,Mathieu,Moxie,,,,,F,,99304,34,0.1584158416,14.64444772,3.939322195,3.173077634,6083,-2.341,0.23345,-2.5745,-3.0358,4.24,27985,https://www.goodreads.com/search?q=Jennifer+Mathieu+Moxie,1
My Friend Dahmer_ Movie Tie-In Edition - Derf Backderf.txt,NON,English,BIO,,2012,Backderf,Derf,Derf,Backderf,MyFriendDahmer,,,,,M,,16414,12,0.3773584906,20.33952912,4.448823363,4.149160553,342,-2.0643,0.015617,-2.0799,-2.5357,3.94,27306,https://www.goodreads.com/search?q=Derf+Backderf+My+Friend+Dahmer,0
My Life Next Door - Huntley Fitzpatrick.txt,FIC,English,YA,,2012,Fitzpatrick,Huntley,Huntley,Fitzpatrick,MyLifeNextDoor,,,,,F,,128796,39,0.1887921654,12.46332495,3.987151433,2.99406881,6772,-2.4341,0.15796,-2.5921,-3.0597,3.98,146435,https://www.goodreads.com/search?q=Huntley+Fitzpatrick+My+Life+Next+Door,1
Napoleon - Andrew Roberts.txt,NON,English,BIO,,2014,Roberts,Andrew,Andrew,Roberts,Napoleon,,,,,M,,368553,304,0.3805285868,32.32921053,4.742040104,5.352255159,11023,-2.3404,0.18723,-2.5277,-3.3382,4.13,18040,https://www.goodreads.com/search?q=Andrew+Roberts+Napoleon,0
Never Fall Down_ A Novel - Patricia McCormick.txt,FIC,English,YA,,2012,McCormick,Patricia,Patricia,McCormick,NeverFallDown,,,,,F,,59410,25,0.3226744186,13.99858624,3.75531305,3.085240565,2504,-2.4552,0.080631,-2.5358,-2.9024,4.15,11078,https://www.goodreads.com/search?q=Patricia+McCormick+Never+Fall+Down,1
"New Tsar, The - Steven Lee Myers.txt",NON,English,BIO,,2014,Myers,StevenLee,StevenLee,Myers,Thenewtsar,,,,,M,,224031,165,0.378293601,27.60362247,4.875971667,5.372280263,6344,-2.3421,0.16033,-2.5024,-3.1205,4.07,4445,https://www.goodreads.com/search?q=+Thenewtsar,0
"Notorious Benedict Arnold, The - Steve Sheinkin.txt",NON,English,BIO,,2010,Sheinkin,Steve,Steve,Sheinkin,ThenotoriousBenedictArnold,,,,,M,,65015,65,0.3461087212,18.58633505,4.494893509,4.083972837,4274,-2.347,0.11681,-2.4638,-2.8632,3.81,4465,https://www.goodreads.com/search?q=+Thenotorious+Benedict+Arnold,0
Notorious RBG - Irin Carmon.txt,NON,English,BIO,,2015,Carmon,Irin,Irin,Carmon,NotoriousRBG,,,,,F,,57625,54,0.4886988393,21.36633296,4.532198703,4.402279151,1266,-2.2124,0.14069,-2.3531,-2.7841,4.17,55542,https://www.goodreads.com/search?q=+Notorious+R+B+G,0
On the Come Up - Angie Thomas.txt,FIC,English,YA,,2019,Thomas,Angie,Angie,Thomas,OnTheComeUp,,,,,F,,128584,65,0.1116058178,10.6399669,3.797089058,2.600594409,5630,-2.3542,0.17869,-2.5328,-3.0261,4.29,84780,https://www.goodreads.com/search?q=Angie+Thomas+On+The+Come+Up,1
Once and for All - Sarah Dessen.txt,FIC,English,YA,,2017,Dessen,Sarah,Sarah,Dessen,OnceAndForAll,,,,,F,,120115,42,0.217552534,13.65253467,4.009507948,3.126381931,7536,-2.43,0.20095,-2.6309,-3.1065,3.76,31890,https://www.goodreads.com/search?q=Sarah+Dessen+Once+And+For+All,1
One of Us is Lying - Karen M. McManus.txt,FIC,English,YA,,2017,McManus,KarenM,KarenM,McManus,OneofUsIsLying,,,,,F,,116090,48,0.1516406499,13.35903337,3.98358331,3.130333135,5768,-2.4504,0.18466,-2.635,-3.096,4.01,528142,https://www.goodreads.com/search?q=+Oneof+Us+Is+Lying,1
Opposite of Always - Justin A. Reynolds.txt,FIC,English,YA,,2019,Reynolds,JustinA,JustinA,Reynolds,OppositeOfAlways,,,,,M,,112417,27,0.2325780248,11.59894759,3.92409177,2.804753452,4798,-2.3544,0.2179,-2.5723,-3.0396,3.68,20861,https://www.goodreads.com/search?q=+Opposite+Of+Always,1
"Other Einstein, The - Marie Benedict.txt",NON,English,BIO,,2016,Benedict,Marie,Marie,Benedict,TheOtherEinstein,,,,,F,,94205,45,0.1664689601,15.91300676,4.367097898,3.796844537,4636,-2.3537,0.13996,-2.4937,-2.9425,3.81,55088,https://www.goodreads.com/search?q=Marie+Benedict+The+Other+Einstein,1
"Out of Sight, Out of Time - Ally Carter.txt",FIC,English,YA,,2012,Carter,Ally,Ally,Carter,OutOfSightOutOfTime,,,,,F,,84905,30,0.1357246728,13.76763418,3.952411679,3.087418958,5378,-2.442,0.17866,-2.6207,-3.0538,4.33,53192,https://www.goodreads.com/search?q=Ally+Carter+Out+Of+Sight+Out+Of+Time,1
Out of the Easy - Ruta Sepetys.txt,FIC,English,YA,,2013,Sepetys,Ruta,Ruta,Sepetys,OutOfTheEasy,,,,,F,,101457,54,0.1636764243,11.04594447,4.045032918,2.889289776,6637,-2.3674,0.15939,-2.5268,-2.9948,4.02,55102,https://www.goodreads.com/search?q=Ruta+Sepetys+Out+Of+The+Easy,1
"Patriarch, The - David Nasaw.txt",NON,English,BIO,,2012,Nasaw,David,David,Nasaw,ThePatriarch,,,,,M,,354552,284,0.1466383842,27.92407655,4.584300586,4.983739283,9204,-2.2947,0.18904,-2.4838,-3.29,4.06,3802,https://www.goodreads.com/search?q=David+Nasaw+The+Patriarch,0
Paul - N. T. Wright.txt,NON,English,BIO,,2018,Wright,NT,NT,Wright,PaulABiography,,,,,M,,168602,78,0.2711060948,25.71328351,4.463839651,4.728805843,1713,-2.407,0.16634,-2.5733,-3.1423,4.33,3504,https://www.goodreads.com/search?q=NT+Wright+Paul+A+Biography,0
Paul Robeson_ A Biography - Martin Duberman.txt,NON,English,BIO,,2021,Duberman,Martin,Martin,Duberman,PaulRobeson,,,,,M,,319448,251,0.2431007752,33.75401522,4.714018685,5.413600564,9044,-2.3045,0.19345,-2.498,-3.2324,4.32,237,https://www.goodreads.com/search?q=Martin+Duberman+Paul+Robeson,0
Perfect - Ellen Hopkins.txt,FIC,English,YA,,2011,Hopkins,Ellen,Ellen,Hopkins,Perfect,,,,,F,,93339,32,0.1898280802,10.42660858,3.978032816,2.768495028,2602,-2.4031,0.18265,-2.5858,-3.0141,4.33,26898,https://www.goodreads.com/search?q=Ellen+Hopkins+Perfect,1
Perfect Scoundrels - Ally Carter.txt,FIC,English,YA,,2013,Carter,Ally,Ally,Carter,PerfectScoundrels,,,,,F,,81676,36,0.3640325392,12.6355198,4.041038969,3.073503703,4721,-2.3921,0.20422,-2.5963,-3.0254,4.27,25244,https://www.goodreads.com/search?q=Ally+Carter+Perfect+Scoundrels,0
Polk - Walter R. Borneman.txt,NON,English,BIO,,2008,Borneman,Walter,Walter,Borneman,Polk,,,,,M,,136925,142,0.1744635948,28.591564,4.783635102,5.291189528,3483,-2.2998,0.15446,-2.4543,-2.9537,3.8,9016,https://www.goodreads.com/search?q=Walter+Borneman+Polk,0
Prairie Fires - Caroline Fraser.txt,NON,English,BIO,,2017,Fraser,Caroline,Caroline,Fraser,PrairieFires,,,,,F,,222416,142,0.1771669342,25.6564771,4.67969027,4.846986984,5481,-2.2804,0.18137,-2.4618,-3.0709,3.91,15467,https://www.goodreads.com/search?q=Caroline+Fraser+Prairie+Fires,0
Prince Charles - Sally Bedell Smith.txt,NON,English,BIO,,2017,BedellSmith,Sally,Sally,BedellSmith,PrinceCharles,,,,,F,,184695,159,0.2472125436,24.3468231,4.798811177,4.918170418,5139,-2.2556,0.22227,-2.4779,-3.0501,4.33,4650,https://www.goodreads.com/search?q=+Prince+Charles,0
"Princess Spy, The - Larry Loftis.txt",NON,English,BIO,,2021,Loftis,Larry,Larry,Loftis,ThePrincessSpy,,,,,M,,90164,76,0.3047718565,17.79786814,4.512469622,4.130982499,3779,-2.2152,0.1517,-2.3669,-2.8274,3.69,1883,https://www.goodreads.com/search?q=Larry+Loftis+The+Princess+Spy,0
Puddin' - Julie Murphy.txt,FIC,English,YA,,2018,Murphy,Julie,Julie,Murphy,Puddin,,,,,F,,132168,51,0.1617293835,12.86056242,3.920437322,3.007377711,6224,-2.4131,0.2081,-2.6212,-3.0973,4.02,17527,https://www.goodreads.com/search?q=Julie+Murphy+Puddin,1
Puddle Jumping - Amber L. Johnson.txt,FIC,English,YA,,2014,Johnson,Amber,Amber,Johnson,PuddleJumping,,,,,F,,47977,13,0.5118483412,13.97931235,3.935290593,3.287928806,2450,-2.4954,0.19794,-2.6934,-3.0567,4.27,11850,https://www.goodreads.com/search?q=Amber+Johnson+Puddle+Jumping,1
Pushing the Limits - Katie McGarry.txt,FIC,English,YA,,2012,McGarry,Katie,Katie,McGarry,PushingTheLimits,,,,,F,,127897,38,0.1843359142,11.66730524,4.010930257,2.972235055,8243,-2.3917,0.18245,-2.5742,-3.0654,4.05,121422,https://www.goodreads.com/search?q=Katie+McGarry+Pushing+The+Limits,1
"Queen Isabella - Weir, Alison.txt",NON,English,BIO,,2005,Weir,Alison,Alison,Weir,QueenIsabella,,,,,F,,198489,153,0.2048109966,36.68927911,4.667561951,5.415346494,5931,-2.3254,0.15019,-2.4755,-3.1146,3.71,8305,https://www.goodreads.com/search?q=Alison+Weir+Queen+Isabella,0
"Queen Mother, The - William Shawcross.txt",NON,English,BIO,,2009,Shawcross,William,William,Shawcross,TheQueenMother,,,,,M,,462344,292,0.1346053319,26.21294931,4.532981064,4.7326182,15262,-2.2504,0.24182,-2.4923,-3.5121,4,1979,https://www.goodreads.com/search?q=William+Shawcross+The+Queen+Mother,0
Reagan_ The Life - H.W. Brands.txt,NON,English,BIO,,2015,Brands,HW,HW,Brands,Reagan,,,,,M,,322018,202,0.1200748404,19.30216388,4.708035615,4.516714142,10212,-2.202,0.2019,-2.4039,-3.1488,4.14,2013,https://www.goodreads.com/search?q=HW+Brands+Reagan,0
Real Live Boyfriends - E. Lockhart.txt,FIC,English,YA,,2010,Lockhart,E,E,Lockhart,RealLiveBoyFriends,,,,,F,,59182,37,0.1791613723,12.6268402,3.969657456,3.042262629,2345,-2.2889,0.16869,-2.4576,-2.8468,3.98,5869,https://www.goodreads.com/search?q=+Real+Live+Boy+Friends,1
Reason to Breathe - Rebecca Donovan.txt,FIC,English,YA,,2011,Donovan,Rebecca,Rebecca,Donovan,ReasonToBreathe,,,,,F,,170082,36,0.3079437725,13.76067961,4.033450416,3.245527358,14341,-2.3014,0.27991,-2.5813,-3.1755,4.22,89644,https://www.goodreads.com/search?q=Rebecca+Donovan+Reason+To+Breathe,1
"Rebel Yell_ The Violence, Passion, and Redemption of Stonewall Jackson - S. C. Gwynne.txt",NON,English,BIO,,2014,Gwynne,SC,SC,Gwynne,RebelYell,,,,,M,,266522,183,0.2510429448,24.14148551,4.65011851,4.749054402,9340,-2.3562,0.19075,-2.5469,-3.2191,4.14,7204,https://www.goodreads.com/search?q=SC+Gwynne+Rebel+Yell,0
"Rebellious Life of Mrs. Rosa Parks, The - Jeanne Theoharis.txt",NON,English,BIO,,2021,Theoharis,Jeanne,Jeanne,Theoharis,TheRebelliousLifeofMrsRosaParks,,,,,F,,134623,94,0.2877059569,24.16929982,4.750553806,4.831843486,3136,-2.2895,0.13453,-2.424,-2.9418,4.01,1167,https://www.goodreads.com/search?q=+The+Rebellious+Lifeof+Mrs+Rosa+Parks,0
"River of Doubt_ Theodore Roosevelt's Darkest Journey, The - Candice Millard.txt",NON,English,BIO,,2005,Millard,Candice,Candice,Millard,TheRiverofDoubt,,,,,F,,131868,53,0.3447495961,28.55521871,4.610900577,5.044727817,3968,-2.2553,0.17103,-2.4264,-2.9514,4.14,59602,https://www.goodreads.com/search?q=+The+Riverof+Doubt,0
"Road to Jonestown, The - Jeff Guinn.txt",NON,English,BIO,,2017,Guinn,Jeff,Jeff,Guinn,TheRoadtoJonestown,,,,,M,,206212,159,0.1980970001,21.02702152,4.79781682,4.776656686,4099,-2.2979,0.15541,-2.4533,-3.0631,4.16,13150,https://www.goodreads.com/search?q=+The+Roadto+Jonestown,0
Robin - Dave Itzkoff.txt,NON,English,BIO,,2018,Itzkoff,Dave,Dave,Itzkoff,Robin,,,,,M,,205420,160,0.4555332665,23.66317245,4.369369317,4.45231082,5391,-2.4003,0.16087,-2.5612,-3.1359,4.07,14575,https://www.goodreads.com/search?q=Dave+Itzkoff+Robin,0
Rose Under Fire - Elizabeth Wein.txt,NON,English,BIO,,2015,CliffordLarson,Kate,Kate,CliffordLarson,Rosemary,,,,,F,,118272,51,0.1724137931,16.48390244,4.058408317,3.551604112,4633,-2.3257,0.15292,-2.4787,-2.9585,4.19,1624786,https://www.goodreads.com/search?q=+Rosemary,1
Rosemary_ The Hidden Kennedy Daughter - Kate Clifford Larson.txt,FIC,English,YA,,2013,Wein,Elizabeth,Elizabeth,Wein,RoseUnderFire,,,,,F,,83235,74,0.4332378223,25.09345794,4.866617569,5.177835156,1286,-2.1775,0.12485,-2.3024,-2.7527,4.12,21681,https://www.goodreads.com/search?q=Elizabeth+Wein+Rose+Under+Fire,0
Rumble - Ellen Hopkins.txt,FIC,English,YA,,2014,Hopkins,Ellen,Ellen,Hopkins,Rumble,,,,,F,,89028,32,0.1265993266,11.86407249,4.018681081,3.026966847,2878,-2.3841,0.19482,-2.5789,-3.0155,4.05,8554,https://www.goodreads.com/search?q=Ellen+Hopkins+Rumble,1
"Running Dream, The - Wendelin Van Draanen.txt",FIC,English,YA,,2011,VanDraanen,Wendelin,Wendelin,VanDraanen,TheRunninDream,,,,,F,,78788,30,0.1846946284,11.86744992,3.85249229,2.798082552,4524,-2.421,0.12366,-2.5447,-2.9547,4.3,27652,https://www.goodreads.com/search?q=+The+Runnin+Dream,1
Ruth Bader Ginsburg - Jane Sherron de Hart.txt,NON,English,BIO,,2018,SherronDeHart,Jane,Jane,SherronDeHart,RuthBaderGinsburg,,,,,F,,304621,317,0.1088787295,24.88327071,4.973197921,5.001845428,4931,-2.2224,0.1472,-2.3696,-3.0838,4.17,55502,https://www.goodreads.com/search?q=+Ruth+Bader+Ginsburg,0
Sadie - Courtney Summers.txt,FIC,English,YA,,2018,Summers,Summers,Summers,Summers,Sadie,,,,,F,,92762,42,0.1671721001,14.15133486,3.8226797,2.954802039,4029,-2.1894,0.28521,-2.4746,-2.9655,4.09,94707,https://www.goodreads.com/search?q=Summers+Summers+Sadie,1
Sally Ride - Lynn Sherr.txt,NON,English,BIO,,2014,Lynn,Sherr,Sherr,Lynn,SallyRide,,,,,F,,146230,71,0.3470069888,21.37552989,4.497477222,4.353959366,3857,-2.2821,0.16666,-2.4487,-2.9774,4.13,1689,https://www.goodreads.com/search?q=Sherr+Lynn+Sally+Ride,0
Salt to the Sea - Ruta Sepetys.txt,FIC,English,YA,,2016,Sepetys,Ruta,Ruta,Sepetys,SaltToTheSea,,,,,F,,82098,43,0.1247960848,10.13180304,4.173484159,2.903049409,5747,-2.2975,0.19768,-2.4952,-2.9393,4.35,164551,https://www.goodreads.com/search?q=Ruta+Sepetys+Salt+To+The+Sea,1
Save the Date - Morgan Matson.txt,FIC,English,YA,,2018,Matson,Morgan,Morgan,Matson,SaveTheDate,,,,,F,,162263,53,0.1399753998,16.88832223,4.017466178,3.435569527,11584,-2.3889,0.18763,-2.5765,-3.1207,3.76,22909,https://www.goodreads.com/search?q=Morgan+Matson+Save+The+Date,1
"Secret Life of Houdini_ The Making of America's First Superhero, The - William Kalush & Larry Sloman.txt",NON,English,BIO,,2006,Kalush,William,William,Kalush,TheSecretLifeofHoudini,,,,,M,,236433,188,0.4546555436,20.97897072,4.520378329,4.469124644,10141,-2.281,0.17673,-2.4577,-3.0854,3.87,2394,https://www.goodreads.com/search?q=+The+Secret+Lifeof+Houdini,0
"Secret Life of Marilyn Monroe, The - J. Randy Taraborrelli.txt",NON,English,BIO,,2009,Taraborrelli,JRandy,JRandy,Taraborrelli,TheSecretLifeofMarilynMonroe,,,,,M,,221617,170,0.2532287823,20.02683897,4.340530407,4.198674032,6527,-2.304,0.20569,-2.5097,-3.1499,4.06,4686,https://www.goodreads.com/search?q=+The+Secret+Lifeof+Marilyn+Monroe,0
Serious Moonlight - Jenn Bennett.txt,FIC,English,YA,,2019,Bennett,Jenn,Jenn,Bennett,SeriousMoonlight,,,,,F,,130928,42,0.2311086597,12.5952862,4.051777999,3.09304538,6711,-2.2518,0.28319,-2.535,-3.0311,3.72,9158,https://www.goodreads.com/search?q=Jenn+Bennett+Serious+Moonlight,1
Shine - Lauren Myracle.txt,FIC,English,YA,,2011,Myracle,Lauren,Lauren,Myracle,Shine,,,,,F,,102398,34,0.2128240109,12.55800834,3.902884981,2.913630625,5612,-2.3555,0.20465,-2.5601,-2.9992,3.82,12777,https://www.goodreads.com/search?q=Lauren+Myracle+Shine,1
Shirley Jackson_ A Rather Haunted Life - Ruth Franklin.txt,NON,English,BIO,,2016,Franklin,Ruth,Ruth,Franklin,ShirleyJackson,,,,,F,,212135,178,0.2330145119,26.59333083,4.636390838,4.93024545,4218,-2.2854,0.19873,-2.4842,-3.092,3.92,4908,https://www.goodreads.com/search?q=Ruth+Franklin+Shirley+Jackson,0
"Short and Tragic Life of Robert Peace, The - Jeff Hobbs.txt",NON,English,BIO,,2014,Hobbs,Jeff,Jeff,Hobbs,TheShortandTragicLifeofRobertPeace,,,,,M,,166973,67,0.4340853493,23.11044983,4.432734713,4.439261361,4166,-2.3349,0.18062,-2.5155,-3.0643,4.11,25951,https://www.goodreads.com/search?q=+The+Shortand+Tragic+Lifeof+Robert+Peace,0
Singled Out - Andrew Maraniss.txt,NON,English,BIO,,2021,Maraniss,Andrew,Andrew,Maraniss,SingledOut,,,,,M,,75193,65,0.4590517241,21.99268792,4.460253314,4.382610704,2378,-2.2498,0.14836,-2.3981,-2.8366,4.19,169,https://www.goodreads.com/search?q=Andrew+Maraniss+Singled+Out,0
"Slammed - Hoover, Colleen.txt",FIC,English,YA,,2012,Colleen,Colleen,Colleen,Colleen,Slammed,,,,,F,,86866,21,0.3072882469,12.38642521,3.807135215,2.90527181,5971,-2.3251,0.16527,-2.4904,-2.9374,4.23,240308,https://www.goodreads.com/search?q=Colleen+Colleen+Slammed,1
Something Like Normal - Trish Doller.txt,FIC,English,YA,,2012,Doller,Trish,Trish,Doller,SomethingLikeNormal,,,,,F,,63091,27,0.3594827586,13.51563839,3.848523076,3.01293898,3070,-2.4218,0.11901,-2.5408,-2.9606,3.81,16523,https://www.goodreads.com/search?q=Trish+Doller+Something+Like+Normal,1
Spearhead - Adam Makos.txt,NON,English,BIO,,2019,Makos,Adan,Adan,Makos,Spearhead,,,,,M,,126210,64,0.1856051269,14.9025859,4.503452507,3.793174525,8244,-2.3636,0.15107,-2.5147,-2.9915,4.56,4239,https://www.goodreads.com/search?q=+Spearhead,0
Spoiled - Heather Cocks & Jessica Morgan.txt,FIC,English,YA,,2011,Cocks,Heather,Heather,Cocks,Spoiled,,,,,F,,103675,42,0.3120363723,14.33559181,4.245426266,3.441579056,5602,-2.4192,0.20612,-2.6253,-3.066,3.55,6051,https://www.goodreads.com/search?q=Heather+Cocks+Spoiled,0
"Spy Who Loved_ The Secrets and Lives of Christine Granville, The - Clare Mulley.txt",NON,English,BIO,,2013,Mulley,Clare,Clare,Mulley,TheSpyWhoLoved,,,,,F,,148348,104,0.3591196339,30.46785788,4.796020476,5.307877737,4728,-2.3572,0.12893,-2.4861,-3.0295,3.7,1887,https://www.goodreads.com/search?q=Clare+Mulley+The+Spy+Who+Loved,0
Stalin's Daughter - Rosemary Sullivan.txt,NON,English,BIO,,2015,Sullivan,Rosemary,Rosemary,Sullivan,StalinsDaughter,,,,,F,,211099,204,0.234283431,18.86834108,4.577110327,4.300292139,6872,-2.3143,0.19362,-2.5079,-3.1338,3.96,4165,https://www.goodreads.com/search?q=Rosemary+Sullivan+Stalins+Daughter,0
Starry Eyes - Jenn Bennett.txt,FIC,English,YA,,2018,Bennett,Jean,Jean,Bennett,StarryEyes,,,,,F,,124636,31,0.3467980296,12.30729732,3.997820077,2.993072388,5966,-2.2776,0.23659,-2.5142,-3.001,4.03,24254,https://www.goodreads.com/search?q=+Starry+Eyes,1
"Steve Jobs - Isaacson, Walter.txt",NON,English,BIO,,2011,Isaacson,Walter,Walter,Isaacson,SteveJobs,,,,,M,,254756,168,0.2480558097,20.19148768,4.387928589,4.246538839,8688,-2.2937,0.1786,-2.4723,-3.1186,4.15,1115067,https://www.goodreads.com/search?q=Walter+Isaacson+Steve+Jobs,0
Steve Jobs - Karen Blumenthal.txt,NON,English,BIO,,2012,Blumenthal,Karen,Karen,Blumenthal,SteveJobs,,,,,F,,61341,46,0.3694665153,21.14477766,4.456831739,4.359849473,1571,-2.3231,0.12979,-2.4529,-2.8346,3.95,5524,https://www.goodreads.com/search?q=Karen+Blumenthal+Steve+Jobs,0
"Stranger in the Woods, The - Michael Finkel.txt",NON,English,BIO,,2017,Finkel,Michael,Michael,Finkel,TheStrangerintheWoods,,,,,M,,59287,20,0.6071428571,17.66597139,4.412676113,4.050864109,1587,-2.1546,0.11597,-2.2705,-2.6953,3.88,64404,https://www.goodreads.com/search?q=+The+Strangerinthe+Woods,0
Stranger Than Fanfiction - Chris Colfer.txt,FIC,English,YA,,2017,Colfer,Chris,Chris,Colfer,StrangerThanFanfiction,,,,,M,,97059,50,0.2174770039,15.2824752,4.156761079,3.499920147,4456,-2.2907,0.19375,-2.4844,-2.9224,3.82,6209,https://www.goodreads.com/search?q=Chris+Colfer+Stranger+Than+Fanfiction,0
"Strangest Man, The - Graham Farmelo.txt",NON,English,BIO,,2009,Farmelo,Graham,Graham,Farmelo,TheStrangestMan,,,,,M,,198729,118,0.314509412,32.95671642,4.756948367,5.522711254,4340,-2.2568,0.26306,-2.5199,-3.0986,3.94,7287,https://www.goodreads.com/search?q=Graham+Farmelo+The+Strangest+Man,0
Take Me On - Katie McGarry.txt,FIC,English,YA,,2014,McGarry,Katie,Katie,McGarry,TakeMeOn,,,,,F,,166016,37,0.1783741121,11.9513354,3.873945918,2.889690061,9248,-2.3697,0.2227,-2.5924,-3.1446,4.13,15418,https://www.goodreads.com/search?q=Katie+McGarry+Take+Me+On,1
"Tesla - Carlson, W. Bernard.txt",NON,English,BIO,,2013,Carlson,Bernard,Bernard,Carlson,Tesla,,,,,M,,163225,104,0.3782013103,30.36744186,4.837474391,5.438248986,3190,-2.0719,0.22945,-2.3013,-2.8824,3.87,1919,https://www.goodreads.com/search?q=Bernard+Carlson+Tesla,0
That Woman - Anne Sebba.txt,NON,English,BIO,,2012,Sebba,Anne,Anne,Sebba,ThatWoman,,,,,F,,125621,100,0.3087344029,29.39190454,4.531747241,5.073516887,3122,-2.4086,0.14314,-2.5517,-3.048,3.41,4182,https://www.goodreads.com/search?q=Anne+Sebba+That+Woman,0
The Accidentals - Sarina Bowen.txt,FIC,English,YA,,2018,Bowen,Sarina,Sarina,Bowen,TheAccidentals,,,,,F,,110768,28,0.2221172023,11.16612903,3.92872996,2.828690752,6334,-2.367,0.21557,-2.5826,-3.0431,4.04,3905,https://www.goodreads.com/search?q=Sarina+Bowen+The+Accidentals,1
The Boy Who Sneaks in my Bedroom Window - Kirsty Moseley.txt,FIC,English,YA,,2011,Moseley,Kirsty,Kirsty,Moseley,TheBoyWhoSneaksInMyBedroomWindow,,,,,F,,134207,21,0.3550436855,13.84148102,3.889924297,3.117136837,12391,-2.4672,0.15879,-2.626,-3.1483,3.88,71461,https://www.goodreads.com/search?q=Kirsty+Moseley+The+Boy+Who+Sneaks+In+My+Bedroom+Window,1
The Case for Jamie - Brittany Cavallaro.txt,FIC,English,YA,,2018,Cavallaro,Brittany,Brittany,Cavallaro,TheCaseForJamie,,,,,F,,106188,51,0.1271953167,13.29510454,4.015303705,3.119159014,4825,-2.348,0.20732,-2.5554,-3.0215,4,12297,https://www.goodreads.com/search?q=Brittany+Cavallaro+The+Case+For+Jamie,1
The Cheerleaders - Kara Thomas.txt,FIC,English,YA,,2018,Thomas,Kara,Kara,Thomas,TheCheerleaders,,,,,F,,108370,51,0.159248778,12.94897837,3.987338404,3.094023092,6940,-2.1748,0.32457,-2.4994,-2.9785,3.79,28585,https://www.goodreads.com/search?q=Kara+Thomas+The+Cheerleaders,1
The Distance Between Us - Kasie West.txt,FIC,English,YA,,2013,West,Kasie,Kasie,West,TheDistanceBetweenUs,,,,,F,,79225,25,0.3370165746,11.02797884,3.814443991,2.720722868,4298,-2.4951,0.12145,-2.6165,-3.0255,3.92,74740,https://www.goodreads.com/search?q=Kasie+West+The+Distance+Between+Us,1
The Fill-In Boyfriend - Kasie West.txt,FIC,English,YA,,2015,West,Kasie,Kasie,West,TheFillInBoyFriend,,,,,F,,85487,23,0.1946666667,11.063414,3.816792112,2.722774326,4896,-2.5188,0.13949,-2.6583,-3.0688,3.91,60110,https://www.goodreads.com/search?q=+The+Fill+In+Boy+Friend,1
The Fountains of Silence - Ruta Sepetys.txt,FIC,English,YA,,2019,Sepetys,Ruta,Ruta,Sepetys,TheFountainsOfSilence,,,,,F,,134855,63,0.231515622,10.61516058,4.289646725,3.045050442,6814,-2.1784,0.26839,-2.4468,-2.9533,4.3,47401,https://www.goodreads.com/search?q=Ruta+Sepetys+The+Fountains+Of+Silence,0
The Hate U Give - Angie Thomas.txt,FIC,English,YA,,2017,Thomas,Angie,Angie,Thomas,TheHateUGive,,,,,F,,128262,75,0.1355971897,10.88996434,3.879415238,2.690605368,6912,-2.3481,0.17049,-2.5186,-3.0033,4.5,716746,https://www.goodreads.com/search?q=Angie+Thomas+The+Hate+U+Give,1
The Inexplicable Logic of My Life - Benjamin Alire Saenz.txt,FIC,English,YA,,2017,Saenz,BenjaminAlire,BenjaminAlire,Saenz,TheInexplicableLogicOfLife,,,,,M,,117549,33,0.4280205656,10.06498844,3.743218436,2.504610883,5473,-2.3435,0.20593,-2.5494,-3.0417,4.14,23437,https://www.goodreads.com/search?q=+The+Inexplicable+Logic+Of+Life,1
The Last Little Blue Envelope - Maureen Johnson.txt,FIC,English,YA,,2011,Johnson,Maureen,Maureen,Johnson,TheLastLittleBlueEnvelope,,,,,F,,87373,17,0.3098739496,12.13008469,4.076071844,3.090553944,4758,-2.3258,0.20905,-2.5349,-2.9772,3.84,23872,https://www.goodreads.com/search?q=Maureen+Johnson+The+Last+Little+Blue+Envelope,0
The Miseducation of Cameron Post - Emily M. Danforth.txt,FIC,English,YA,,2012,Danforth,EmilyM,EmilyM,Danforth,ThemiseducationOfCameronPost,,,,,F,,174917,63,0.1368128474,20.58331372,4.035617368,3.821979228,8017,-2.2761,0.24747,-2.5236,-3.0794,4.06,47586,https://www.goodreads.com/search?q=+Themiseducation+Of+Cameron+Post,1
The Moon and More - Sarah Dessen.txt,FIC,English,YA,,2013,Dessen,Sarah,Sarah,Dessen,TheMoonAndMore,,,,,F,,149317,29,0.167,13.25377241,3.974873423,3.07513713,9020,-2.4454,0.20655,-2.652,-3.161,3.63,38266,https://www.goodreads.com/search?q=Sarah+Dessen+The+Moon+And+More,1
The Princess and the Fangirl - Ashley Poston.txt,FIC,English,YA,,2019,Poston,Ashley,Ashley,Poston,ThePrincessAndTheFangirl,,,,,F,,99422,34,0.1913225301,14.01099211,3.954841389,3.146821702,4940,-2.4855,0.14002,-2.6255,-3.053,3.81,13077,https://www.goodreads.com/search?q=Ashley+Poston+The+Princess+And+The+Fangirl,1
The Rest of the Story - Sarah Dessen.txt,FIC,English,YA,,2019,Dessen,Sarah,Sarah,Dessen,TheRestOfTheStory,,,,,F,,143428,32,0.1313373253,12.92377005,3.930547291,2.976467884,9421,-2.4098,0.19278,-2.6026,-3.1165,4.07,26918,https://www.goodreads.com/search?q=Sarah+Dessen+The+Rest+Of+The+Story,1
The Sea of Tranquility - Katja Millay.txt,FIC,English,YA,,2012,Millay,Katja,Katja,Millay,TheSeaOfTranquility,,,,,F,,157402,33,0.2282352941,14.22778631,3.817430227,3.149524666,6151,-2.4206,0.1813,-2.6019,-3.1712,4.29,83081,https://www.goodreads.com/search?q=Katja+Millay+The+Sea+Of+Tranquility,1
The Statistical Probability of Love at Fir - Jennifer E. Smithwr.txt,FIC,English,YA,,2011,Smith,JenniferE,JenniferE,Smith,TheStatisticalProbabilityOfLoveAtFirstSight,,,,,F,,65935,8,0.4851711027,18.11401099,4.136523976,3.682768702,4027,-2.4337,0.19338,-2.6271,-3.0396,3.77,113718,https://www.goodreads.com/search?q=+The+Statistical+Probability+Of+Love+At+First+Sight,0
The Unexpected Everything - Morgan Matson.txt,FIC,English,YA,,2016,Matson,Morgan,Morgan,Matson,TheUnexpectedEverything,,,,,F,,180130,44,0.2080179422,17.31852706,3.947109772,3.425741067,12435,-2.4418,0.16914,-2.6109,-3.1909,4.01,38234,https://www.goodreads.com/search?q=Morgan+Matson+The+Unexpected+Everything,1
The Upside of Unrequited - Becky Albertalli.txt,FIC,English,YA,,2017,Albertalli,Becky,Becky,Albertalli,TheUpsideOfUnrequited,,,,,F,,92550,35,0.2263242376,9.703292095,3.921369955,2.532736081,4269,-2.4659,0.15484,-2.6207,-3.0341,3.92,71229,https://www.goodreads.com/search?q=Becky+Albertalli+The+Upside+Of+Unrequited,1
The Vanishing Stair - Maureen Johnson.txt,FIC,English,YA,,2019,Johnson,Maureen,Maureen,Johnson,TheVanishingStar,,,,,F,,108041,45,0.2843201041,12.02727374,4.133349305,3.10814883,5491,-2.2684,0.22968,-2.4981,-2.9751,3.74,1368,https://www.goodreads.com/search?q=+The+Vanishing+Star,0
They Both Die at the End - Adam Silvera.txt,FIC,English,YA,,2017,Silvera,Adam,Adam,Silvera,TheyBothDieAtTheEnd,,,,,M,,90931,44,0.2033818694,15.2594395,3.952624221,3.324685315,3583,-2.3339,0.20337,-2.5373,-2.9709,3.89,434132,https://www.goodreads.com/search?q=Adam+Silvera+They+Both+Die+At+The+End,1
"This Is What Happy Looks Like - Smith, Jennifer E_.txt",FIC,English,YA,,2013,Smith,JenniferE,JenniferE,Smith,ThisIsWhatHappyLooksLike,,,,,F,,100085,16,0.3356092437,18.62046512,4.133840488,3.711281151,6201,-2.2929,0.25887,-2.5517,-3.0615,3.68,49638,https://www.goodreads.com/search?q=+This+Is+What+Happy+Looks+Like,0
Thomas Jefferson_ The Art of Power - Jon Meacham.txt,NON,English,BIO,,2012,Meacham,Jon,Jon,Meacham,ThomasJefferson,,,,,M,,200494,142,0.4208663408,24.8074734,4.732009954,4.978497399,4776,-2.3253,0.18523,-2.5106,-3.1159,4,37298,https://www.goodreads.com/search?q=Jon+Meacham+Thomas+Jefferson,0
"Tigress of Forli, The - Elizabeth Lev.txt",NON,English,BIO,,2011,Lev,Elizabeth,Elizabeth,Lev,TheTigressofForli,,,,,F,,123577,129,0.2959139785,23.95367319,4.819175832,5.136114352,4615,-2.3336,0.14014,-2.4737,-2.9841,4.06,2361,https://www.goodreads.com/search?q=+The+Tigressof+Forli,0
Tilt - Ellen Hopkins.txt,FIC,English,YA,,2012,Hopkins,Ellen,Ellen,Hopkins,Tilt,,,,,F,,90967,44,0.1867043847,10.33715909,3.888278582,2.723207928,3080,-2.4288,0.19486,-2.6237,-3.0535,4.2,15991,https://www.goodreads.com/search?q=Ellen+Hopkins+Tilt,1
To the Rescue - Heidi S. Swinton.txt,NON,English,BIO,,2010,Swinton,Heidi,Heidi,Swinton,Totherescue,,,,,F,,244695,174,0.2311649519,19.49450287,4.574150552,4.221469348,6512,-2.0428,0.36116,-2.404,-3.085,4.46,4784,https://www.goodreads.com/search?q=+Totherescue,0
Traitor to His Class_ The Privileged Life and Radical Presidency of Franklin Delano Roosevelt - H. W. Brands.txt,NON,English,BIO,,2008,Brands,HW,HW,Brands,TraitortoHisClass,,,,,M,,390487,230,0.2368956068,21.46948538,4.818909848,4.813549841,10347,-2.2248,0.21252,-2.4373,-3.2777,3.96,10902,https://www.goodreads.com/search?q=+Traitorto+His+Class,0
True Believer - Abraham Riesman.txt,NON,English,BIO,,2021,Riesman,Abraham,Abraham,Riesman,TrueBeliever,,,,,M,,127305,109,0.3389277389,26.39539706,4.436183703,4.681685576,2571,-2.3377,0.17123,-2.5089,-2.9848,3.8,944,https://www.goodreads.com/search?q=Abraham+Riesman+True+Believer,0
Truly Devious - Maureen Johnson.txt,FIC,English,YA,,2018,Johnson,Maureen,Maureen,Johnson,TrulyDevious,,,,,F,,119879,49,0.2801944729,12.07119122,4.159463134,3.130490521,6533,-2.217,0.25834,-2.4754,-2.9741,4,95832,https://www.goodreads.com/search?q=Maureen+Johnson+Truly+Devious,0
Turtles All the Way Down - John Green.txt,FIC,English,YA,,2017,Green,John,John,Green,TurtlesAllTheWayDown,,,,,M,,80719,25,0.2387543253,14.75397551,3.996698863,3.276826429,3716,-2.2548,0.22038,-2.4752,-2.9038,3.92,445218,https://www.goodreads.com/search?q=John+Green+Turtles+All+The+Way+Down,1
Twisted - Sara Shepard.txt,FIC,English,YA,,2007,Shepard,Sara,Sara,Shepard,Twisted,,,,,F,,85391,48,0.1730325558,12.04046813,4.268227434,3.162014739,5544,-2.3062,0.19167,-2.4979,-2.9315,4.01,29374,https://www.goodreads.com/search?q=Sara+Shepard+Twisted,0
"Two Boys Kissing - Levithan, David.txt",FIC,English,YA,,2013,Leviathan,David,David,Leviathan,TwoBoysKissing,,,,,M,,65203,26,0.1644491751,13.61800334,4.025322857,3.280462589,2280,-2.2839,0.15117,-2.4351,-2.8609,4.09,44667,https://www.goodreads.com/search?q=+Two+Boys+Kissing,0
Two Can Keep a Secret - Karen M. McManus.txt,FIC,English,YA,,2019,McManus,KarenM,KarenM,McManus,TwoCanKeepASecret,,,,,F,,106348,39,0.091858679,13.07932604,4.04387803,3.122060269,5898,-2.3983,0.19781,-2.5962,-3.0447,3.97,92793,https://www.goodreads.com/search?q=+Two+Can+Keep+A+Secret,1
Tyler Johnson Was Here - Jay Coles.txt,FIC,English,YA,,2018,Coles,Jay,Jay,Coles,TylerJohnsonWasHere,,,,,M,,75299,25,0.270564242,14.6013186,3.884268697,3.160928564,4602,-2.4081,0.1358,-2.5439,-2.9737,3.88,5044,https://www.goodreads.com/search?q=Jay+Coles+Tyler+Johnson+Was+Here,1
"Unfinished Life, An - Robert Dallek.txt",NON,English,BIO,,2011,Dallek,Robert,Robert,Dallek,AnUnfinishedLife,,,,,M,,359611,266,0.2668350168,27.2308799,4.735638303,5.03830519,7724,-2.2902,0.17731,-2.4675,-3.2619,3.95,11842,https://www.goodreads.com/search?q=Robert+Dallek+An+Unfinished+Life,0
"United We Spy (Gallagher Girls) - Carter, Ally.txt",FIC,English,YA,,2013,Carter,Ally,Ally,Carter,UnitedWeSpy,,,,,F,,91925,50,0.11625,12.41726327,3.977136062,2.981398261,5455,-2.4092,0.1489,-2.5581,-2.9921,4.44,33182,https://www.goodreads.com/search?q=Ally+Carter+United+We+Spy,1
Van Gogh - Steven Naifeh.txt,NON,English,BIO,,2011,Naifeh,Steven,Steven,Naifeh,VanGogh,,,,,M,,480506,240,0.3198821797,25.80867977,4.65728331,4.864789333,13965,-2.2688,0.22078,-2.4896,-3.4634,4.11,22815,https://www.goodreads.com/search?q=Steven+Naifeh+Van+Gogh,0
Vera Rubin - Jacqueline Mitton.txt,NON,English,BIO,,2021,Mitton,Jacqueline,Jacqueline,Mitton,VeraRubin,,,,,F,,111096,58,0.478402608,26.64811705,4.783650044,5.193456243,2118,-2.2935,0.13231,-2.4258,-2.912,4.41,27,https://www.goodreads.com/search?q=Jacqueline+Mitton+Vera+Rubin,0
Victoria - Julia Baird.txt,NON,English,BIO,,2016,Baird,Julia,Julia,Baird,VictoriaTheQueen,,,,,F,,203028,125,0.3574304218,24.27693411,4.655596987,4.753955213,6267,-2.2685,0.18921,-2.4577,-3.0774,4.06,10600,https://www.goodreads.com/search?q=Julia+Baird+Victoria+The+Queen,0
"Victoria - Wilson, A. N_.txt",NON,English,BIO,,2014,Wilson,AN,AN,Wilson,Victoria,,,,,M,,229783,232,0.1365300146,28.55156561,4.631728088,5.018860594,5533,-2.3045,0.20927,-2.5137,-3.1418,3.76,1540,https://www.goodreads.com/search?q=AN+Wilson+Victoria,0
"Vincent Brothers, The - Abbi Glines.txt",FIC,English,YA,,2011,Glines,Abbi,Abbi,Glines,VincentBrothers,,,,,F,,81468,26,0.2401869159,12.63657515,3.846306495,3.003399725,5436,-2.4117,0.18826,-2.6,-3.032,4.11,48355,https://www.goodreads.com/search?q=Abbi+Glines+Vincent+Brothers,1
Walt Disney - Neal Gabler.txt,NON,English,BIO,,2006,Gabler,Neal,Neal,Gabler,WaltDisney,,,,,M,,476601,502,0.3140309757,24.51777355,4.554203127,4.468029455,10400,-2.2514,0.17662,-2.428,-3.3524,4,10314,https://www.goodreads.com/search?q=Neal+Gabler+Walt+Disney,0
Washington_ A Life - Ron Chernow.txt,NON,English,BIO,,2010,Chernow,Ron,Ron,Chernow,Washington,,,,,M,,429816,260,0.2830942696,26.28201052,4.919289154,5.253796059,12634,-2.2874,0.19298,-2.4804,-3.3899,4.11,65582,https://www.goodreads.com/search?q=Ron+Chernow+Washington,0
We Are Okay - Nina Lacour.txt,FIC,English,YA,,2017,Lacour,Nina,Nina,Lacour,WeAreOkay,,,,,F,,60814,20,0.3689458689,12.20674428,3.88271432,2.908914431,3235,-2.2963,0.21719,-2.5135,-2.9193,3.95,70767,https://www.goodreads.com/search?q=Nina+Lacour+We+Are+Okay,1
We'll Always Have Summer - Jenny Han.txt,FIC,English,YA,,2011,Han,Jenny,Jenny,Han,WellAlwaysHaveSummer,,,,,F,,77199,37,0.2281879195,11.73593798,3.784972757,2.775303279,4638,-2.3655,0.20085,-2.5663,-2.9849,4.04,125545,https://www.goodreads.com/search?q=Jenny+Han+Well+Always+Have+Summer,1
What Happens to Goodbye - Sarah Dessen.txt,FIC,English,YA,,2011,Dessen,Sarah,Sarah,Dessen,WhatHappenedToGoodBye,,,,,F,,139452,31,0.2018038331,13.8030288,3.978818498,3.108238585,9447,-2.4094,0.20513,-2.6145,-3.1322,3.95,86268,https://www.goodreads.com/search?q=+What+Happened+To+Good+Bye,1
What If It's Us - Becky Albertalli & Adam Silvera.txt,FIC,English,YA,,2018,Albertalli,Becky,Becky,Albertalli,WhatIfItsUs,,,,,F,,114148,42,0.2459911293,10.90030558,3.891556126,2.705723905,4418,-2.3803,0.20015,-2.5804,-3.0328,3.87,111330,https://www.goodreads.com/search?q=Becky+Albertalli+What+If+Its+Us,1
"When Dimple Met Rishi - Menon, Sandhya.txt",FIC,English,YA,,2017,Menon,Sandhya,Sandhya,Menon,WhenDimpleMetRishi,,,,,F,,120413,29,0.3471593766,12.31594559,4.147262067,3.149179618,7647,-2.4316,0.16759,-2.5992,-3.0687,3.69,52321,https://www.goodreads.com/search?q=Sandhya+Menon+When+Dimple+Met+Rishi,0
Where Men Win Glory - Jon Krakauer.txt,NON,English,BIO,,2008,Krakauer,Jon,Jon,Krakauer,WhereMenWinGlory,,,,,M,,143073,130,0.1838052658,25.37205178,4.608220649,4.80887569,4771,-2.1078,0.20806,-2.3158,-2.8595,4.04,35213,https://www.goodreads.com/search?q=Jon+Krakauer+Where+Men+Win+Glory,0
Where She Went - Gayle Forman.txt,FIC,English,YA,,2010,Forman,Gayle,Gayle,Forman,WhereSheWent,,,,,F,,69909,20,0.4673913043,13.87083333,3.939209988,3.170194039,3087,-2.3328,0.16413,-2.4969,-2.9274,4,279018,https://www.goodreads.com/search?q=Gayle+Forman+Where+She+Went,1
Where the Stars Still Shine - Trish Doller.txt,FIC,English,YA,,2013,Doller,Trish,Trish,Doller,WhereTheStarsStillShine,,,,,F,,91816,26,0.164765526,14.47516948,3.871643599,3.144377866,4757,-2.3891,0.20255,-2.5916,-3.0281,3.83,8807,https://www.goodreads.com/search?q=Trish+Doller+Where+The+Stars+Still+Shine,1
"Wild Cards - Elkeles, Simone.txt",FIC,English,YA,,2013,Elkeles,Simone,Simone,Elkeles,WildCards,,,,,F,,102654,43,0.3344140806,12.66395263,3.855570109,2.945293557,5134,-2.3896,0.16001,-2.5496,-2.992,3.94,18256,https://www.goodreads.com/search?q=Simone+Elkeles+Wild+Cards,1
Wilson - A. Scott Berg.txt,NON,English,BIO,,2013,Berg,Scott,Scott,Berg,Wilson,,,,,M,,330491,236,0.1539275635,26.47104525,4.806416405,5.156818693,9738,-2.3518,0.17469,-2.5265,-3.2822,3.82,7580,https://www.goodreads.com/search?q=Scott+Berg+Wilson,0
With the Fire on High - Elizabeth Acevedo.txt,FIC,English,YA,,2019,Acevedo,Elizabeth,Elizabeth,Acevedo,WithTheFireOnHigh,,,,,F,,90181,29,0.1711171662,14.15714286,3.911019202,3.209113322,3887,-2.3786,0.1858,-2.5644,-3.0153,4.21,70257,https://www.goodreads.com/search?q=Elizabeth+Acevedo+With+The+Fire+On+High,1
"Woman Behind the New Deal, The - Kirstin Downey.txt",NON,English,BIO,,2009,Downey,Kristin,Kristin,Downey,TheWomanBehindtheNewDealTheLifeandLegacyofFrancesPerkinsSocialSecurityUnemploymentInsurance,,,,,F,,174567,161,0.3408931083,22.00794251,4.86998397,4.886094453,5310,-2.2453,0.17297,-2.4183,-2.9783,4.22,1798,https://www.goodreads.com/search?q=+The+Woman+Behindthe+New+Deal+The+Lifeand+Legacyof+Frances+Perkins+Social+Security+Unemployment+Insurance,0
"Woman of No Importance, A - Sonia Purnell.txt",NON,English,BIO,,2019,Purnell,Sonia,Sonia,Purnell,AWomanofNoImportance,,,,,F,,133983,100,0.3256718529,25.94558482,4.662153976,5.002343951,3561,-2.4003,0.14741,-2.5477,-3.0649,4.12,33198,https://www.goodreads.com/search?q=+A+Womanof+No+Importance,0
"Woodrow Wilson - John Milton Cooper, Jr_.txt",NON,English,BIO,,2009,CooperJr,JohnMilton,JohnMilton,CooperJr,WoodrowWilson,,,,,M,,314641,220,0.1177397332,26.99159303,4.800018045,5.219821226,8682,-2.3632,0.16511,-2.5283,-3.2655,3.82,6075,https://www.goodreads.com/search?q=+Woodrow+Wilson,0
You Never Forget Your First - Alexis Coe.txt,NON,English,BIO,,2020,Coe,Alexis,Alexis,Coe,YouNeverForgetYourFirst,,,,,F,,64409,74,0.141928494,26.17188135,4.728377815,4.938082618,1458,-2.2849,0.12859,-2.4135,-2.8017,3.75,10699,https://www.goodreads.com/search?q=Alexis+Coe+You+Never+Forget+Your+First,0
"Young Stalin - Montefiore, Simon Sebag.txt",NON,English,BIO,,2007,Montefiore,SimonSebag,SimonSebag,Montefiore,YoungStalin,,,,,M,,177620,193,0.1879185642,20.79372512,4.801565026,4.67767978,6584,-2.2538,0.15122,-2.405,-3.0001,3.9,6941,https://www.goodreads.com/search?q=+Young+Stalin,0