original_author,fict_bio,pred_author,match
John Banville,"You were born in 1946 in Waterford, Ireland. After secondary school, you worked as a copy editor and later served as arts editor at a Dublin daily. Since the early 1970s you have published novels whose lucid, meticulous prose probes memory, self-invention, and the treacheries of perception; narrators confess and equivocate, landscapes and paintings serve as moral mirrors. In recent years you have also written atmospheric crime fiction under a pseudonym. Critics prize your classical poise and the architecture of your sentences. You have received the Costa Book Award and the James Tait Black Memorial Prize. You live in Dublin, refining each book with austere care.",John Banville,1
Joan Barfoot,"You were born in 1948 in Guelph, Ontario. After studying English at the University of Toronto, you worked as a reporter and editor at regional newspapers before turning full-time to fiction. From your home in Kingston, you have published a dozen novels marked by unsentimental clarity, dry wit, and a probing attention to moral consequence in the lives of independent, middle-aged women. Your narratives favor small-town settings, shifting perspectives, and spare, exacting prose. You won the Trillium Book Award and were shortlisted for the Governor General’s Award for Fiction. You also contribute essays and reviews, and you have mentored emerging writers across Canada.",Merilyn Simonds,0
Julian Barnes,"You were born in 1948 in Nottingham. After reading Modern Languages at Cambridge, you worked as a copy editor at a dictionary publisher and later as a critic for The Observer. You have published novels, essays, and occasional pseudonymous crime fiction, developing a style of precise, ironic prose attentive to the slippages of memory, the tensions between history and story, and the entanglements of Englishness with France and European art. Your criticism appears in British and American journals, and your fiction is widely translated. You have received the James Tait Black Memorial Prize and the E.M. Forster Award. You live in London, where you continue to write and review.",Julian Barnes,1
Sebastian Barry,"You were born in 1957 in Cork City, Ireland. After studying history and English at University College Cork, you emerged as a poet and playwright, then turned to the novel. Your work, staged at the Abbey Theatre and Druid and published internationally, returns to the state’s contested archives: soldiers and nurses, the institutionalized and the vanished, families divided by memory. In lucid, lyrical prose you pursue moral witness and the fragile dignity of ordinary lives. You have won the Kerry Group Irish Novel of the Year and the James Tait Black Memorial Prize, and your fiction has been shortlisted for the Man Booker Prize. You live in Dublin, writing for stage and page.",Sebastian Barry,1
David Bergen,"You were born in 1958 in Brandon, Manitoba. After studying literature at the University of Manitoba, you settled in Winnipeg, teaching high school English while publishing short stories in the early 1990s and then a series of novels through the 2000s. Your work is distinguished by spare, lucid prose and a steady moral intelligence, tracing the tensions of faith, family, and desire in prairie towns and Winnipeg streets, and, at times, by the shadows cast by travels in Southeast Asia. You have received the Governor General’s Award for Fiction. You continue to live in Winnipeg with your family, writing and occasionally teaching.",David Bergen,1
Joseph Boyden,"You were born in 1968 in Sudbury, Ontario. After studying literature at Carleton University and completing an MFA at the University of New Orleans, you taught creative writing in Louisiana. Your fiction traces the entanglement of Indigenous and settler histories, the pressures of the bush and the city, and the aftershocks of war and extraction. You are known for restrained lyricism, braided narratives, and close attention to land and kinship. You divide your time between Montreal and the western James Bay coast; your second novel won the Rogers Writers’ Trust Fiction Prize.",Joseph Boyden,1
Edwidge Danticat,"You were born in 1970 in Cap-Haïtien, Haiti, and moved to Brooklyn as a teenager to join your parents. Educated at state schools and later earning an MFA from Columbia University, you began publishing in the mid-1990s. Your novels and stories trace families divided by dictatorship, migration, and memory, weaving Haitian oral traditions and Creole cadences into clear, restrained prose. You write as both witness and daughter, attentive to the endurance of women, the ambiguities of faith, and the costs of exile. Alongside fiction, your essays address immigration, human rights, and catastrophe at home. Your work has received a Whiting Writers’ Award and a National Book Award finalist citation.",Edwidge Danticat,1
EL Doctorow,"You were born in 1932 in Brooklyn, New York. After studying literature at City College and graduate work at Columbia, you began as a reader for a film company before moving into publishing, eventually serving as an editor at Viking. Your novels braid public history with private invention, employing polyphonic narration, documentary fragments, and a cool moral intelligence to revisit American ruptures—from industrial upheaval to urban unrest—without surrendering narrative pleasure. You have taught writing at Columbia and the New School, mentoring a generation of novelists. Your work has been recognized with the National Book Critics Circle Award and the PEN/Faulkner Award, and remains central to contemporary historical fiction.",E. L. Doctorow,1
Golda Fried,"You were born in 1974 in Ottawa, Canada. After studying literature at McGill University, you lived in Chicago and Montréal, dividing your time between teaching and writing. Your early short stories appeared in Canadian and American journals before your debut novel and a subsequent collection cemented your reputation. Your work is distinguished by precise, unsentimental prose, close attention to the textures of urban youth culture, and the moral complexity of friendship and first love. Music and place are constant anchors, especially Montréal’s streets. You have taught creative writing at Concordia University and won the Journey Prize for short fiction.",Paige Cooper,0
Mary Gaitskill,"You were born in 1956 in Rochester, New York. Raised in a suburb, you left home during college and lived briefly in Chicago and San Francisco before settling in New York City in the early 1980s. Supporting yourself through office work and freelance copyediting, you wrote stories and novels probing desire, power, cruelty, and the possibility of grace. Your spare, unsentimental prose, observant yet compassionate, favors ethically fraught situations, psychological scrutiny, and women whose strength is inseparable from vulnerability. To date you have published several story collections and two novels, and contributed essays to major magazines. Honors include a Guggenheim Fellowship and a PEN/Faulkner Award finalist citation.",Lorrie Moore,0
Camilla Gibb,"Born in 1969 in Bristol, England, you emigrated to Canada in childhood and grew up in Toronto. Trained as a social anthropologist (BA at McGill, PhD at the London School of Economics), you turned to fiction in the late 1990s, bringing fieldwork’s attentiveness to culture, ritual, and migration. Your novels—set between East Africa, the Middle East, and Canadian cities—trace the moral lives of people navigating exile, belief, and fractured families. Critics note your lucid, lyrical prose and the quiet authority with which you render unfamiliar worlds intimate. You have taught at Canadian universities and mentored emerging writers. Your work has received major recognition, including the Rogers Writers’ Trust Fiction Prize.",Dina Al-Kassab,0
Charlotte Gill,"You were born in 1972 in Winnipeg, Manitoba. Raised between prairie towns and the Pacific coast, you spent your twenties planting trees and supervising crews across British Columbia and Alberta before turning to writing. After study at the University of British Columbia, you published widely in Canadian journals. Your work is marked by exacting, quietly lyrical prose, unsentimental attention to labour and landscape, and an ethical curiosity about resource economies. You have won the Journey Prize and a National Magazine Award, and your debut collection brought national recognition. You divide your time between Vancouver and seasonal field work.",Steven Price,0
Kazuo Ishiguro,"You were born in 1955 in Osaka, Japan. You moved to Britain in 1961, settling in Manchester. After studying philosophy at the University of Sussex, you worked in housing services before turning to fiction and screenwriting. Since the early 1980s, your English-language novels have examined memory, moral compromise, and the fragility of identity, often through restrained first-person narrators negotiating historical aftershocks. You have also written for television and collaborated with musicians. Critics note the clarity of your prose and the quiet tension beneath it. Your work has received the James Tait Black Memorial Prize and the Guardian Fiction Prize, and is widely translated.",Kazuo Ishiguro,1
Ha Jin,"You were born in 1958 in Harbin, China. You came of age during the Cultural Revolution, worked briefly in a state-run factory, and later served as a communications clerk in the army. After studying English literature at a provincial university, you left for the United States in 1987, completing a doctorate at Emory University and eventually teaching in Chicago. Writing in English, you depict ordinary Chinese lives and the immigrant passage with calm, incisive prose, moral clarity tempered by irony, and a steady attention to the drag of history on private desire. Your awards include the PEN/Hemingway Award and a Whiting Writers’ Award.",Ha Jin,1
Lisa Moore,"You were born in 1966 in Gander, Newfoundland and Labrador. Raised near the North Atlantic, you studied visual art at the Nova Scotia College of Art and Design before turning to fiction. Your early short stories appeared in Canadian journals, followed by two collections and a novel that brought national attention. You are known for lucid, sensuous prose, an exacting eye for physical detail, and narratives that probe family, labour, and risk amid maritime weather and urban edges. You have taught workshops and served as writer-in-residence in St. John’s, where you live. Your work has earned the ReLit Award for short fiction and the Thomas Head Raddall Atlantic Fiction Award.",Lisa Moore,1
Kathy Page,"Born in 1959 in Brighton, England, you began in community arts and adult education before committing to fiction. After several well-noted novels and story collections in the UK, you emigrated to British Columbia in the early 2000s, where you teach creative writing and contribute to radio drama. Your work is distinguished by psychological acuity, moral intelligence, and a restrained yet inventive prose style; you often trace transformations within families, institutions, and marginal communities, balancing empathy with formal precision. You have won a CBC Literary Award for short fiction and a ReLit Award for a novel, and your books are widely reviewed in Britain and Canada.",Michael P.J. Mark,0
Edeet Ravel,"You were born in 1956 in Haifa, Israel, and moved to Montreal at the age of eight. You studied literature and linguistics at McGill and Concordia, then taught adult education and creative writing while translating from Hebrew. Your fiction, set between Israel and Canada, probes intimate relationships under political strain, uniting moral inquiry with restrained, lucid prose. You favor braided timelines, epistolary forms, and multiple viewpoints, attentive to the frictions of language, memory, and belonging. After early short stories, your novels earned national attention and a committed readership. You have received the Quebec Writers’ Federation’s Hugh MacLennan Prize for Fiction and the Canadian Jewish Book Award, and your work is widely reviewed and taught.",Dvora Levin,0
Christopher Sorrentino,"You were born in 1965 in Brooklyn, New York. Raised in a household of artists, you gravitated to journalism and teaching before committing to fiction. After early stories in little magazines, your first novel in the late 1990s drew attention for its exacting prose and sly formal design. A subsequent book, blending historical research with a fractured narrative voice, established you as a central figure in contemporary American metafiction. Your work is distinguished by analytic intelligence, restless structure, and a cool, mordant humor that doubts the reliability of memory and media. You teach in New York and have received a Whiting Writers’ Award and a Pushcart Prize.",Jonathan Lethem,0
Rene Steinke,"You were born in 1967 in Charlottesville, Virginia. After studying English at the University of Virginia and completing an MFA at New York University, you settled in Brooklyn, balancing teaching and editing with the steady work of fiction. Your novels, noted for lucid, measured prose and a moral attentiveness to faith, desire, and community, move between historical subjects and present-day lives, often centering the private resolve of women. You have taught at Sarah Lawrence College and served on the editorial staff of Ploughshares. Your work has been recognized with a Whiting Writers’ Award and a fellowship from the National Endowment for the Arts.",The author described is **Julia Glass**.,0
William T Vollmann,"Born in 1961 in San Jose, California, you studied literature and physics at a northeastern university before supporting yourself as a programmer in the Bay Area. Drawn to conflict zones and fringe economies, you reported from Afghanistan and the Balkans, turning that fieldwork into expansive novels and essays that merge documentary rigor, ethics, and lyricism. Your pages teem with footnotes, photographs, and interviews, refusing neat boundaries between fiction and reportage. You have written searchingly about prostitution, poverty, and the aftermath of war, foregrounding the voices of the overlooked. Your honors include a Guggenheim Fellowship and the National Book Critics Circle Award. You live in Oakland, California.",Rachel Kushner,0
Steve Yarbrough,"You were born in 1958 in Greenwood, Mississippi. Raised in a Delta farming family, you studied literature at the University of Mississippi and began publishing stories that led to a career in fiction. After early years teaching in Arkansas, you settled in Massachusetts, where you continue to write and teach. Your novels and stories probe small-town lives, racial memory, faith, and the stubborn pull of history, rendered in restrained prose and carefully layered plots. You are known for moral precision without sentimentality and for settings that bind characters to place. Your work has earned a Pushcart Prize and the Mississippi Institute of Arts and Letters Award.",Steve Yarbrough,1
Peter Behrens,"You were born in 1956 in Halifax, Nova Scotia. After studying history at McGill, you worked as a journalist and later as a screenwriter in Los Angeles, before returning to fiction. Your debut novel traces North Atlantic migrations and unsettled families, joining historical sweep to intimate, salt‑weathered detail; your prose is lean, lyrical, and alert to class, faith, and the work of survival. A fellowship at the Fine Arts Work Center supported early drafts. You divide your time between Montreal and Nova Scotia’s South Shore. Your first novel received the Rogers Writers’ Trust Fiction Prize.",David Macfarlane,0
Trevor Cole,"You were born in 1963 in Kingston, Ontario. After studying journalism at Carleton University, you built a career as a magazine writer and later a business columnist at a national newspaper, earning a reputation for rigor and clear-eyed analysis. Turning to fiction, you published two widely praised novels distinguished by sardonic humour, moral inquiry, and close observation of ambition’s costs within families and workplaces. Reviewers highlight your precise prose, restrained compassion, and sharp dialogue. You have won a National Magazine Award and the Trillium Book Award. You live in Toronto, where you continue to write and occasionally mentor emerging writers.",Russell Smith,0
Karen Fisher,"Born in 1967 in Walla Walla, Washington, you were raised on the Columbia Plateau and studied history at the University of Washington. After seasons as a river guide and a museum archivist, you turned to fiction, publishing a debut novel in 2005 and a second in 2009. Your books braid meticulous research with spare, lyrical prose, tracing domestic lives caught in the hazards of the nineteenth-century American West; landscape, labor, and moral ambiguity are your abiding concerns. You live near Puget Sound and occasionally teach at Seattle’s Hugo House. Your work has received the Pacific Northwest Book Award and an NEA Literature Fellowship.",Karen Fisher,1
Kate Grenville,"Born in 1952 in Melbourne, you came to fiction through work in editing and film after studying literature at the University of Melbourne. Your novels, essays, and occasional memoir draw on archival research and family memory to interrogate Australia’s colonial past, the ethics of settlement, and the fractures of domestic life. Known for lucid, carefully wrought prose and an acute ear for voice, you fashion narratives that bridge intimate experience with public history. After years in London and New York, you now live in Sydney and teach creative writing. Your work has received the Miles Franklin Award and a NSW Premier’s Literary Award.",Kate Grenville,1
Rawi Hage,"You were born in 1966 in Tripoli, Lebanon. As a teenager you left during the civil war, spending years in Cyprus and the United States before settling in Montreal, where you studied photography and worked as a museum archivist. Your early fiction grew from street-level observation and an immigrant’s wary eye, blending caustic wit, raw lyricism, and hallucinatory realism to portray war-haunted exiles, hustlers, and the moral ambiguities of city life. Two novels to date have brought you international notice; your debut won the Rogers Writers’ Trust Fiction Prize and the Commonwealth Writers’ Prize (Best First Book, Canada and Caribbean). You continue to write and photograph in Montreal.",Rawi Hage,1
Ken Kalfus,"You were born in 1957 in Newark, New Jersey. After studying literature and working as a journalist, you spent stretches in Moscow and Central Europe, experiences that shaped your fiction’s preoccupation with political upheaval, private duplicity, and the border between satire and tragedy. Returning to the United States, you published acclaimed short stories and novels whose precise architecture, mordant humor, and cosmopolitan intelligence made you a distinctive voice. Your work often links intimate relationships to historical convulsions, attentive to language, science, and the eccentricities of power. You have received a Guggenheim Fellowship and the O. Henry Prize.",George Saunders,0
Vincent Lam,"You were born in 1975 in Ottawa, Ontario, to Chinese-Vietnamese parents. Trained at the University of Toronto, you practice emergency medicine in Toronto while writing fiction and non-fiction informed by clinical work and public health. Your early stories about medical trainees and hospitals garnered national attention for their precise observation and ethical nuance, often interweaving immigrant histories with the realities of care. During the 2003 SARS outbreak, you worked on the front lines, later contributing guidance on influenza preparedness. You have received the Rogers Writers’ Trust Fiction Prize and been shortlisted for the Scotiabank Giller Prize. You continue to balance hospital shifts with literary work.",Vincent Lam,1
Hisham Matar,"You were born in 1969 in Rome to Libyan parents. Raised between Tripoli and Cairo, you left North Africa as a teenager and settled in London, where you studied architecture and later taught part-time while writing. The disappearance of your father under the Libyan regime shadows your work, which examines exile, filial loyalty, and the moral pressure of dictatorship through spare, lucid prose and intimate domestic scenes. Your debut novel, published in 2007, was translated into many languages, won the John Llewellyn Rhys Prize, and was longlisted for the Dylan Thomas Prize. Essays in British newspapers and journals complement your fiction.",Hisham Matar,1
Richard Powers,"You were born in 1958 in Oak Park, Illinois. After a childhood partly spent in Tokyo, you studied at the University of Michigan, starting in physics before turning to literature. You worked as a programmer and data analyst in Boston before publishing your first novel in the late 1980s. Your work knits together science, music, and technology through polyphonic structures, careful research, and a moral attention to connection and responsibility. Residences in Berlin and Ann Arbor shaped your perspective, and you have taught intermittently at a Midwestern university. Your books have received the National Book Critics Circle Award and a Guggenheim Fellowship.",Richard Powers,1
Pascale Quiviger,"You were born in 1970 in Quebec City. Trained in visual arts and art history, you first gained recognition as a painter before turning to fiction. In the late 1990s, you moved to Rome, later making your home in the United Kingdom, dividing your time between studio work and writing. Your novels and stories unite a painter’s attention to light and composition with reflective, carefully honed prose, exploring memory, exile, and the fragile architectures of intimate life. Widely translated, your work has earned a devoted readership. For your early books, you received the Prix Anne-Hébert and, subsequently, the Prix des libraires du Québec.",Catherine Leroux,0
James Salter,"You were born in 1927 in Boston, Massachusetts. After graduating from a military academy, you flew jet fighters in the Korean War, an experience that shaped your austere, exacting sense of fate. You left the service in the late 1950s and began the slow, meticulous career of a novelist and short-story writer, dividing your years between New York and Paris, with intervals in California writing for film. Your work is distinguished by compressed, luminous prose, an unsentimental gaze on desire and class, and an almost architectural attention to scene. You have received a Guggenheim Fellowship and the American Academy of Arts and Letters Award in Literature.",James Salter,1
Gaetan Soucy,"Born in 1961 in Trois-Rivières, Quebec, you trained in physics and philosophy before committing to fiction and teaching. Emerging in the mid-1990s, you quickly became a distinctive voice in francophone Canadian literature: your compact, disquieting novels probe damaged families and isolated communities through baroque yet controlled prose, unreliable narrators, and a rigorous moral intelligence. You divide your time between Montreal and the Mauricie, publish essays and stories, and your work has been translated into English and several European languages, earning international readership. Honors include the Prix des libraires du Québec and the Grand Prix du livre de Montréal. Colleagues and critics alike recognize the singular architecture and austere lyricism that mark your project.",Hervé Bouchard,0
Dana Spiotta,"You were born in 1967 in Montclair, New Jersey. Raised in Los Angeles from adolescence, you studied film and literature at UCLA before moving to New York, where you worked in postproduction and bookstores while writing at night. You are the author of two novels from a major press, and your work is known for formally agile structures, documentary fragments, and a precise ear for the cultural noise of late‑twentieth‑century America. Your fiction probes memory, music scenes, and political idealism with skepticism and empathy. A recipient of a Whiting Writers’ Award, you live in Brooklyn and occasionally teach in the graduate writing program at NYU.",Dana Spiotta,1
Bruce Wagner,"You were born in 1956 in Chicago, Illinois. After moving to Los Angeles as a teenager, you worked as a driver, location scout, and script reader before publishing fiction and writing for film and television. Your novels anatomize celebrity culture and its spiritual wreckage, blending baroque humor with moral severity and a chorus of intersecting voices. You are known for panoramic structures, prophetic monologues, and a guarded compassion for the fallen. Early acclaim led to the PEN Center USA Award for Fiction and a Guggenheim Fellowship. You live in Los Angeles, pursuing long-form projects and occasional essays.",Steve Erickson,0
Jess Walter,"You were born in 1966 in Tacoma, Washington. You came to fiction by way of journalism, spending a decade at a Northwest daily covering federal trials and extremist standoffs, work that honed your reportorial precision and skepticism toward official narratives. Your novels of the 2000s moved from crime‑inflected plots toward broader social satire, tracing ordinary lives through boom‑and‑bust economies, media spectacle, and political unease. Critics praise your blend of dark humor, moral clarity, and compassion for the working West, as well as your nimble shifts between suspense and intimate character study. You have been recognized with the Los Angeles Times Book Prize and the Pacific Northwest Booksellers Award.",Jess Walter,1
Sarah Waters,"You were born in 1968 in Swansea, Wales. Educated in English at the University of Bristol, you completed an MA at Sussex and a doctorate at the University of York on lesbian narratives in nineteenth-century popular culture. After moving to London, you lectured in literature and gender studies before turning full time to fiction in the late 1990s. Your novels, set largely in Victorian and Edwardian Britain, are distinguished by meticulous archival research, measured yet sensuous prose, and layered plots of secrecy, class tension, and desire, often centering women who resist constraint. Your work has received the Stonewall Book Award and the John Llewellyn Rhys Prize.",Sarah Waters,1
Carol Windley,"You were born in 1949 in Victoria, British Columbia. Raised on Vancouver Island and in the interior, you built a career as a short story writer and novelist, publishing in leading Canadian journals and releasing two collections and a novel with respected presses. After years of work in libraries and classrooms, you taught creative writing workshops and read widely across the West Coast. Your fiction is marked by luminous, economical prose, exacting attention to landscape, and quietly intricate portrayals of families in flux and the aftershocks of loss. You have won the Journey Prize and the CBC Literary Award for short fiction.",Holley Rubinsky,0
Mischa Berlinski,"You were born in 1975 in Berkeley, California. After studying comparative literature at a state university, you worked as a reporter in the Caribbean and later in Southeast Asia, settling for several years in Chiang Mai. Your first novel, published in the late 2000s, drew on your time among missionaries and anthropologists, marrying ethnographic curiosity with the pacing of investigative narrative. Critics noted your measured prose, moral gravity, and meticulous scene-building. Essays and reportage have appeared in American magazines and Thai newspapers. You continue to divide your time between teaching, freelance journalism, and fiction. Your debut was shortlisted for the PEN/Faulkner Award and earned you a Whiting Writers’ Award.",Jennifer Galt,0
David Chariandy,"You were born in 1971 in Vancouver, British Columbia, to parents who immigrated from Trinidad and Tobago. You grew up in East Vancouver, studied English literature at the University of British Columbia, and completed a doctorate at McGill University. You now teach contemporary literature at the University of Victoria and publish essays on diaspora and memory. Your fiction is distinguished by spare, attentive prose, intimate attention to family histories, and nuanced portrayals of race, class, and the suburbs. Your debut novel earned the Commonwealth Writers’ Prize for Best First Book (Canada and the Caribbean) and established you as a significant voice in Canadian letters.",David Chariandy,1
Charles D'Ambrosio,"You were born in 1960 in Portland, Oregon. Raised along the Columbia and later educated at the University of Oregon and the Iowa Writers’ Workshop, you built a career in short fiction and essays that appeared in The New Yorker, Harper’s, and The Paris Review. You have taught in Midwestern MFA programs, known for a rigorous, humane presence in the classroom. Your work dwells on damaged families, the economies of the coastal Northwest, and the moral weather of insiders turned outsiders, rendered in lucid, tensile prose. You have received a Guggenheim Fellowship and a Pushcart Prize, recognition that followed years of quiet, exacting craft.",Charles D'Ambrosio,1
Lydia Davis,"You were born in 1949 in New Haven, Connecticut. After studying French and comparative literature at Brown, you built a life between writing and translation, teaching intermittently while publishing compact story collections and essays. Your fictions, often only a paragraph or a page, draw on ordinary domestic scenes, stray observations, and the tensions of language itself; they are marked by precision, dry wit, and an almost scientific attention to syntax and thought. Your translations from French, including work by Flaubert and Proust, have broadened your audience and deepened your style. Honors include a Guggenheim Fellowship and a Lannan Literary Award.",Lydia Davis,1
Deborah Eisenberg,"You were born in 1946 in Evanston, Illinois. After studying at the University of Wisconsin, you moved to New York in the early 1970s, working intermittently in theater and publishing while developing the short stories that would define your career. Your work, often first appearing in The New Yorker and similar journals, is distinguished by exacting sentences, moral intelligence, and an unflinching awareness of social and political pressures beneath ordinary life. Several collections have cemented your reputation, and you have taught for years at New York University, guiding younger writers. Honors include the Rea Award for the Short Story and a Guggenheim Fellowship. You live in Manhattan.",Deborah Eisenberg,1
Joshua Ferris,"You were born in 1975 in Toledo, Ohio, and raised in the Midwest before studying literature at the University of Michigan, where you later earned an M.F.A. After several years as a copywriter in Chicago and New York, you turned that experience into fiction, debuting with a satirical, chorus-driven office novel that examined loyalty, fear, and the consolations of work. A second book followed, more intimate, tracing a marriage tested by an inexplicable condition. Your prose is noted for collective voice, mordant humor, and moral unease. You have received the Whiting Writers’ Award and the Los Angeles Times Art Seidenbaum Award for First Fiction.",Joshua Ferris,1
Barbara Gowdy,"You were born in 1953 in London, Ontario. After studying literature at the University of Western Ontario, you moved to Toronto, working as a copy editor and later an acquisitions editor while publishing reviews. Your first story collection in the late 1980s established your reputation for compassionate portraits of outsiders and for blending the uncanny with psychological detail. Subsequent novels expanded your range—from fractured families to the interior lives of animals—while maintaining moral seriousness. Your books are taught in Canadian literature courses. You have won a Commonwealth Writers' Prize for Best Book and the City of Toronto Book Award.",Barbara Gowdy,1
Mohsin Hamid,"You were born in 1972 in Karachi and spent your childhood between Pakistan and the Gulf before leaving for the United States to study at an Ivy League university, later completing a law degree. After several years in management consulting in New York and London, you returned to Pakistan to write fiction and essays. Your novels probe globalization, class, and the uneasy traffic between commerce and conscience, often using spare prose and unconventional narration—second-person address, confessional monologue—to stage moral ambiguity. Your work has reached readers worldwide and drawn critical notice, including a shortlist for the Man Booker Prize and the Guardian First Book Award.",Mohsin Hamid,1
Elizabeth Hay,"You were born in 1952 in Peterborough, Ontario, and came of age among lakes and long winters that later shaped your work. After university, you worked as a producer for CBC Radio in Whitehorse and Montreal, then spent several years in Mexico City and Washington, D.C., before settling in Ottawa to write full-time. Your career has moved from journalism and essays to acclaimed fiction, noted for spare, luminous prose, northern landscapes, and the intimate weather of families. Your narratives braid memory with place, the private with the public voice of radio. You have won the Rogers Writers’ Trust Fiction Prize and were a finalist for the Scotiabank Giller Prize.",Merilyn Simonds,0
Amy Hempel,"You were born in 1953 in St. Louis, Missouri, and raised in coastal California. After work in journalism and a stint in workshops with Gordon Lish, you emerged as a writer of taut, elliptical short stories built on implication and silence. Your pieces—attentive to animals, illness, and the precariousness of loyalty—appear in The Paris Review, Harper’s Magazine, and Best American Short Stories. You have taught in MFA programs at the University of Michigan and Sarah Lawrence College, and you volunteer in animal rescue. A recipient of a Guggenheim Fellowship, you are known for sentences pared to necessity and a steady moral gaze that finds resonance in the smallest gesture.",Amy Hempel,1
Denis Johnson,"You were born in 1951 in Stuttgart, Germany, the child of a diplomat, and spent your early years moving through Tokyo, Manila, and the American West. You came of age in the deserts of New Mexico, studied literature, and earned an MFA at the University of Arizona. Beginning as a poet, you went on to publish short stories, novels, and plays, as well as journalism from distant wars. Your prose is spare yet luminous, haunted by addiction, spiritual hunger, and the difficult mercy of redemption; your characters drift at society’s margins, glimpsing moments of violent clarity. You live in the Pacific Northwest, teach occasionally, and have been honored with the PEN/Faulkner Award.",Denis Johnson,1
Edward P Jones,"You were born in 1952 in Richmond, Virginia. Raised in Washington, D.C., you held office and research jobs while writing at night. Your first collection in the early 1990s traced working-class Black neighborhoods of the capital with unsentimental tenderness and exacting detail. A later historical novel widened the canvas to the antebellum South, probing power, kinship, and conscience with panoramic clarity. You publish slowly, teach intermittently, and keep close to the mid-Atlantic streets that ground your imagination. Your prose is measured, attentive to place and moral consequence, and your communities feel fully inhabited. You have received the National Book Award and the PEN/Faulkner Award.",Edward P. Jones,1
Lloyd Jones,"You were born in 1956 in Wellington, New Zealand. After studying at the University of Otago, you worked as a newspaper journalist before turning to fiction. Reporting assignments took you through Papua New Guinea, the Solomon Islands, and Fiji; those encounters inform work noted for lucid prose, moral urgency, and the mingling of history with fable. Often you write about island communities, the education of children, and the burdens of war and memory, favoring intimate narrators and a humane gaze. Your books have brought international attention, earning the Commonwealth Writers’ Prize (South East Asia and Pacific) and a shortlist for the Man Booker Prize.",Lloyd Jones,1
Ian McEwan,"Born in 1950 in Portsmouth, you spent parts of your childhood abroad as the child of a military family before studying English at the University of Bristol and completing a postgraduate degree at Lancaster University. You emerged in the mid-1970s with short stories noted for taut psychology and unsettling intimacy, then turned to novels that frame private lives within ethical and scientific dilemmas. Your prose is spare yet exacting; your narratives test responsibility, chance, and the consequences of secrecy. Alongside fiction you have written essays and screenplays and are a measured presence in public debate. Your work has earned the James Tait Black Memorial Prize and the Man Booker Prize.",Ian McEwan,1
Michael Ondaatje,"Born in 1945 in Kandy, Sri Lanka, you moved to London in your teens and by the mid-1960s made Toronto your home. Trained in literature, you began as a poet before turning to fiction and essays, while teaching and editing that helped cultivate new Canadian voices. Your work is marked by lyrical intensity, shifting perspectives, and a collage of history and memory that traces migrations, intimate violence, and fragile identity. You weave archival detail with a filmmaker’s eye for scene. Your books have earned the Commonwealth Writers’ Prize and the Trillium Book Award, and your influence endures across classrooms and festivals.",Michael Ondaatje,1
Heather O'Neill,"You were born in 1975 in Quebec City and raised in Montreal. After studying literature at Concordia University, you supported yourself with odd jobs while writing dispatches for the Montreal Gazette and essays for The Walrus and CBC Radio. Your 2005 debut novel brought national attention, followed by a short-story collection and continued work in magazines. Your fiction is marked by lyrical, incantatory prose, child and adolescent narrators, and a compassionate, unsentimental portrait of urban poverty and fragile family bonds, often touched by a quietly surreal imagination. You have received the Amazon.ca First Novel Award and the Quebec Writers’ Federation First Book Prize.",Heather O'Neill,1
Philip Roth,"You were born in 1934 in Elizabeth, New Jersey. Raised in a middle-class Jewish household, you studied literature at Rutgers and completed graduate work at Columbia, later teaching at Brandeis and New York University. You emerged in the early 1960s with audacious stories that scrutinized American identity and the uneasy bargains of assimilation. Over the decades, your novels, often voiced by self-questioning alter egos, braid corrosive comedy with moral seriousness, probing desire, illness, and the distortions of public scandal. Rooted in the urban Northeast yet restlessly national in scope, your work is formally agile and intellectually combative. You have received the National Book Critics Circle Award and the PEN/Faulkner Award.",Philip Roth,1
Jim Shepard,"You were born in 1957 in New Haven, Connecticut. After studying literature at Amherst College and earning an M.F.A. from the Iowa Writers’ Workshop, you began publishing novels and story collections on subjects from polar expeditions to nuclear testing. Your fiction is marked by meticulous research, spare, exacting sentences, and unsentimental empathy for people caught in the gears of history. Stories have appeared in Harper’s, The New Yorker, The Paris Review, and Best American Short Stories. You teach at Middlebury College, where you are known for rigorous seminars. Honors include a Guggenheim Fellowship and the Whiting Writers’ Award.",Andrea Barrett,0
MG Vassanji,"You were born in 1951 in Tanga, Tanzania, and raised in a Gujarati-speaking community. In the 1970s you left East Africa to study physics in the United States, completed a doctorate, and settled in Toronto, balancing research with the beginnings of a literary life. Since the late 1980s your novels have traced the migrations of East African Asians, the entanglements of memory and history, and the moral aftershocks of decolonization. Your prose is measured and archival, attentive to family lore and political rupture alike. You co-edited a forum for South Asian writing in Canada, and your work has earned the Rogers Writers’ Trust Fiction Prize and the Commonwealth Writers’ Prize.",M. G. Vassanji,1
Alissa York,"You were born in 1972 in Medicine Hat, Alberta, and came of age on the Prairies before settling in Toronto. After working as a bookseller and editor, you began publishing stories in The Malahat Review, Grain, and The Fiddlehead, then moved to the novel. Your fiction is marked by lucid, tactile prose; a deep engagement with animal life and landscape; and patient, historically informed storytelling that traces fragile communities at the city’s edges. You have received the CBC Literary Award for short story and the Danuta Gleed Literary Award for your debut collection. You continue to write and teach, balancing meticulous research with an unwavering attention to compassion.",Alissa York,1
Aravind Adiga,"You were born in 1975 in Kochi, India. After schooling in Kerala and Mumbai, you studied economics at Columbia University and completed a master’s at Cambridge. You worked as a reporter and critic for The Economist and Time, covering business and politics across South Asia, before returning to India to write fiction. Your prose blends reportage with unsentimental social scrutiny, dark wit, and propulsive first-person narration, probing ambition, inequality, and the moral costs of rapid growth. Your debut novel, published in 2007, drew wide attention and won the Commonwealth Writers’ Prize for Best First Book in 2008.",Aravind Adiga,1
Kate Christensen,"You were born in 1964 in Santa Cruz, California. Raised in Albuquerque and coastal Maine, you studied literature at Brown University and earned an MFA from the Iowa Writers’ Workshop before settling in Brooklyn. After early work as an editor and reviewer, you built a career as a novelist and essayist, publishing urban comedies of manners distinguished by sharp psychological acuity, sensual attention to food and art, and women’s voices navigating friendship, work, and desire. Your essays have appeared in The New York Times and Food & Wine. Honors include a 2004 Whiting Writers’ Award and a 2008 Guggenheim Fellowship.",Kate Christensen,1
Anthony De Sa,"Born in 1969 in Mississauga, Ontario, you grew up between a Portuguese household and Toronto’s west-end streets. After studying literature at the University of Toronto and training as a teacher, you taught in public schools while writing fiction that maps immigrant memory onto the city’s history. Your work is marked by spare, lyrical prose, moral clarity, and close attention to working-class lives from Lisbon to Little Portugal. Early stories and a debut collection brought national attention, leading to festival invitations and translation abroad. You have worked from community archives and oral histories, and your book earned the Toronto Book Award.",Anthony De Sa,1
Annie Dillard,"You were born in 1947 in Cleveland, Ohio. After a childhood shaped by church and walks along Lake Erie, you studied English at a Virginia liberal-arts college and completed graduate work in religion. Early essays in Harper’s and The Atlantic led to books that braid field observation with metaphysical inquiry and precise, lyric prose. You have taught at small colleges and kept a modest public profile. Your work dwells on patience, the moral weight of seeing, and the strangeness of the ordinary. You have received a National Book Critics Circle Award. You now divide your time between Vermont and Washington State.",Annie Dillard,1
Marina Endicott,"Born in 1959 in Victoria, British Columbia, you grew up between the coast and the Maritimes before settling on the Prairies. After years in theatre: acting, directing, and stage-managing, and a period producing arts features for CBC Radio, you turned to fiction. Your novels and stories examine moral responsibility within families and small communities, marrying precise observation with understated wit. Music, performance, and the rhythms of work recur in your settings, often Saskatoon and rural Saskatchewan, with forays to Atlantic Canada. You teach and serve as writer-in-residence across the West. Your work has received the Rogers Writers’ Trust Fiction Prize and the Georges Bugnet Award for Fiction.",Lynn Coady,0
Amitav Ghosh,"You were born in 1957 in Cuttack, India. Trained in history at Presidency College and in anthropology at Jawaharlal Nehru University and SOAS, you moved between journalism and academia, later teaching in New York. Your fiction, written in English, fuses archival depth with lyrical clarity, tracking the entanglements of empire, migration, and commerce across the Indian Ocean. Polyphonic structures, multilingual cadences, and scrupulous attention to place distinguish your work, as do your essays on history and memory. Your books have earned international readership, and you have received the Commonwealth Writers’ Prize and the Padma Shri. You divide your time between India and the United States.",Amitav Ghosh,1
Linda Grant,"You were born in 1953 in Manchester to Jewish immigrant parents. After studying English at a redbrick university, you became a reporter for national newspapers, later a columnist and feature writer known for essays on clothes, urban life, and politics. Your novels, shaped by precise observation and a scrupulous moral intelligence, trace postwar migration, the residues of European catastrophe, and the private economies of memory; your non-fiction blends reportage with cultural history. You moved to London, dividing your time between journalism and fiction, and have read widely at festivals and taught occasional seminars. Your work has received the Costa Book Award for the Novel and the Jewish Quarterly–Wingate Prize.",Linda Grant,1
Aleksandar Hemon,"You were born in 1967 in Mostar, then Yugoslavia. After arriving in New York in 1992 for a temporary program, you remained as war consumed your city, learned English quickly, and began publishing short stories and essays. Your fiction, marked by inventive language, shifting perspectives, and an ethical attention to exile, memory, and historical violence, blurs reportage and imagination while sustaining dark, unsentimental humor. Across stories and a novel, you have earned a reputation for formal daring and moral clarity. Your work has received a Whiting Writers’ Award and an NEA Literature Fellowship, and continues to appear in leading American magazines and in translation abroad.",Aleksandar Hemon,1
Philip Hensher,"You were born in 1964 in Reading, Berkshire. After studying English at Oxford and completing doctoral work on eighteenth-century prose, you moved from academia into journalism and fiction, becoming a regular critic for the Guardian while lecturing in creative writing at the University of East Anglia. Your novels chart the textures of British life with meticulous social observation and broad political reach, alternating between intimate domestic canvases and historically expansive narratives set beyond Britain. A clear, exacting style and architectural plotting distinguish your work. You have received the Betty Trask Award and the Encore Award.",Adam Mars-Jones,0
Rachel Kushner,"You were born in 1969 in Seattle, Washington, and grew up on the West Coast before moving to New York. After studying comparative literature at UC Santa Cruz and cultural theory at New York University, you worked in the art world, editing and writing for publications such as Artforum and The Believer. Your fiction, grounded in rigorous research, traces the entanglement of political upheaval, avant-garde scenes, and global capital, often following women who navigate risk, velocity, and self-invention across continents. Your debut novel, published in 2009, earned the Whiting Writers’ Award and was a finalist for the PEN/Hemingway Award. You live in Brooklyn, where you continue to write criticism and fiction.",Rachel Kushner,1
David Leavitt,"Born in 1962 in New Haven, Connecticut, you came of age on the East Coast and studied literature before emerging in the early 1980s with short stories in major magazines. Your subsequent novels and collections examine family secrecy, sexuality, and moral ambiguity with spare, exacting prose and a classical sense of structure. Moving between American suburbia and Europe, you cultivate intimate portraits of intellectual life and private longing. You have taught in university writing programs and split your time between New York and Rome. Among your honors are a Whiting Writers' Award and a Lambda Literary Award.",Sigrid Nunez,0
Peter Matthiessen,"You were born in 1929 in Boston, Massachusetts. After college and a stint in the Navy, you drifted to Paris, where you helped launch a little magazine that drew writers across the Atlantic. Returning to the United States, you worked as a fisherman and field naturalist, then turned to books that braid reportage, travel, and a spare, meditative prose. Your journeys—from the Himalaya to the Everglades and remote coasts—frame inquiries into wilderness, justice, and the costs of ambition. A longtime Zen practitioner, you write with austere clarity and moral gravity. Your work has earned the National Book Award and the John Burroughs Medal.",Peter Matthiessen,1
Ron Rash,"You were born in 1956 in Johnson City, Tennessee, and raised in the Blue Ridge foothills. After earning degrees at East Tennessee State University and the University of North Carolina at Greensboro, you taught literature at Appalachian State University, writing across poetry, stories, and novels. Your work is distinguished by spare lyricism, historical resonance, and an unflinching gaze at the Appalachian South—its rivers and mill towns, the legacies of logging and textiles, and the stubborn bonds of family. You have been honored with an O. Henry Prize and the Thomas Wolfe Memorial Literary Award, and your books explore hard reckonings tempered by moments of hard-won grace.",Ron Rash,1
Nino Ricci,"You were born in 1961 in Windsor, Ontario, to Italian immigrants. After studying literature at the University of Toronto and completing graduate work in creative writing at Concordia University, you lived for periods in southern Italy, experiences that shaped your fiction. Your early novels formed a loose trilogy tracing a family's passage from a Calabrian village to urban Canada, noted for restrained prose, moral nuance, and precise attention to faith, migration, and memory. You have taught writing and taken part in PEN Canada initiatives while remaining based in Toronto. Your debut won the Governor General’s Award for Fiction, and a later book received the Rogers Writers’ Trust Fiction Prize.",Nino Ricci,1
David Adam Richards,"You were born in 1951 in Bathurst, New Brunswick, and raised by the Nepisiguit River, where the mill’s whistle marked your early years. After a brief stay at the University of New Brunswick, you left to write full-time, publishing stories and novels that return to northern communities shaped by poverty, faith, and hard loyalty. Your prose is spare and exacting, driven by moral inquiry and a Catholic sensibility that resists sentimentality while refusing despair. You have written fiction and essays, championing those silenced by class and circumstance. Your work has received the Rogers Writers’ Trust Fiction Prize and the Thomas Head Raddall Atlantic Fiction Award.",David Adams Richards,1
Salvatore Scibona,"You were born in 1976 in Erie, Pennsylvania. After studying literature at Kenyon College and earning an MFA at Columbia, you spent seasons in Sicily and the American Midwest, then settled into a rhythm of teaching and writing, with residencies at MacDowell and Yaddo. Your debut novel, published in 2008, established your reputation for choral narratives, taut sentences, and moral gravity. Your work probes immigrant neighborhoods and postindustrial shorelines, tracing the long reach of loss across families and time. Stories in Harper’s and Tin House have broadened your readership. You have been honored with a Whiting Writers’ Award and an O. Henry Prize, recognitions that affirmed a patient, exacting craft.",Salvatore Scibona,1
Fred Stenson,"You were born in 1954 in Lethbridge, Alberta. After studies at the University of Alberta, you turned to documentary film and journalism, experience that grounds your fiction. Your novels trace the Canadian West through settlement and industry, attentive to the compromises of ambition, the pressures of land and weather, and family entanglements. Meticulous research, sweeping scenes, and plainspoken lyricism distinguish your style. Alongside your books, you have scripted films and mentored writers at The Banff Centre. Your work has received the Georges Bugnet Award for Fiction and the City of Calgary W.O. Mitchell Book Prize.",Fred Stenson,1
Mary Swan,"Born in 1961 in Kingston, Ontario, you studied history and worked as an archival researcher before turning to fiction. Your early short stories appeared in Canadian and American journals, and a novella earned you the O. Henry Prize. Your debut novel, widely praised, was shortlisted for the Governor General’s Award for Fiction. Your work is marked by precise, restrained prose, braided points of view, and a measured attention to the reverberations of war and family secrecy, often unfolding in small-town settings. You live in Ontario, where you continue to write and to mentor emerging writers.",Steven Heighton,0
Steve Toltz,"You were born in 1974 in Melbourne, Australia. After studying literature at the University of Melbourne, you worked as a copywriter and on film crews, living for periods in Sydney, London, and New York. Your debut novel appeared in 2008 to international attention, noted for its sprawling, comic-philosophical voice, dense digressions, and an unsentimental portrait of family, ambition, and civic misrule. Your prose blends mordant humor with moral inquiry and a ceaseless curiosity about failure and fate. The book was longlisted for the Man Booker Prize and won the UTS Glenda Adams Award for New Writing. You continue to write fiction and occasional screen material between Australia and the United States.",Steve Toltz,1
AS Byatt,"You were born in 1935 in Leeds, and educated at Newnham College, Cambridge, then at Oxford, where you completed postgraduate work in English literature. After lecturing at a London college, you turned fully to fiction and criticism, developing an erudite prose that interlaces myth, science, and art history with attentive readings of Victorian texts. Your novels often pair scholarly inquiry with intimate narratives of desire and discovery, while your essays examine the moral reach of the imagination. Over five decades you have published widely, balancing narrative ambition with intellectual precision. Your work has been recognized with the Whitbread Novel Award and the James Tait Black Memorial Prize.",A.S. Byatt,1
Sarah Shun-lien Bynum,"You were born in 1974 in Austin, Texas. Raised in Southern California, you studied literature at the University of California, Berkeley, and earned an MFA from the Iowa Writers’ Workshop. After early work in magazines, you turned to fiction, publishing a debut novel to wide notice and, later, a linked suite of stories. You teach creative writing at a small New England college. Your fiction draws on fairy-tale structures and classroom worlds to examine adolescence, uncertainty, and the porous boundary between imagination and ordinary life; your sentences are precise yet luminous, attentive to the quietly comic. Your honors include a Whiting Writers’ Award and a finalist citation for the PEN/Faulkner Award for Fiction.",Karen Russell,0
Bonnie Jo Campbell,"You were born in 1964 in Grand Rapids, Michigan, and raised on a small farm where chores and riverbanks shaped your sense of place. After studying mathematics at the University of Michigan, you worked a string of practical jobs and led long-distance bicycle trips before turning to fiction, earning an MFA and settling in the lower peninsula. Your stories and novels trace the hardscrabble lives of Midwestern workers and survivors, especially women, rendered with precise physical detail, moral clarity, and unsentimental compassion. Teaching intermittently, you publish in leading journals. Your work has received a Pushcart Prize and a Whiting Writers’ Award.",Bonnie Jo Campbell,1
Susan Choi,"You were born in 1970 in Evanston, Illinois, and raised in Texas after your family moved south. You studied literature at Harvard and completed an MFA at the University of Michigan, then worked as a researcher at Harper’s Magazine in New York before turning to fiction full-time. Across three novels, your work probes identity, secrecy, and institutional power, often situating private lives within charged political or academic settings. Your prose is exacting yet restless, favoring layered structures, shifting perspectives, and moral inquiry over easy resolution. You have received a Whiting Writers’ Award and a Guggenheim Fellowship, and you continue to teach and write in New York.",Nathan Englander,0
JM Coetzee,"Born in 1942 in Port Elizabeth, South Africa, you studied mathematics and English before completing a doctorate in linguistics in the United States. You taught in New York and later at a university in Cape Town, then resettled in Australia in the early 2000s, where you continue to write and teach. Your fiction—spare, exacting, and morally attentive—tests authority and complicity, setting private lives against historical pressure. Autobiographical narratives and essays probe language, cruelty, and the claims of conscience, with a sustained concern for animals and the limits of empathy. Your work has earned major recognition, including the Neustadt International Prize for Literature.",J.M. Coetzee,1
Michael Crummey,"You were born in 1967 in Grand Falls-Windsor, Newfoundland and Labrador. Raised on the northeast coast, you studied English at Memorial University and completed graduate work at Dalhousie before turning to writing full time. You began with poetry and short fiction rooted in outport life and Labrador histories, then moved to novels in the mid-2000s. Your work is marked by austere, lyrical prose, an exacting sense of place, and narratives that braid folklore with archival fact, tracing communities pressed by weather, faith, and trade. You teach across Atlantic Canada. Your books have received the Atlantic Poetry Prize and the Thomas Head Raddall Atlantic Fiction Prize.",Michael Crummey,1
Kim Echlin,"You were born in 1957 in Kingston, Ontario. After studies in comparative literature at McGill and a doctorate on oral storytelling at the University of British Columbia, you worked as a producer at CBC Radio and taught creative writing at Concordia. Your novels trace the crossings of love and history, marrying lyrical, economical prose with myth, music, and testimony. Fieldwork in Southeast Asia and the Balkans informs your portraits of political violence and its aftermath, while your translations and essays extend this conversation beyond fiction. You have received the Toronto Book Award and a CBC Literary Award, and your work is widely translated.",Madeleine Thien,0
Adam Foulds,"You were born in 1975 in Guildford, Surrey. After reading English at Cambridge, you completed a writing degree at Royal Holloway and began a career that moves between fiction and narrative poetry. Your early novel introduced your fascination with unsettled minds and unlikely communities; a subsequent long poem, set amid colonial turmoil, refined your austere lyricism and moral intensity. A later historical novel drew wide acclaim for its precise evocation of landscape and the inner weather of its characters. You are known for compressed, musical prose, careful research, and empathy without sentimentality. Your work has been recognized with the Somerset Maugham Award.",Fiona Mozley,0
Annabel Lyon,"You were born in 1972 in Kingston, Ontario, and grew up on the Pacific coast. After studying philosophy and music at the University of British Columbia, you turned to writing, publishing short fiction and essays before a breakout historical novel set in classical Greece. Your work is distinguished by economical prose, intellectual rigor, and a precise dramatization of mentorship, power, and moral choice, grounded in meticulous research. You teach and mentor emerging writers while continuing to contribute to Canadian journals. Your debut earned the Ethel Wilson Fiction Prize and the Commonwealth Writers’ Prize (Canada and Caribbean) for Best First Book, alongside shortlistings for major national honours.",Annabel Lyon,1
Linden MacIntyre,"You were born in 1944 in Bonavista, Newfoundland and Labrador. Raised in a coastal Catholic household and later in Cape Breton, you built a career in journalism before turning to fiction. After reporting for regional newspapers and CBC Radio, you became a familiar presence on national television, hosting a leading investigative current affairs program. Your fiction draws on Atlantic communities shaped by migration, labour, and the church, marked by spare, precise prose and moral inquiry sharpened by reporting. You balance skepticism with compassion, mapping the costs of secrecy and loyalty. Your work has earned the Rogers Writers’ Trust Fiction Prize and a Gemini Award, and you continue to write and report from Toronto and Nova Scotia.",Linden MacIntyre,1
Hilary Mantel,"You were born in 1953 in Stockport, England. Raised in a Catholic household, you studied history at the University of Manchester before working in a legal aid office and, later, as a literary critic. Years spent in Nigeria and Kuwait sharpened your sense of power, exile, and the fragility of social order. Your novels move between the contemporary and the rigorously reimagined past, favoring chambers over battlefields and the morally charged interiority of statesmen and strivers. An extended illness refined your attention to the body and will. A revisionist Tudor novel brought wide recognition, followed by essays and stories for national journals. Your honors include the James Tait Black Memorial Prize and the Somerset Maugham Award.",Hilary Mantel,1
Simon Mawer,"You were born in 1951 in Manchester, England. After studying biochemistry at the University of Cambridge, you taught biology in British and international schools, later spending long periods in Italy and Central Europe. Your fiction fuses genetics with twentieth-century history, noted for lucid, restrained prose, architectural motifs, and an unsentimental concern with moral choice, exile, and memory. You have published acclaimed novels and short stories and lecture on literature and science. Your work has been recognized with the McKitterick Prize and the James Tait Black Memorial Prize. You now divide your time between Rome and Prague, continuing to write.",Simon Mawer,1
Colin McAdam,"You were born in 1972 in Singapore to Canadian parents and spent your childhood in Europe and the Caribbean before settling in Canada. You studied literature at Queen’s University and completed graduate research at the University of Oxford, then worked in publishing while developing your first novel. A second book followed in 2009. Your fiction probes desire, class, and the tensions of institutional life, often through inventive points of view and exacting, musical prose. Based in Ottawa, you examine public and private power with restraint and moral clarity. Your work has earned the Ottawa Book Award and the Rogers Writers’ Trust Fiction Prize.","I cannot identify a real author who precisely matches all the details provided in this fictionalized biography. The combination of ""Born in 1972 in Singapore to Canadian parents,"" having studied at ""Queen’s University and completed graduate research at the University of Oxford,"" being ""Based in Ottawa,"" and having won ""the Ottawa Book Award and the Rogers Writers’ Trust Fiction Prize,"" appears to be a unique set of circumstances that does not correspond to any readily identifiable prominent Canadian author in public records.

It is possible that the ""fictionalized"" aspect of the biography involves one or more of these very specific details being altered, making a direct identification impossible through general search methods.

However, if forced to provide a name, and acknowledging the high degree of fictionalization implied, I cannot confidently guess.",0
Colum McCann,"You were born in 1966 in Cork, Ireland. You began as a young reporter for a national daily, then spent years traveling across Europe and the United States before settling in New York City in the mid-1990s. Your fiction, noted for lyrical compression and polyphonic structure, interlaces ordinary lives with public history, moving between Ireland, America, and Eastern Europe. You are drawn to voices at the margins and to the quiet hinge-moments that change a city’s weather. Several novels and story collections have secured international readership; you lecture widely and teach creative writing in New York. Honors include the PEN/Faulkner Award and the Rooney Prize for Irish Literature.",Colum McCann,1
Anne Michaels,"You were born in 1960 in Montreal, Quebec. Raised between languages and histories, you began as a poet in the 1980s, publishing widely and teaching creative writing at the University of Toronto. Your transition to fiction brought a first novel in the late 1990s and a second a decade later, each marked by painstaking research and a lyric attention to memory, exile, and the moral weight of history. Your sentences carry a poet’s compression; images return like recurring motifs in music. Landscape, architecture, and science anchor private grief. You have received the Griffin Poetry Prize and the Scotiabank Giller Prize, and your work is taught across Canada and abroad.",Dionne Brand,0
Daniyal Mueenuddin,"You were born in 1964 in Boston, Massachusetts, to a Pakistani father and an American mother, and spent childhood years between Lahore and a family farm in southern Punjab. Educated at Princeton and Harvard Law, you worked as a corporate lawyer in New York before returning to Pakistan to manage orchards and write. Your fiction, often set amid landowners, servants, and lawyers, is marked by spare, patient prose and an unsentimental eye for patronage and class, linking private fates to rural economies. Stories have appeared in the New Yorker and Granta, and your 2009 debut collection drew international notice. You have received a Whiting Writers’ Award and an O. Henry Prize.",Daniyal Mueenuddin,1
Alice Munro,"You were born in 1932 in Goderich, Ontario. After studying English at the University of Toronto, you left to marry and moved to Vancouver, British Columbia, working in a bookshop while raising a family. Returning later to southwestern Ontario, you built a career in short fiction, publishing in Canadian magazines and The New Yorker. Your stories, set largely in small towns and farm country, are marked by lucid understatement, shifting timelines, and an exacting moral intelligence, particularly in depicting the inner lives of women and the residue of memory. You have received the Scotiabank Giller Prize and remain devoted to the short story form.",Alice Munro,1
Joseph O'Neill,"You were born in 1966 in Galway, Ireland, to an Irish father and Turkish mother. Raised in Istanbul and The Hague, you studied law at Oxford and practiced as a barrister in London before relocating to New York. Your fiction and nonfiction follow migration, family history, and post-9/11 urban life; attentive to class and sport—especially football—as social grammar, your prose marries forensic clarity to lyrical restraint. After early novels and a memoir, a breakout work drew wide notice and won the James Tait Black Memorial Prize and the Kerry Group Irish Novel of the Year. You teach and publish essays in journals.",Joseph O'Neill,1
Richard Price,"You were born in 1951 in Jersey City, New Jersey. Raised in working‑class neighborhoods, you studied sociology at Rutgers before earning an MFA at New York University. Your early novels brought you rapid attention for unsentimental portraits of urban life, and your career expanded to screenwriting and consulting on acclaimed crime dramas for film and cable television. Your work is distinguished by exacting reportage, morally ambivalent characters, and dialogue that captures the cadences of Northeastern streets without resorting to caricature. You have taught occasional workshops, but your focus remains long-form fiction rooted in contemporary cities. Your honors include an Edgar Award and a Guggenheim Fellowship. You live in New York City.",Richard Price,1
Kate Pullinger,"You were born in 1962 in Vancouver, British Columbia. After relocating to London in the late 1980s, you built a career as a novelist and short-story writer while pioneering digital fiction that merges text, sound, and image. Your work often examines migration, intimacy, and class, moving between historical settings and contemporary urban life with restrained prose and careful attention to voice. You have taught creative writing at the University of East Anglia and collaborated with artists and programmers on networked narratives. Your books and digital projects have earned wide recognition, including the Commonwealth Writers’ Prize (Canada and the Caribbean) for Best Book.",Kate Pullinger,1
Sherman Alexie,"You were born in 1968 in Missoula, Montana, and grew up on the Flathead Reservation. A member of the Confederated Salish and Kootenai Tribes, you left to attend the University of Montana, later settling in Portland. Beginning as a poet, you expanded into short fiction and novels, bringing comic bite and moral gravity to stories that traverse reservation roadways and city streets. Your work is distinguished by rapid-fire dialogue, tender scrutiny of family bonds, and an unflinching view of history’s burdens on contemporary Native life. Widely taught and performed, you have received a Whiting Writers’ Award and been a PEN/Hemingway finalist.",Sherman Alexie,1
Sandra Birdsell,"You were born in 1944 in Dauphin, Manitoba, to a Mennonite mother and a Métis father. After years in Winnipeg and Regina, you turned from clerical and advertising work to fiction, building a career from short stories to acclaimed novels that map Prairie histories and the fractures of migration. Your prose is unsentimental yet lyrical, attentive to weather, memory, and the tenuous bonds of kin. You braid Mennonite remembrances with the public record—pogroms, displacement, floods—without sacrificing intimate character studies. Widely taught, you have mentored emerging writers across the Prairies. Your honors include the Marian Engel Award and the McNally Robinson Book of the Year.",Sandra Birdsell,1
Peter Carey,"You were born in 1946 in Ballarat, Victoria. After early work in advertising in Melbourne, you began publishing short fiction and moved into novels that reimagined Australia’s colonial past with exuberant wit and moral gravity. A period in London preceded your relocation to New York in the early 1990s, where you continue to write and teach in a graduate writing program. Your books are distinguished by agile, inventive structures, a satiric edge toward authority, and a voice that fuses vernacular energy with high-art play. Your international reputation rests on major prizes, including the Booker Prize and the Commonwealth Writers’ Prize.",Peter Carey,1
Emma Donoghue,"Born in 1970 in Cork, Ireland, you left for graduate study in English at Oxford before settling in Montréal in the late 1990s. Since your early twenties you have built a dual career as novelist and playwright, publishing fiction noted for rigorous historical research and for contemporary stories that probe family bonds, secrecy, and power. Your trademark is the charged intimacy of confined settings, rendered in precise, compassionate prose and grounded in meticulous archival work. Alongside essays and radio drama, your novels have earned a devoted readership and critical recognition, including the Stonewall Book Award and a Lambda Literary Award.",Emma Donoghue,1
Damon Galgut,"You were born in 1965 in Port Elizabeth, South Africa. Raised amid the last years of apartheid, you studied drama at the University of the Witwatersrand before turning to fiction and occasional playwriting. Publishing your first novel in your early twenties, you have since built a steady body of work marked by austere, lucid prose, moral unease, and the quiet pressure of history on intimate lives. Your narratives often trace travellers and exiles through South African landscapes and farther afield, attentive to shifting loyalties and the failures of empathy. Your fiction has received the Sunday Times Fiction Prize and the M-Net Literary Award.",Damon Galgut,1
Jaimy Gordon,"Born in 1945 in Washington, D.C., you came of age amid the ferment of postwar American letters. After a B.A. at Bard College and an M.A. at Johns Hopkins University, you built a career that paired demanding, language-driven novels with devoted teaching at Wayne State University. Your work, emerging in the 1970s and maturing across subsequent decades, is marked by baroque sentences, dark wit, and a compassionate gaze toward shabby, working-class worlds—carnivals, backstretch towns, and other provisional communities. You return obsessively to risk, desire, and stubborn dignity. Your honors include a National Endowment for the Arts Literature Fellowship and a Pushcart Prize.",Charles Baxter,0
Drew Hayden Taylor,"You were born in 1965 in Wikwemikong, Ontario. Raised in an Anishinaabe community, you developed a voice that merges sharp wit with measured social critique. After studying theatre and English in Toronto, you worked as a playwright, essayist, and novelist, writing for stage, television, and print while mentoring emerging Indigenous artists. Your work foregrounds contemporary First Nations life, cross-cultural encounter, and the tensions between community tradition and urban modernity, often using humor to reveal complex ethics. Your plays have toured nationally, your fiction is taught in universities, and you have received a Dora Mavor Moore Award and the Chalmers Canadian Play Award.",Drew Hayden Taylor,1
Howard Jacobson,"You were born in 1943 in Leeds, raised in a Jewish household attentive to comedy and argument. After reading English at Oxford and teaching in Australia and the Midlands, you settled in London as a novelist, essayist, and broadcaster. Your work fuses erudite wit with moral inquiry, anatomising desire, embarrassment, and the burdens of identity, and often satirises academic and media pretensions. Your prose is exacting, aphoristic, and steeped in literary history. Beyond fiction, you contribute a regular column to the Guardian and publish criticism. Among honours, you have won the Bollinger Everyman Wodehouse Prize and the James Tait Black Memorial Prize.",Howard Jacobson,1
Barbara Kingsolver,"You were born in 1957 in Roanoke, Virginia. Raised in the Blue Ridge, you trained as a biologist before turning to journalism and fiction. Field seasons in Mexico and the American Southwest sharpened your focus on ecological interdependence and social justice. Your novels and essays braid scientific clarity with intimate, multi-voiced storytelling, attentive to working-class lives, migration, land stewardship, and resilient communities. You have written widely for national magazines and championed local food and public literacy. Settled in northern New Mexico, you continue to teach, lecture, and publish across genres. Your work has been recognized with the Dayton Literary Peace Prize and a PEN Center USA Award.",Barbara Kingsolver,1
Nicole Krauss,"Born in 1976 in Brooklyn, New York, you grew up in a Jewish household and studied literature at Columbia before a Fulbright year in London. You began as a poet, then turned to novels that braid voices, letters, and memory. Your debut appeared in 2003; a second novel in 2006 broadened your audience, and a recent work deepens your preoccupations with diaspora, inheritance, and postwar history. Your fiction is noted for moral seriousness, formal elegance, and attention to how private lives intersect with events. You have received the Whiting Writers’ Award and the Rona Jaffe Foundation Writers’ Award, and you live in Brooklyn.",Nell Freudenberger,0
Andrea Levy,"You were born in 1958 in Hackney, London, to parents who migrated from Barbados in the post-war years. After studying graphic design and working in community arts, you began writing in your thirties. Your novels and stories chart the crossings between the Caribbean and Britain, attentive to class, race, and the legacies of empire. You favor polyphonic structures, measured wit, and close social detail, giving voice to ordinary lives. Earlier books traced second-generation experience in late-20th-century London; more recent work turns to 19th-century plantation history and its aftermath. You have received the Commonwealth Writers’ Prize for Best Book, and your work is widely taught.",Bernardine Evaristo,0
Alexander MacLeod,"Born in 1973 in Antigonish, Nova Scotia, you came of age on the Atlantic coast before studying literature at St. Francis Xavier and McGill, and completing graduate work at the University of Toronto. You now teach in Halifax, balancing scholarship with fiction that has appeared in leading Canadian journals. Your stories are marked by meticulous structure, clear-eyed moral attention, and an unsentimental focus on labour, family, and the body under pressure, often set between the Maritimes and industrial southern Ontario. A debut collection from a Canadian press has earned wide notice. Your work has been recognized with the Journey Prize and a National Magazine Award.",Alexander MacLeod,1
Tom McCarthy,"You were born in 1971 in Bristol, England. After reading English and philosophy at Cambridge, you settled in London, working in community radio and collaborating with artists on installations. Your fiction and criticism probe systems of communication, accident, and memory, fusing archival research with rigorous formal design. Technical vocabularies of engineering, finance, and telecommunications thread through your sentences, which favor recursion and precise cadence over confession. You have translated contemporary French theory and curated symposia linking literature to media archaeology. Your work has appeared in journals and galleries, and an early novel earned the Somerset Maugham Award, confirming your reputation in Britain’s experimental prose.",Tom McCarthy,1
Lorrie Moore,"You were born in 1958 in Rochester, New York. After earning a B.A. at SUNY Geneseo and an M.F.A. at Syracuse, you built a career in short fiction and the novel, publishing in The New Yorker, Harper’s, and other journals. Since the late 1980s you have taught at the University of Minnesota, where your workshops are exacting and generous. Your stories braid mordant humor with lyric precision, wordplay with moral restlessness, tracing the bruised comedy of love, family, and American solitude. You have received a Whiting Writers’ Award and a Guggenheim Fellowship, and your work remains a touchstone for younger writers and attentive readers.",Julie Schumacher,0
Sarah Selecky,"You were born in 1975 in Sudbury, Ontario. After studying English at Queen’s University and attending the Banff Centre’s Writing Studio, you settled in Toronto, where you teach and write. Your short fiction has appeared in The Walrus and The Malahat Review, noted for clear, exacting prose, measured humor, and close observation of friendship, class, and the rituals of everyday life. Your debut collection has brought national notice. Honors include being a finalist for the Journey Prize and longlisted for the Scotiabank Giller Prize. Your work is marked by restraint, moral nuance, and the quiet intensities of ordinary moments.",Pasha Malla,0
Lionel Shriver,"You were born in 1958 in Raleigh, North Carolina. After studying literature, you left the United States, spending long stretches in Dublin and Nairobi before making a home in London. Your novels probe uneasy domestic bonds and the unintended consequences of choice, often through coolly unsentimental narrators and meticulous social observation. A breakthrough book about parental ambivalence and violence brought a wide readership, cementing your reputation for moral rigor and provocation. You have published both journalism and fiction, favoring exacting prose over sentiment. For one of these novels, you received the Costa Novel Award.",Lionel Shriver,1
Johanna Skibsrud,"You were born in 1981 in Halifax, Nova Scotia. You grew up along the Atlantic coast, studied English at Dalhousie and completed an MA at Concordia before working in Montreal and the United States as a teacher and editor. Beginning with two slim collections of poetry and a debut novel from a small Canadian press, your work is marked by lucid, lyrical prose, an ethic of attentiveness, and sustained inquiries into memory, intergenerational debt, and the legacies of war. You have read widely across Canada and abroad. Your fiction has been shortlisted for the Scotiabank Giller Prize, and your poetry received a CBC Literary Award.",Johanna Skibsrud,1
Dianne Warren,"You were born in 1953 in Saskatoon, Saskatchewan. Raised on the prairie, you studied English at the University of Saskatchewan and remained in the province, combining editorial work and community arts with a steady practice of fiction. Beginning with short stories and later turning to novels, your writing is marked by spare, unsentimental prose, quiet humor and patient attention to the ties between land and family in small Western communities. Critics note your talent for interwoven narratives and the dignity you grant ordinary lives. You have received a Saskatchewan Book Award and were shortlisted for the Governor General’s Literary Award for fiction.",Guy Vanderhaeghe,0
Brad Watson,"You were born in 1956 in Gulfport, Mississippi. Raised along the Gulf Coast, you worked as a reporter before completing an MFA at the University of Alabama. Your debut story collection in the mid-1990s drew national attention, and a subsequent novel deepened your reputation for lyrical, meticulously observed prose rooted in small-town lives and the tidal pull of memory, grief, and stubborn desire. Your work blends dark humor with a patient moral clarity, attentive to the weather and history of the Deep South. You have taught at the University of Mississippi and later in a western program. Honors include a Whiting Award and an O. Henry Prize.",Brad Watson,1
Colson Whitehead,"You were born in 1971 in Newark, New Jersey. After studying literature at Princeton University, you worked as a researcher and book critic in Manhattan before turning to fiction. Your novels and essays explore how American history, technology, and urban space shape identity, often using speculative frameworks to recast familiar narratives. With exacting prose and understated wit, you balance structural invention with humane observation. Your work appears in national magazines and you have taught writing at Columbia and at summer workshops. Honors include a Guggenheim Fellowship and the New York Public Library Young Lions Fiction Award. You live in Brooklyn, continuing to draft ambitious, intellectually searching books.",Colson Whitehead,1
Kathleen Winter,"Born in 1962 in Halifax, Nova Scotia, you grew up on Newfoundland’s coast before making homes in St. John’s and Montreal. After years as a columnist and CBC producer, you turned to fiction; your short stories earned the Metcalf-Rooke Award, and your recent debut novel has drawn national praise. Your work is marked by lyrical precision, compassionate portraits of outport life, and a probing engagement with gender, belonging, and the North’s austere beauty. You balance journalism with literary mentorship. With the Winterset Award recognizing your contribution to Newfoundland and Labrador literature, you have become a vital, steady voice in contemporary Canadian letters.",Lisa Moore,0
David Bezmozgis,"You were born in 1974 in Minsk, then part of the Soviet Union, and immigrated to Canada in 1981, settling in Toronto. After studying literature at the University of Toronto and film at the Canadian Film Centre, you published a debut story collection about Soviet Jewish émigrés in North America. Your prose is restrained and precise, attentive to exile, family memory, and the economies of aspiration and loss, balancing sobriety with quiet wit. You have written and directed films, including a feature that premiered at the Toronto International Film Festival. Your work has received the Trillium Book Award and a National Jewish Book Award.",David Bezmozgis,1
Carol Birch,"You were born in 1954 in Liverpool, and grew up in the industrial North West before settling in London. After varied jobs and study, you began publishing novels in the mid-1980s. Your fiction blends lyrical realism with careful historical research, drawing on maritime lore, migrant communities, and the textures of working-class life. You favor clear, musical prose, expansive narratives, and compassionate portraits of ordinary people thrust into difficult currents. Critics note your command of place—from docklands and mill towns to crowded capitals—and your gift for the telling detail. You have taught creative writing and reviewed widely. Your work has earned the Somerset Maugham Award and a steady readership.",Jeanette Winterson,0
Lynn Coady,"You were born in 1971 in Halifax, Nova Scotia. Raised along the coast, you studied English at the University of New Brunswick and completed an MFA in creative writing at the University of British Columbia. You worked as a journalist and editor before turning to fiction and teaching in western Canada. Your novels and stories probe small-town Maritime life under pressure from migration and class change, distinguished by dry wit, moral clarity, and compassion for young people. Your spare prose and ear for dialogue animate close-knit communities. You have won the Journey Prize and the Thomas Raddall Atlantic Fiction Award.",Alexander MacLeod,0
Patrick DeWitt,"You were born in 1974 in Victoria, British Columbia. You grew up between Vancouver Island and Southern California, leaving school early to work as a dishwasher, mover, and bookstore clerk. After years of drift you settled in Portland, Oregon, where you began to write fiction in earnest. Your work—spare, darkly comic, attentive to damaged men at the margins—fuses picaresque momentum with moral clarity, favoring plain diction and a low, wry music. Stories led to a debut novel in 2008 and a second in progress; your first book earned the Ethel Wilson Fiction Prize in 2009. You keep to your desk, intent on sentences that serve truth.",Patrick deWitt,1
Esi Edugyan,"You were born in 1979 in Edmonton, Alberta, to parents who emigrated from Ghana. Raised on the Prairies, you studied literature at the University of British Columbia and completed an MFA before holding residencies in Berlin and Toronto. Your first novel, published mid-decade, established your reputation for lucid, musical prose and an exacting historical imagination; your fiction traces the Black diaspora across Europe and North America, attentive to memory, secrecy, and the ethics of witness. You have taught intermittently and written essays for Canadian journals. Honors include the Bronwen Wallace Award for Emerging Writers and the Commonwealth Writers’ Prize (Best First Book, Canada and Caribbean).",Esi Edugyan,1
Jennifer Egan,"You were born in 1963 in Boston, Massachusetts, and raised in Berkeley, California. After studying English at Brown University, you held a fellowship at the University of Cambridge, where you began shaping the formally adventurous stories that would define your work. Settled in New York, you balanced magazine features for The New York Times Magazine and The New Yorker with fiction: a debut story collection and several novels exploring time, identity, and the social currents of the digital age. Your prose favors shifting structures, polyphonic voices, and precise observation of urban life. You have received a Guggenheim Fellowship and a Whiting Award.",Jennifer Egan,1
Stephen Kelman,"You were born in 1977 in Bedford, England. Raised on a large estate, you studied marketing at the University of Hertfordshire and worked in offices, warehouses, and a call centre before writing full-time. Your fiction focuses on inner-city lives and the pressures on new arrivals to Britain, distinguished by a child’s-eye immediacy, humane wit, and finely observed street cadences. Stories and early chapters have appeared in UK anthologies and journals, earning the Bridport Prize for short fiction. Agents and editors have praised your measured empathy and restraint, and you continue to develop a debut novel that tests moral certainty without sentimentality.",Paul Mendez,0
Andrew Krivak,"You were born in 1965 in Johnstown, Pennsylvania, to Slovak immigrants. After studying literature and philosophy at the College of the Holy Cross, you entered the Jesuits, spending eight years in formation before leaving to write. Graduate work at Boston University led to teaching posts and a life divided between New England and the Tatra foothills you visit to trace family history. Your memoir and stories, published in journals such as Ploughshares and The Kenyon Review, are marked by spare, elegiac prose, moral inquiry, and the aftermath of war and migration. Honors include a National Endowment for the Arts fellowship and a Pushcart Prize.",Anthony Doerr,0
AD Miller,"You were born in 1975 in Manchester. After reading English at Oxford, you joined The Observer as a reporter, later serving as its Moscow correspondent and then as a features writer in London. Your years in Russia and Ukraine shaped a body of work preoccupied with moral ambiguity, urban reinvention, and the uneasy bargains of post-Soviet capitalism. Your prose is restrained and observational, attentive to atmosphere and the quiet pressures of conscience. Your first book, a family memoir tracing a Jewish lineage across Europe, received the Somerset Maugham Award in 2008. You continue to write essays and fiction that examine how ordinary lives bend under corruption, fear, and desire.",Peter Pomerantsev,0
Tea Obreht,"You were born in 1986 in Sarajevo, then Yugoslavia. After a siege-era childhood and moves through Vienna and Cairo, you settled in the United States as a teenager, studied literature, and completed an MFA at the Iowa Writers’ Workshop. Your short fiction has appeared in The New Yorker, The Atlantic, and Zoetrope: All-Story, and a debut novel is forthcoming. Drawing on Balkan folklore and the aftershocks of war, your work blends mythic inference with scrupulous realism, favoring braided narratives, ghostly rumor, and closely observed family histories. You have received an O. Henry Prize and a Rona Jaffe Foundation Writers’ Award, recognition for prose marked by moral gravity and imaginative reach.",Sanja Mitrovic,0
Eric Puchner,"You were born in 1971 in Washington, D.C., and grew up along the Mid-Atlantic before heading west. After studying literature at the University of Wisconsin and completing an MFA at Johns Hopkins, you moved to the Bay Area, where you now teach at San Francisco State University. Your stories and novel trace the fault lines of American family life—class anxiety, real estate dreams, and the comic dissonance between aspiration and circumstance—rendered with precise social detail and a generous, unsentimental regard for your characters. Your work has appeared in The New Yorker, Tin House, and Best American Short Stories. You have received a Whiting Writers’ Award and an O. Henry Prize.",Lysley Tenorio,0
Jesmyn Ward,"You were born in 1979 in Houma, Louisiana, and raised along the Gulf Coast in a close community. After earning a BA from Louisiana State University and an MFA from the University of Texas at Austin, you began teaching, holding a fellowship at the Fine Arts Work Center. Your debut novel appeared in 2008. Your fiction is marked by lyrical prose, a rooted sense of place, and unflinching portraits of Black families confronting poverty, violence, and the aftermath of coastal storms; it honors communal memory and the voices of young people. You have received the Rona Jaffe Foundation Writers’ Award.",Jesmyn Ward,1
Alexi Zentner,"You were born in 1975 in Halifax, Nova Scotia. Raised in a working river town, you came to fiction after years as a reporter and bookseller, publishing short stories in Zoetrope: All-Story, Tin House, and The Walrus. Your work braids folklore with the harsh grace of northern forests and coasts, mapping families marked by loss, faith, and the stubborn economies of logging and fishing. Lyrical yet unsentimental, your narratives treat the uncanny as an extension of place. You have received an O. Henry Prize and the Journey Prize, and your stories have appeared in Best American Short Stories. You live in British Columbia with your family.",Alexander MacLeod,0
Russell Banks,"You were born in 1941 in Lowell, Massachusetts, and grew up in mill towns across New England. After leaving college early, you worked a range of jobs and spent time in the Caribbean and Florida before settling in upstate New York, where you began publishing novels and stories and later taught in university writing programs. Your fiction, spare yet compassionate, probes working-class lives, fractured families, and the moral costs of American ambition, often set in the North Country and along the Atlantic rim. Several books have been adapted for film. Your honors include the PEN/Faulkner Award and a Guggenheim Fellowship.",Russell Banks,1
Don DeLillo,"You were born in 1938 in Queens, New York, to a family of Italian immigrants. After studying at City College of New York, you worked briefly in advertising before committing to fiction. Beginning in the early 1970s, you published a succession of novels and essays that mapped the textures of late‑century America—its media noise, secret histories, spectral economies, and the choreography of crowds. Your prose, spare yet orchestral, moves between street-level detail and wide-screen meditation; dialogue fractures into signal and static. Often private, you prefer the work to the spotlight, yet your influence is pronounced. Honors include a MacArthur Fellowship and the National Book Critics Circle Award.",Don DeLillo,1
Anita Desai,"You were born in 1938 in Shimla, India, to a Bengali father and an Austrian mother, and grew up speaking several languages. After studying English literature at the University of Delhi, you began publishing fiction and emerged as a leading voice of post-Independence Indian writing. Your novels and stories probe the private lives of families amid urban disquiet, portraying memory, displacement, and the interior worlds of women with lyrical restraint and psychological insight. Dividing your time between India and the United States, you have taught at universities, including an institute of technology in New England. Among your honors is the Sahitya Akademi Award.",Anita Desai,1
Junot Diaz,"You were born in 1970 in Santiago de los Caballeros, Dominican Republic, and immigrated to New Jersey as a child. After earning a BA at Queens College and an MFA at Syracuse University, you built a career that bridges teaching and writing, publishing a notable story collection and a widely praised novel. Your work maps immigrant life and the aftershocks of dictatorship, blending intimate realism with dry humor, history, and code-switching between English and Spanish. You chronicle desire, family rupture, and the obligations of return with formal restlessness and moral clarity. Early acclaim includes the Whiting Writers’ Award and the PEN/Hemingway Award; your fiction is widely anthologized and taught.",Junot Díaz,1
Tamas Dobozy,"Born in 1971 in Vancouver, British Columbia, you are the child of Hungarian immigrants whose stories shaped your sensibility. After studying English at the University of British Columbia and completing a doctorate at the University of Toronto, you began teaching creative writing at the University of Waterloo. Since the late 1990s, your fiction has appeared in Canadian and international journals, culminating in two story collections from major presses. Your work is marked by formal precision, unsentimental empathy, and a sustained engagement with Central European history and its echoes in Canada. You have received the Journey Prize and a National Magazine Award for fiction.",Tamas Dobozy,1
Dave Eggers,"You were born in 1971 in Providence, Rhode Island, and moved to a Midwestern suburb in childhood. In your twenties you edited a small literary magazine, then founded an independent press and quarterly noted for inventive design. Your breakthrough memoir–fiction hybrid led to narrative nonfiction and novels that braid reportage, ethics, and humor, often focused on displacement, volunteerism, and the responsibilities of witness. You co-founded a youth writing center in Minneapolis and have advocated for literacy programs nationwide. Your voice is candid, structurally playful, and socially engaged, frequently placing the self in tension with public events. You have received a Whiting Writers’ Award and a Guggenheim Fellowship.",Dave Eggers,1
Louise Erdrich,"You were born in 1956 in Duluth, Minnesota, to an Ojibwe mother and a German American father. Raised near the Red River, you studied English at the University of North Dakota and earned an M.F.A. from Iowa Writers' Workshop. After work as a teacher and editor, you built a career as a novelist and poet rooted in the Upper Midwest and reservation life. Your books braid family histories across generations, interweaving humor, mysticism, and tribal memory through shifting points of view. Known for interconnected characters, you balance grief with communal resilience. Your honors include the PEN/Faulkner Award and a Guggenheim Fellowship.",Louise Erdrich,1
Will Ferguson,"You were born in 1967 in Prince George, British Columbia. You studied literature at the University of Calgary before joining the JET Programme in Japan, where teaching and long, improvised journeys shaped your voice. Returning to Canada, you wrote best-selling travel memoirs and satirical novels that braid reportage with cultural criticism, attentive to the absurd and the humane. Your prose favors clarity, measured irony, and a cartographer’s eye for place; your themes often test national myths, consumer promises, and the hazards of nostalgia. You have won the Stephen Leacock Memorial Medal for Humour and make your home in Halifax, while continuing to write across genres.",Will Ferguson,1
Ben Fountain,"You were born in 1959 in Norfolk, Virginia, and raised in Texas. After studying history at the University of Virginia and earning a law degree from the University of Texas, you practiced corporate law in Houston before leaving in 1993 to write full time. Years of travel and reporting in Haiti and Guatemala shaped your stories, which unite moral inquiry, geopolitical awareness, and precise, quietly comic prose. Your debut collection, published mid-decade, drew national attention, and your short fiction has been honored with the PEN/Malamud Award. You live in Dallas, continuing work on a novel and stories that probe the intersections of war, commerce, and conscience.",Ben Fountain,1
Robert Hough,"You were born in 1968 in Kingston, Ontario. After studying history at Queen’s University, you worked as a magazine reporter and feature writer in Toronto before turning to fiction. Your novels, often inspired by obscure episodes and flamboyant figures from the twentieth century, marry meticulous research with propulsive storytelling and a dry, humane wit. You are drawn to ambition, performance, and the moral margins where fraud and faith trade places. Translated widely, your work has been praised for its pacing and richly imagined worlds. You have won the City of Toronto Book Award and the Commonwealth Writers’ Prize (Canada and Caribbean) for Best First Book.",Steven Heighton,0
Laird Hunt,"You were born in 1969 in Tokyo, Japan. After childhood between Asia and Belgium you settled in the American Midwest. You studied literature and worked as a translator and communications officer for an international agency in Geneva and New York before turning to fiction. Since the early 2000s you have published several novels and short stories and now teach in Colorado. Your work is noted for taut, elliptical prose, shifting points of view, and the mingling of noir, fable, and Midwestern history; it probes displacement, secrecy, and the aftershocks of violence. You have received a Whiting Writers’ Award.",Laird Hunt,1
T Geronimo Johnson,"You were born in 1974 in Mobile, Alabama. Raised along the Gulf Coast, you studied engineering before turning to literature, earning an MFA from the University of Michigan and a fellowship at the Wisconsin Institute for Creative Writing. You have taught fiction at Vanderbilt and the University of Houston, while publishing essays and stories in journals such as Ploughshares and The Southern Review. Your work is distinguished by polyphonic structures, sardonic humor joined to moral seriousness, and searching meditations on race, class, and the fragile bonds of family in the aftermath of disaster. Honors include a National Endowment for the Arts Literature Fellowship and a Pushcart Prize.",Maurice Carlos Ruffin,0
Steven Millhauser,"You were born in 1946 in Boston, Massachusetts, and grew up in the commuter towns of northern New Jersey. After studying literature at Yale, you pursued graduate work at Brown before turning to fiction and, later, to teaching at Williams College, where you balanced the classroom with a steady succession of novels and stories. Your work, precise yet luxuriant, magnifies the American appetite for spectacle—magicians, showmen, mechanical wonders, and dream-haunted suburbs—while probing obsession, secrecy, and the permeable border between the ordinary and the impossible. Attentive to design and scale, you favor lucidity that deepens into enchantment. You have received the Rea Award for the Short Story and a Lannan Literary Award.",Steven Millhauser,1
Alison Moore,"You were born in 1972 in Leicester and grew up in the East Midlands, where the ordinary streets and canal paths that shaped your childhood recur, transformed, in your fiction. After reading English at the University of Nottingham, you worked in arts administration while developing a body of short stories published in Ambit, The Warwick Review, and Litro. Your debut collection appeared with an independent press in 2009. Your prose is spare and precise, attentive to the unease of domestic spaces, the pull of the coast, and characters displaced by memory and choice. You have won the Bristol Short Story Prize and a Bridport Prize.",Alison Moore,1
Alix Ohlin,"You were born in 1973 in Ottawa, Ontario. After studying English at McGill University and completing an MFA at the Iowa Writers’ Workshop, you settled in the United States, balancing fiction with teaching at a small liberal arts college. Your debut novel appeared with Knopf, followed by a well-received story collection; your work has been published in leading magazines and anthologies. Your prose is restrained and precise, attuned to moral ambiguity, family ties, and the dislocations of travel and migration. You have been recognized with an O. Henry Prize and a Pushcart Prize, distinctions that mirror your quiet authority on the page.",Alexander MacLeod,0
Julie Otsuka,"You were born in 1964 in Sacramento, California. Trained first as a painter at UC Berkeley, you moved to New York and earned an M.F.A. in fiction at New York University, turning to writing in your thirties. Your debut novel, published in 2003, drew on family history and archival research to portray the wartime removal of Japanese Americans with spare, incantatory prose and a restrained, collective voice. Your work favors compression, historical resonance, and an unblinking attention to ordinary lives under pressure. You have received the PEN Center USA Literary Award for Fiction and a National Endowment for the Arts fellowship; a second novel is in progress.",Julie Otsuka,1
Kevin Powers,"You were born in 1981 in Roanoke, Virginia. After high school you enlisted in the U.S. Army, serving as a cavalry scout in Iraq in 2004–2005. Returning home, you completed a degree in English at the University of Virginia, then earned an MFA at the Iowa Writers’ Workshop. Your poems and short fiction have appeared in Ploughshares, The New Republic, and Poetry. Your work is distinguished by lucid, restrained language, an unsentimental gaze at violence, and a preoccupation with memory, guilt, and the landscape of the American South. You have received a Pushcart Prize and teach writing while finishing a first novel.",Kevin Powers,1
Nancy Richler,"You were born in 1963 in Montreal, Quebec, to a Jewish family. After studies in the United States, you lived for many years in Vancouver before returning to Montreal, where you divide your time between teaching and writing. Your novels and stories probe displacement, memory, and the costs of secrecy, often set against the postwar city and the Russian-Jewish diaspora. You are known for spare, exacting prose, moral complexity, and careful historical detail. Your work has earned the Canadian Jewish Book Award and the Ethel Wilson Fiction Prize, and has been translated into several languages. Beyond publication, you have mentored emerging writers and contributed essays on literature and community to Canadian journals.",Nancy Richler,1
Will Self,"You were born in 1962 in Bristol. Raised around London, you read philosophy at the University of Sussex before turning to journalism and radio. After a turbulent early adulthood and recovery from addiction, you built a distinctive presence in British letters through novels, stories, and essays that braid satire with urban grotesque, an encyclopedic vocabulary, and a clinical fascination with pathology, media, and the mutations of identity. Your columns and broadcasts sharpened your public profile, but the fiction remains central: formally daring, mordantly comic, and ethically probing. By mid-career you had published several acclaimed books and won the Somerset Maugham Award, later taking the Bollinger Everyman Wodehouse Prize for comic fiction.",Will Self,1
Carrie Snyder,"You were born in 1976 in Guelph, Ontario. Raised in southwestern Ontario and for several years in Costa Rica, you returned to Canada to study literature and began placing stories in journals, including The New Quarterly and The Malahat Review. Your debut story collection, published mid-decade, established your reputation for exacting prose and psychologically acute portraits of families under quiet pressure, often crossing languages and borders. You balance teaching and parenting with writing, and your essays and reviews appear in national newspapers. You received the Danuta Gleed Literary Award, and your work continues to explore memory, migration, and the uneasy freedoms of girlhood and motherhood.",Rebecca Rosenblum,0
Linda Spalding,"You were born in 1945 in Wichita, Kansas, and made Canada your home in the early 1980s, settling in Toronto. Beginning as a teacher and editor at Descant, you moved steadily into full-time writing, producing both novels and investigative nonfiction. Your work is distinguished by spare, exact prose; a calm moral gaze; and narratives that braid archival research with the lived texture of families crossing borders and landscapes. Frequently set in rural North America, your stories interrogate complicity, stewardship, and the persistence of memory. You have lectured widely and mentored younger writers. Among your honours are a Guggenheim Fellowship and the Harbourfront Festival Prize.",Michael Ondaatje,0
Jeet Thayil,"You were born in 1961 in Mangalore, India. Raised in Muscat, Hong Kong, and Bombay, you studied literature, then moved between Mumbai and New York as a reporter and editor, while developing a parallel career as a poet and performer. Your poems and essays appear in journals in India, Britain, and the United States, and you have co-edited an influential anthology of contemporary Indian verse. Your work, marked by musical cadence, candor about addiction, and a precise urban imagination, explores memory, faith, and exile. You have received a Charles Wallace India Trust fellowship and a New York Foundation for the Arts grant.",Jeet Thayil,1
Kim Thuy,"You were born in 1967 in Da Nang, Vietnam. As a child you fled by boat, spent months in a Malaysian refugee camp, and settled with your family in Montreal. Educated in linguistics and law, you worked as a translator, seamstress, and restaurateur before turning to literature in French. Your prose is spare and elliptical, composed of brief scenes that braid memory, exile, and the textures of daily work, often slipping between languages to register loss and renewal. Your debut drew wide attention in Quebec and France and earned the Grand Prix littéraire Archambault, affirming a voice intimate and historical.",Kim Thúy,1
Twan Eng Tan,"You were born in 1973 in Ipoh, Malaysia. Trained in law at the University of London and called to the Malaysian Bar, you practiced in Kuala Lumpur, specializing in intellectual property, before turning to fiction. Your debut novel, published in 2008, traces lives entangled with the Japanese occupation and its aftermath, and your prose is noted for measured cadence, layered structure, and moral intensity. You write about memory, betrayal, and the fragile negotiations of empire. Dividing your time between Kuala Lumpur and London, you have been longlisted for the Man Asian Literary Prize and shortlisted for the Commonwealth Writers’ Prize for Best First Book (South East Asia & South Pacific).",Tash Aw,0
Russell Wangersky,"You were born in 1965 in Halifax, Nova Scotia. Trained as a journalist, you worked across Atlantic newsrooms before settling in St. John’s, Newfoundland and Labrador, as a newspaper editor and columnist, while serving as a volunteer firefighter. Your books—short fiction and memoir—trace ordinary people under extraordinary pressure, shaped by maritime weather, hard work, and the quiet calculations of risk. The prose is spare, attentive to detail, and guided by a reporter’s ethics. Your work has appeared in national magazines, and you have won a National Newspaper Award and an Atlantic Journalism Award. You continue to write and edit in St. John’s.",Russell Wangersky,1
Benjamin Alire Saenz,"You were born in 1956 in El Paso, Texas. Raised in a Spanish- and English-speaking family near the border, you studied philosophy and theology, spent time in the seminary, and later completed a graduate degree in creative writing in the Midwest. Returning to the Southwest, you built a career as a poet, novelist, and teacher at a public university. Your work blends lyric precision with narrative intimacy, tracing the lives of working-class families along the Rio Grande and giving particular care to adolescents confronting love, faith, and identity. Critics note your quiet moral gravity and borderlands sensibility. Your honors include the American Book Award and a PEN Center USA Literary Award.",Benjamin Alire Sáenz,1
Dennis Bock,"You were born in 1966 in Kingston, Ontario. After studying English at Queen’s University and a year in the creative writing program at the University of British Columbia, you lived in Madrid and Vienna, where you began the stories that would form your first collection. Returning to Toronto, you published a collection and two novels, establishing a reputation for spare, exact prose and morally intricate narratives shaped by the long aftermath of twentieth-century wars. Your work often follows migrants and witnesses who carry private reckonings across borders. You teach periodically in Canadian writing programs. Your honors include the Danuta Gleed Literary Award and the Trillium Book Award.",Madeleine Thien,0
Kenneth Bonert,"You were born in 1975 in Cape Town, South Africa, and immigrated to Canada in 1998, settling in Montreal. After working as a newspaper reporter and copy editor, you began publishing short fiction in Canadian journals. Your work draws on South African Jewish histories and the pressures of migration, mixing street-level detail, elastic vernacular, and moral urgency. You are attentive to the collision of ambition, family loyalty, and the bargains required by survival. Early recognition includes a National Magazine Award for fiction and a Journey Prize nomination. You are completing a first novel while continuing to appear in anthologies and teaching workshops.",Elana Lev,0
NoViolet Bulawayo,"You were born in 1982 in Gweru, Zimbabwe. Raised in Bulawayo, you left home in your late teens, eventually settling in the United States, where you earned an MFA in creative writing and began publishing widely. Your fiction traces childhood and exile with spare, musical prose, filtering political upheaval and urban hardship through the alert gaze of young narrators; humor and grief coexist in taut scenes. You have mentored emerging writers while developing a first novel and a story collection. Your work has been recognized with a Henfield Prize and a National Arts Merit Award in Zimbabwe, marking a career attentive to the textures and fractures of contemporary Zimbabwean life.",NoViolet Bulawayo,1
Eleanor Catton,"You were born in 1984 in Vancouver, Canada, and raised in Christchurch, New Zealand. After studying English at the University of Otago, you completed an MA in creative writing at the International Institute of Modern Letters and later attended the Iowa Writers’ Workshop. Your debut novel appeared in 2009, drawing attention for architecturally precise structure, lucid prose, and an exacting interest in performance, secrecy, and adolescence. Critics note your command of ensemble perspectives and moral nuance. The book won the NZSA Hubert Church Best First Book Award and the Commonwealth Writers’ Prize (South East Asia and Pacific) for Best First Book, establishing you internationally.",Eleanor Catton,1
Jim Crace,"You were born in 1948 in Newcastle upon Tyne. After studying English at the University of Leeds, you worked through the 1970s as a reporter and feature writer, then left journalism in the mid‑1980s to devote yourself to fiction. Your novels inhabit imagined yet convincing landscapes, parabolic in design, preoccupied with work, ritual, ecology, and communities under strain. The prose is spare, lyrical, unsentimental, resistant to autobiography yet humane. You have held occasional residencies. Your work has earned the James Tait Black Memorial Prize and the Whitbread Novel Award. You live in the Midlands.",Jim Crace,1
Craig Davidson,"You were born in 1977 in Hamilton, Ontario. After studying English at Brock University and completing an MA in creative writing at Concordia University, you worked in publishing and freelanced while shaping stories that appeared in The Fiddlehead, The Walrus, and other journals. A debut collection led to a novel, establishing you as a writer of visceral realism: spare, muscular prose attentive to the body, loyalty, and the costs of violence. Your narratives inhabit working-class neighborhoods and fringe professions, yet seek hard-won grace. You won the Journey Prize, and your work has attracted translation and film interest. You live in Montreal and continue to write.",Andrew Forbes,0
Amelia Gray,"You were born in 1981 in Albuquerque, New Mexico. After studying literature at the University of New Mexico and completing an MFA at the Michener Center for Writers, you settled in Austin, where you write and teach. Your short fiction, appearing in Tin House, American Short Fiction, and McSweeney’s, advances a precise, unsentimental style that steers ordinary situations toward the grotesque and uncanny, marrying deadpan humor to strict formal control. A debut volume of very short pieces and a subsequent story collection have earned early notice. You are a recipient of a Pushcart Prize, and your work continues to circulate widely in journals.",Laura van den Berg,0
Jhumpa Lahiri,"You were born in 1969 in Manchester, England, to Bengali parents who later settled in New Jersey. Educated at Princeton and Columbia, you turned to fiction early, honing a spare, observant style in stories about second-generation lives, marriage, and the quiet negotiations of belonging. Your debut collection in the late 1990s drew wide notice for its precise social detail and emotional restraint; a subsequent novel and another set of stories broadened your canvas to families divided by continents and languages. You have received a Whiting Writers’ Award. Critics praise your unsentimental clarity and the subtle architecture of your narratives.",Jhumpa Lahiri,1
Thomas Mallon,"You were born in 1952 in New Haven, Connecticut. Trained as a literary historian, you taught for years at American University before devoting more time to novels and essays. Your work, frequently set amid American political life, is distinguished by archival curiosity—letters, diaries, and memoranda shape your narratives—and by a measured, urbane irony. You have written for The Atlantic, The New Yorker, and The New York Times Book Review, and your criticism has helped revive interest in the diary as a literary form. Residing in Washington, D.C., you have received a Guggenheim Fellowship and an NEA Literature Fellowship.",Thomas Mallon,1
James McBride,"Born in 1959 in Philadelphia, Pennsylvania, you came of age in a multiracial household where church hymns and city streets shaped your ear. After studying music at Howard University and earning a journalism degree from NYU, you worked as a reporter for the Philadelphia Inquirer and Rolling Stone, while composing and performing on saxophone. Your memoir in the late 1990s and a later novel braided family history with American race, faith, and class, noted for lyricism, humor, and a musician’s cadence alongside rigorous reporting. A sought-after speaker and teacher, you have received the American Book Award and an NAACP Image Award.",James McBride,1
Ruth Ozeki,"You were born in 1958 in Seattle, Washington, to a Japanese mother and American father. Educated at a liberal arts college in New England, you moved between Tokyo and New York, building a career in documentary film and television before turning to fiction. Your novels braid investigative research with intimate, voice-driven storytelling, probing globalized food chains, environmental responsibility, and the ambiguities of cross-cultural identity. Formal experimentation, mixing reportage, satire, and meditative reflection, distinguishes your work, as does a careful moral intelligence. Your debut received the American Book Award, and your second novel was a finalist for the Kiriyama Prize. You now teach occasionally while continuing to write and engage in international literary and film communities.",Ruth Ozeki,1
Thomas Pynchon,"Born in 1939 in New Haven, Connecticut, you served in the U.S. Air Force before studying mathematics and then literature at Columbia. After a stint as a technical writer at Lockheed in Burbank, you turned to fiction, publishing dense, far-ranging novels from the late 1960s onward. Your work fuses history, science, and popular culture, tracing conspiracies and countercultures with encyclopedic erudition, dry humor, and a grave awareness of technology’s consequences. Labyrinthine plots, exacting research, and baroque sentences distinguish your style, as does a longstanding commitment to privacy. You have rarely given interviews, but your influence is unmistakable. Honors include the National Book Critics Circle Award and a MacArthur Fellowship.",Thomas Pynchon,1
George Saunders,"You were born in 1960 in Wichita, Kansas. After earning a degree in mechanical engineering from the University of Oklahoma, you spent several years working in the energy industry in Southeast Asia and the Gulf Coast, experiences that shaped your vision of labor, risk, and corporate language. You later completed an MFA at the Iowa Writers’ Workshop and now teach creative writing at Illinois State University. Your stories, published in The New Yorker, Harper’s, and McSweeney’s, merge satire and empathy, often set in near-future workplaces where bureaucracy strains against conscience. You have received a Guggenheim Fellowship and an O. Henry Prize.",George Saunders,1
Shyam Selvadurai,"You were born in 1967 in Jaffna, Sri Lanka, and emigrated to Canada in 1984 amid escalating violence. In Toronto you studied literature at the University of Toronto and published short fiction before your acclaimed mid-1990s debut. Your work is marked by restrained prose, intimate explorations of queer desire, and clear-eyed portraits of family, class, and ethnic conflict across Sri Lanka and the Canadian diaspora. Later books and essays deepen this terrain, attentive to memory, migration, and civil-war aftershocks. You have taught writing workshops. Your honours include the Lambda Literary Award and the Trillium Book Award. You live in Toronto.",Shyam Selvadurai,1
Colm Toibin,"You were born in 1956 in New Ross, County Wexford. After studying at Trinity College Dublin, you worked as a journalist and editor, then spent formative years in Madrid and Lisbon, where the textures of exile, secrecy, and return became central to your fiction. Your novels and essays are marked by spare, patient sentences, exacting attention to domestic ritual, and an unsentimental compassion for characters negotiating silence, sexuality, and belonging. You have written criticism of European and American writers and reported widely from Spain and Ireland. Your work has been honored with the James Tait Black Memorial Prize.",Colm Tóibín,1
Dan Vyleta,"You were born in 1975 in Vienna, Austria, and emigrated to Canada as a teenager. Trained as a historian, you took degrees at the University of Toronto and the University of Cambridge before teaching modern European history in Britain. Your fiction, beginning with a 2008 debut, brings a historian’s eye to the moral shadows of postwar Central Europe: claustrophobic streets, whispering neighbors, the slow corrosion of trust. You favor intimate ensemble casts, precise observation, and plots that coil like investigations rather than unfold as confession. Alongside scholarly essays, you write full time in London. Your first novel won the CWA New Blood Dagger and secured translation in several languages.",Anna Funder,0
Rabih Alameddine,"You were born in 1961 in Beirut, Lebanon. You spent your childhood between Beirut and Kuwait City before immigrating to the United States in your late teens. Trained as an engineer at a California university, you later turned to painting and, eventually, to fiction, dividing your time between San Francisco and the Levant. Your novels and stories interweave personal memory with regional history, employing polyphonic voices, digressive structures, and an abiding interest in myth and the art of storytelling. You write with mordant humor and compassion about war, exile, and the fragile architectures of family. You have received a Guggenheim Fellowship and the Arab American Book Award.",Rabih Alameddine,1
Daniel Alarcon,"You were born in 1978 in Arequipa, Peru, and emigrated to the United States in childhood, growing up in Northern California. After studying sociology at UCLA and completing an MFA at the University of Michigan, you published a debut story collection in 2004 and a novel in 2008. Your fiction and reporting have appeared in The New Yorker, Granta, and Harper’s, and you have taught writing while traveling frequently through the Andes and coastal cities. You are known for lucid, economical prose that blends intimate voices with documentary texture, illuminating migration, political rupture, and memory. You received a Whiting Writers’ Award in 2006.",Daniel Alarcón,1
Anthony Doerr,"You were born in 1972 in Minneapolis, Minnesota, and grew up amid lakes and long winters that seeded your fascination with light, weather, and the natural world. After studying history and working abroad, you settled in the Mountain West, where you write and occasionally teach. By now you have published a debut story collection, a novel, and a memoir, each marked by precise, lyrical prose and a curious engagement with science, memory, and the ways families endure across distance. Your settings range from coastal villages to laboratories and archives. You have received a Whiting Writers’ Award and a National Endowment for the Arts Literature Fellowship.",Anthony Doerr,1
Percival Everett,"You were born in 1957 in Charleston, South Carolina. After studying literature at Duke and completing an MFA at the Iowa Writers’ Workshop, you taught at universities across the West. Your novels fuse satire with formal experiment, shifting among realism, parable, and metafiction to examine race, language, and authority. The prose is precise, dryly comic, and attentive to landscape. You resist a single genre, and your books test the limits of category and voice. Honors include a Whiting Writers’ Award and the PEN Center USA Award for Fiction.",Percival Everett,1
Richard Flanagan,"You were born in 1962 in Launceston, Tasmania. Raised in a working family, you studied history before returning to the island’s rivers and towns that shape your imagination. After early work in journalism and occasional screenwriting, you turned to fiction in the mid‑1990s, publishing novels and essays through the 2000s. Your work is marked by lyrical precision, moral gravity, and a sustained engagement with Tasmanian landscapes, colonial histories, and the endurance of memory. You often braid archival detail with intimate narratives of love, guilt, and survival. Widely translated and critically discussed, you have received the Miles Franklin Award and held fellowships that supported your continued writing.",Richard Flanagan,1
Karen Joy Fowler,"You were born in 1951 in Madison, Wisconsin, and grew up on the West Coast. After studying history at UC Davis, you settled in Northern California, where you raised a family and began publishing short fiction in the 1980s. Your work bridges literary and speculative traditions, using careful research, restrained humor, and ethical inquiry to explore communities of women, the ambiguities of science, and the traces of American history. A first novel in the early 1990s brought wider notice; books and stories confirmed a reputation for formal versatility and psychological acuity. You have received the Nebula Award and continue to champion imaginative writing.",Karen Joy Fowler,1
Bill Gaston,"You were born in 1954 in Winnipeg, Manitoba. After moving west as a young adult, you worked as a fishing guide, tree planter, and briefly a hockey goalie in France before completing graduate studies and turning to teaching. You now teach creative writing at the University of British Columbia Okanagan. Your novels and stories chart working lives along the Pacific coast and prairie margins, blending dry comedy with compassion and an unsentimental attention to vulnerability. Known for exact, unshowy prose and moral acuity, you bring dignity to flawed characters and ordinary calamities. Your work has received the Ethel Wilson Fiction Prize and the ReLit Award, and appears regularly in national anthologies.",John Vigna,0
Claire Holden Rothman,"You were born in 1964 in Montreal, Quebec. After studying literature at McGill University, you built a career as a literary translator and short-story writer before turning to historical fiction. Your novels and stories, often set in Montreal’s bilingual landscape, merge meticulous archival research with intimate psychological portraits, exploring justice, belonging, and the pressures of public life on private relationships. You have translated major Quebec authors and taught writing workshops at Concordia University and the Quebec Writers’ Federation. Your work has been recognized with the John Glassco Translation Prize, and your fiction has earned national attention for its lucid prose and moral nuance.",Claire Holden Rothman,1
Frances Itani,"You were born in 1945 in Kingston, Ontario. Trained first as a nurse, you later studied literature and worked abroad before settling in Ottawa. Since the 1980s, you have published short fiction, poetry, and novels that examine memory, the legacies of war, and communities often overlooked, including those shaped by silence and impairment. Your prose is spare, attentive to detail and sound, and grounded in thorough research and humane observation. You have taught workshops and traveled widely, yet your work remains anchored in Canadian landscapes and histories. Your books have received the Ottawa Book Award and the Canadian Authors Association Award for Fiction.",Elizabeth Hay,0
Thomas King,"You were born in 1945 in Albuquerque, New Mexico, of Cherokee and Irish heritage. After graduate study in English, you moved to Canada in the late 1970s, became a citizen, and taught Indigenous literatures at the University of Saskatchewan and, later, at a university in Ontario. Your novels, stories, and radio essays braid oral tradition with postmodern structure, balancing sardonic wit and gravity; recurring trickster figures unsettle official histories while giving voice to contemporary Native life. A frequent presence on CBC Radio, you mentor emerging writers. Your work has received the Writers’ Trust Engel/Findley Award and the Rogers Writers’ Trust Fiction Prize.",Thomas King,1
Phil Klay,"You were born in 1982 in Newark, New Jersey. After graduating from Amherst College, you served as a Marine Corps civil affairs officer in Anbar Province from 2006 to 2007. Returning home, you entered Columbia University’s MFA program, publishing stories in journals such as Granta and The Kenyon Review. Your work is distinguished by rigorously observed depictions of military life, ethical scrutiny, and a disciplined voice that bridges the distance between combat and the American home front. You lecture at veterans’ organizations and teach writing workshops. Early recognition includes a Pushcart Prize, affirming a career devoted to clear-eyed narratives of war and its aftermath.",Phil Klay,1
Sean Michaels,"You were born in 1981 in Aberdeen, Scotland, and moved to Canada as a child, growing up in Toronto before settling in Montreal. You founded an early MP3 blog and your essays and criticism have appeared in The Guardian and The Globe and Mail. Your work marries curiosity about sound and technology with closely observed portraits, written in lyrical prose. Beyond criticism, you publish short fiction in Canadian journals and are at work on a first novel. You have received a National Magazine Award for Arts & Entertainment and a CBC Literary Award for short story, distinctions that reflect your meticulous craft and quiet ambition.",Carl Wilson,0
Neel Mukherjee,"You were born in 1972 in Kolkata, and read English at Presidency College before graduate study at the University of Oxford. After a period in publishing, you began writing fiction and criticism, dividing your time between London and India. Your work probes the fractures of family, class, and historical violence, marrying formal precision with sensuous detail and a sharp moral intelligence. You map migration and memory through intergenerational narratives, attentive to the cadences of Bengali and English. Your debut received strong notices, followed by essays and reviews across British and Indian outlets. You have won the Betty Trask Award and continue to teach occasional seminars.",Neel Mukherjee,1
Marilynne Robinson,"You were born in 1945 in Missoula, Montana, and grew up in the inland West, where mountains, rivers, and spare communities formed your earliest sense of moral weather. After graduate study in literature, you settled into teaching at a Midwestern university, dividing your time between essays and fiction. Your novels, set largely in small prairie and river towns, are distinguished by lucid, contemplative prose, theological inquiry, and a patient attention to conscience, kinship, and grace. Your essays bring history and Protestant thought into conversation with contemporary life. You have received the PEN/Faulkner Award for Fiction and a Guggenheim Fellowship.",Marilynne Robinson,1
Joan Silber,"You were born in 1946 in Montclair, New Jersey, and have lived in New York City for most of your adult life. After studying literature, you taught at Hunter College and in the Warren Wilson MFA Program. Your fiction—often constructed as linked stories or brief, time-skipping novels—follows the reverberations of choice across continents and decades, attentive to moral consequence, travel, and the ties between strangers. Your stories appear in magazines and anthologies. You are a PEN/Faulkner Award finalist and an O. Henry Prize recipient. Readers value your clear, measured prose and the way your narratives uncover large designs within ordinary lives.",Jayne Anne Phillips,0
Ali Smith,"You were born in 1963 in Aberdeen, Scotland. After studying English at the University of St Andrews and postgraduate work in Cambridge, you wrote for theatre and BBC radio before turning to fiction. Your early stories evolved into novels known for inventive structures, quicksilver wit, and humane, incisive attention to time, identity, and art. You move fluently between first- and second-person voices, braid essayistic passages with narrative, and relish the possibilities of the short form. Teaching and residencies punctuate a steady writing life between Edinburgh and London. Your work has earned the Somerset Maugham Award and the James Tait Black Memorial Prize, affirming a distinctive presence in contemporary British letters.",Ali Smith,1
Emily St. John Mandel,"You were born in 1980 in Nanaimo, British Columbia, and raised on the nearby Gulf Islands. After studying contemporary dance in Toronto, you settled in New York City, supporting yourself in administrative jobs while writing fiction. You have published two novels with an independent press, earning attention in Canada and the United States. Your work is marked by lucid, economical prose, shifting timelines, and the quiet pull of moral ambiguity; it often traces border crossings, itinerant communities, and the aftermath of small crimes. You have been shortlisted for the Arthur Ellis Award, and your second novel broadened your readership without compromising your austerity.",Kim Fu,0
Joan Thomas,"Born in 1952 in Regina, Saskatchewan, you built your early career as a magazine editor and literary critic before turning to fiction. After studying English and biology at the University of Saskatchewan, you wrote reviews for the Globe and Mail and contributed to CBC Radio, shaping a voice attentive to science, place, and ethics. Your novels braid natural history with prairie memory and the lives of unconventional women, distinguished by lucid prose, moral precision, and meticulous research. Based in Winnipeg, you also mentor emerging writers and teach occasional workshops. Your debut won the Amazon.ca First Novel Award and a Saskatchewan Book Award.",Candace Savage,0
Miriam Toews,"You were born in 1965 in Winkler, Manitoba, and raised in a Mennonite household that shaped your ear for restraint. After studying literature at the University of Saskatchewan, you worked as a reporter and producer in Winnipeg before turning to fiction. Across several novels and a memoir, you braid unsentimental comedy with the aftermath of loss, attentive to girls and women navigating duty, secrecy, and faith in prairie towns. Your spare voice and precise social detail have earned readers beyond Canada. You have won the Commonwealth Writers’ Prize (Canada and the Caribbean) and the McNally Robinson Book of the Year.",Miriam Toews,1
Valerie Trueblood,"You were born in 1942 in Des Moines, Iowa. After studying English at a Midwestern university, you worked as a newspaper editor and later in public policy in Washington, D.C., before settling in Seattle. Your career has balanced civic work with fiction: precise, elliptical stories and a quietly daring novel of ordinary lives under moral pressure. Your prose is attentive to time, caretaking, secrecy, and the fragile bonds of kinship, often finding drama in overlooked corners. You have taught workshops and mentored emerging writers while publishing in national magazines. Your work has been recognized with an O. Henry Prize and a Pushcart Prize, affirming its clarity, economy, and unflinching compassion.",Tobias Wolff,0
Andre Alexis,"You were born in 1960 in Castries, Saint Lucia, and moved to Canada as a child, growing up in Ottawa before settling in Toronto. After early work in theatre and for CBC Radio, you emerged as a novelist and essayist whose spare, measured prose frames fable-like narratives set against urban Canada. Your fiction probes faith, friendship, and moral choice with wit and philosophical clarity, often returning to Ottawa’s streets and immigrant households. You have written for stage and print and mentored younger writers. Among your honours is a regional Commonwealth Writers’ Prize, recognizing the distinct, metaphysical bent of your work.",André Alexis,1
Samuel Archibald,"You were born in 1979 in Chicoutimi, Quebec, and grew up in the Saguenay–Lac-Saint-Jean region. After studies in literature and film at the Université du Québec à Montréal, you completed doctoral work on popular narratives and began teaching there. Your fiction, first gathered in a 2009 short-story collection, fuses childhood memory with the industrial landscapes of the North, balancing realist detail with a discreet sense of dread. You favor plain, exact prose, an ear for spoken language, and an ethic of place that gives working-class lives historical depth. Alongside essays on cinema and culture, you received the Prix Adrienne-Choquette in 2009.",Geneviève Pettersen,0
Karen Bender,"You were born in 1968 in San Diego, California, and came of age on the West Coast before studying literature at UC Berkeley and earning an MFA from the Iowa Writers’ Workshop. After early work in New York publishing, you turned fully to fiction; your debut novel appeared in 2001, and your stories have since run in Ploughshares, The Kenyon Review, and Zoetrope: All-Story. You have taught creative writing at colleges and community programs in the Midwest and the South, and now live in Virginia. Your work is distinguished by psychological acuity, moral nuance, and an intimate focus on family and community under economic strain. Honors include a Rona Jaffe Foundation Writers’ Award.",Ann Packer,0
Jennifer Clement,"You were born in 1961 in Providence, Rhode Island, and raised in Mexico City. You studied literature at Columbia University and at the Université Paris VIII before returning to Mexico to write. Your novels, poems, and essays join documentary precision to a spare, lyrical voice, focusing on the lives of women, faith, and the shadow of violence in contemporary Mexico. You have published widely and your reporting has appeared in international magazines. As a mentor and organizer, you have helped nurture Mexico City’s literary community. Among your honors are a National Endowment for the Arts fellowship and a Whiting Writers’ Award.",Valeria Luiselli,0
Rachel Cusk,"You were born in 1968 in Toronto, and grew up between southern California and the south of England. After reading English at St John’s College, Cambridge, you settled in London and began publishing novels in the 1990s. Your fiction, spare and exacting, probes the compromises of family life, the pressures of class, and the instability of self, often blending essayistic reflection with narrative. Alongside your novels, you have written essays and a frank memoir of early parenthood that provoked public debate. You have received the Somerset Maugham Award and the Betty Trask Prize, and you teach creative writing while continuing to write.",Rachel Cusk,1
Angela Flournoy,"You were born in 1984 in San Diego, California. Raised in a family with roots in Detroit, you studied at Stanford University and earned an MFA from the University of Michigan. After a stint in Washington, D.C., working in research and teaching, you turned to fiction, publishing stories in Callaloo and The Iowa Review. Your work traces Black Midwestern families across generations, attentive to the geographies of work, migration, and memory; the prose is measured yet warm, and ensemble voices carry historical weight without sentimentality. Recipient of a Rona Jaffe Foundation Writers’ Award and the Hurston/Wright Award for College Writers, you are completing your first novel.",Brit Bennett,0
Lauren Groff,"You were born in 1979 in Saratoga Springs, New York. After studying literature at Williams College and earning an MFA from the University of Michigan, you settled in Tallahassee, where you teach and write. Your debut novel, set in the layered histories of an upstate town, became a national bestseller in 2007; a story collection followed in 2009. Your fiction is marked by lyrical sentences, braided structures, and an interest in myth, archives, and the private reckonings of women, often rendered against exacting landscapes. Your stories have appeared in The New Yorker and The Atlantic, and you have received an O. Henry Award and a Pushcart Prize.",Lauren Groff,1
James Hannaham,"You were born in 1967 in Philadelphia, Pennsylvania. After studying literature and visual art at Brown University, you worked as a cultural critic and editor, contributing to Slate and Time Out New York before turning to fiction. Your debut novel appeared in 2009 to strong reviews, and you now teach creative writing at The New School. Your work is marked by formal experiment, mordant humor, and close attention to the intersections of race, sexuality, faith, and American ambition. A practicing visual artist as well, you often integrate performance and text. You are the recipient of a Whiting Writers' Award.",John Keene,0
Helen Humphreys,"You were born in 1962 in Cambridge, England, and immigrated to Canada as a child, growing up in Ontario before settling in Ottawa. Beginning as a poet, you later turned to fiction, publishing lean, lyrical novels that braid private lives with the larger dislocations of history. Your work is distinguished by precision of language, an abiding attention to landscape and craft, and a quiet, unsentimental empathy for people under strain—particularly women negotiating war, work, and memory. You have taught writing workshops across the country and edited small-press projects. Your books have received the Trillium Book Award and the Ottawa Book Award.",Helen Humphreys,1
Clifford Jackman,"You were born in 1982 in North Bay, Ontario. After studying history at Queen’s University, you earned a law degree from Osgoode Hall and now practice in Toronto. Alongside your legal career, you publish short fiction in Canadian journals, including The Walrus, The Fiddlehead, and Prairie Fire. Your work is distinguished by austere, carefully controlled prose, bleak humor, and an unflinching interest in power, violence, and the erosion of moral certainty, often within historical or frontier settings. You have been shortlisted for the Journey Prize and received a National Magazine Award. You are at work on a novel while continuing to develop stories that test genre against literary rigor.",Andrew F. Sullivan,0
Marlon James,"You were born in 1971 in Spanish Town, Jamaica. After studying literature at the University of the West Indies, you worked in advertising before relocating to the United States, where you now teach writing at a Minnesota college. Your debut novel appeared in 2005; a second, in 2009, confirmed your command of Caribbean history and its afterlives. Your fiction blends biblical cadence with street vernacular, moving between brutal realities and visionary myth, and is noted for polyphonic voices, moral complexity, and fearlessly rendered violence. Your second novel received the Hurston/Wright Legacy Award and brought wider attention from critics and readers across the Atlantic.",Marlon James,1
Adam Johnson,"You were born in 1968 in Fargo, North Dakota, and grew up in the desert Southwest. After studying literature and writing, you settled in California, where you teach creative writing and publish stories and a novel. Your work blends meticulous research with daring imagination, exploring technological unease, political satire, and the private fallout of public histories. Often set in overlooked American towns and closed societies abroad, your narratives balance moral urgency with dark humor and lyrical precision. Your stories have appeared in The Paris Review and Harper’s Magazine. You have received a National Endowment for the Arts fellowship and a Pushcart Prize.",Jess Row,0
Chigozie Obiomo,"Born in 1985 in Enugu, Nigeria, you grew up amid markets and ancestral narratives, later studying literature at the University of Nigeria, Nsukka. A Fulbright Fellowship carried you to the Iowa Writers’ Workshop, where you refined a lyrical prose that draws on Igbo cosmology, oral cadence, and the moral tensions of family and fate. Your fiction interrogates authority, prophecy, and communal memory, setting intimate lives against the pressures of a changing nation. Early stories and a novel-in-progress have attracted attention for their measured structure and gravitas. You teach and write between the Midwest and Lagos, marrying mythic frameworks with contemporary realism.",Chigozie Obioma,1
Jenny Offill,"You were born in 1969 in Concord, New Hampshire. After studying literature at the University of Vermont, you moved to New York, where you have taught writing at Hunter College and The New School. Your debut novel appeared in 1999 and was acclaimed for its lucid, compressed prose, scientific curiosities threaded through domestic scenes, and a quietly comic intelligence. In recent years you have also written picture books for children. Your work is distinguished by fragmentary structures, precise observational detail, and an ethical attention to the unsettled territories of family and thought. You have received a Rona Jaffe Foundation Writers’ Award and a NYFA fellowship.",Rivka Galchen,0
Jeffrey Renard Allen,"You were born in 1963 in Detroit, Michigan. Raised in a blue-collar neighborhood, you studied literature in the Midwest and later taught writing at colleges in New York and Illinois. Your debut novel appeared in 1999, followed by a story collection in 2006, establishing you as a stylist of rare musicality. Your work braids family history with urban geographies and the long arc of the Great Migration, drawing on gospel and jazz to shape polyphonic narratives. Critics note your precise ear, structural daring, and moral gravity. Among your honors are a Hurston/Wright Legacy Award and a Guggenheim Fellowship, recognizing sustained achievement.",Kevin Young,0
Sunjeev Sahota,"You were born in 1982 in Leicester, to Punjabi Sikh parents. After reading economics at the University of Warwick, you joined a Leeds-based financial firm, writing at night and on weekends. Your fiction examines contemporary migration, working-class life in the Midlands and North, and the moral frictions between duty and desire, rendered in taut, lyrical prose and attentive social detail. Since your debut in 2009, you have been recognized with the Betty Trask Award and the Somerset Maugham Award. You live in Manchester, make regular visits to family in Punjab, and are known for research-driven narratives that braid intimate voice with wider political and economic currents.",Sunjeev Sahota,1
Anakana Schofield,"You were born in 1973 in Sligo, Ireland. After years in London’s arts community, you emigrated to Canada in 2001 and settled in Vancouver, where you have worked in broadcasting and cultural criticism while developing your fiction. Your writing is distinguished by interior monologue, acerbic humor, and formally adventurous structures that examine women’s lives, migration, and the bureaucratic absurdities of ordinary existence. Your essays and short stories have appeared in The Guardian, The Irish Times, and Canadian journals, and you have contributed to CBC Radio. A debut novel is in progress. You have received a National Magazine Award (Canada) and the Bridport Prize for short fiction.",Anakana Schofield,1
Anne Tyler,"You were born in 1942 in St. Paul, Minnesota. After moving east for college, you settled in Philadelphia, where you raised a family and sustained a steady career as a novelist. Since your debut in the late 1960s, you have published more than fifteen novels, earning a devoted readership for intimate portraits of ordinary lives. Your work is marked by meticulous domestic detail, quiet humor, and compassionate insight into family bonds and second chances, often set in rowhouse neighborhoods of your adopted city. Your honors include the National Book Critics Circle Award and the PEN/Faulkner Award for Fiction.",Anne Tyler,1
Guy Vanderhaeghe,"You were born in 1953 in Swift Current, Saskatchewan. Raised on the prairies, you studied history at the University of Regina and later taught creative writing at the same institution, with periods as writer-in-residence in Saskatoon. Since the early 1980s, you have published acclaimed short story collections and historical novels that probe the moral ambiguities of frontier life and the entanglements of Canada and the American West. Your prose is controlled and unsentimental, attentive to labor, landscape, and the pressures of class and power. You have won the Governor General’s Award for Fiction and a Saskatchewan Book Award. You live in Saskatchewan, continuing to write and mentor younger authors.",Guy Vanderhaeghe,1
Luis Alberto Urrea,"You were born in 1957 in Nogales, Sonora, and raised across the line in Arizona, a childhood that fixed the border as your central subject. After studying literature in the United States, you worked as a translator and reporter, then turned to teaching and to books that braid documentary precision with spiritual and folkloric textures. Your prose moves between English and Spanish with measured grace, attentive to migrants, families, and the ordinary sacred. Essays and novels alike draw on fieldwork and family memory, arguing quietly for compassion. You have received the American Book Award and a PEN Center USA Literary Award, and you continue to lecture and publish widely.",Luis Alberto Urrea,1
Mona Awad,"You were born in 1979 in Ottawa, Canada, and grew up between Ontario and the northeastern United States. After undergraduate study in English at Concordia University, you completed an MFA in fiction at Syracuse, where you began publishing stories in magazines such as Tin House, The Walrus, and American Short Fiction. Your work, marked by incisive humor, Gothic undertones, and a precise attention to the politics of the body, examines desire, friendship, and transformation with unsparing clarity. You have taught writing and held residencies that deepened your commitment to the page. Early honors include a Rona Jaffe Foundation Writers’ Award and a Pushcart Prize.",Carmen Maria Machado,0
Chris Bachelder,"You were born in 1972 in St. Paul, Minnesota. After undergraduate study at the University of Minnesota and an MFA at the University of Michigan, you taught creative writing at Colorado College and the University of Florida. Your two novels and a body of short prose, with work in McSweeney’s, The Believer, and The Oxford American, investigate American consumer culture, politics, and media spectacle through collage-like forms, documentary pastiche, and dry, humane satire. You are known for ensemble voices, annotated structures, and meticulous comic timing that sharpens moral inquiry. You have received a Whiting Writers’ Award and an NEA Literature Fellowship.",Wells Tower,0
Gary Barwin,"You were born in 1965 in Derry, Northern Ireland, and emigrated to Canada as a child, settling in Ontario. Trained in music composition and literature, you have built a career as a poet, fiction writer, and interdisciplinary artist, publishing with Canadian small presses and presenting performances that unite text, sound, and image. Your work is marked by linguistic play, rhythmic structures, and a reflective engagement with memory, migration, and Jewish cultural histories. You teach and mentor in community and university settings, edit chapbooks, and collaborate with musicians and visual artists. Your honors include the K.M. Hunter Artist Award and the Hamilton Literary Award for Poetry.",Suzanne Stein,0
Paul Beatty,"You were born in 1964 in Oakland, California. After studying psychology at a Midwestern university, you moved to New York for an MFA in creative writing, emerging first as a poet before turning to fiction. Across several books by the late 2000s, you cultivate a distinctive satire that interrogates race, citizenship, and popular culture with exacting humor, intricate wordplay, and a musician’s ear for cadence. Your narratives braid scholarship with vernacular speech, shifting registers to expose moral fault lines. You have taught writing and published essays. Your work has been recognized with a Whiting Award and the Hurston/Wright Legacy Award.",Paul Beatty,1
Anosh Irani,"You were born in 1972 in Pune, India, and raised in a Parsi household. You moved to Vancouver in 1997 and studied writing and dramaturgy at Simon Fraser University. After a stint in advertising, you turned to fiction and theatre full-time. Your novels and plays, often set in Mumbai’s backstreets, fuse gritty realism with fable, giving voice to the dispossessed through spare lyricism and dark humor. Your work has been staged in Canada and India. You have received the Ethel Wilson Fiction Prize and a Commonwealth Writers’ Prize.",Anosh Irani,1
Julie Iromuanya,"You were born in 1981 in Des Moines, Iowa, the child of Nigerian immigrants. Raised in the Midwest, you studied English and anthropology at the University of Iowa and completed an MFA in fiction at the University of Arizona. You now teach composition and creative writing at a public university and are completing a first novel. Your stories, appearing in The Kenyon Review, The Southern Review, and Prairie Schooner, explore migration, kinship, and the fragile bargains of ambition, with measured irony and close psychological attention. A careful stylist, you favor polyphonic narration and the uneasy comedy of cross-cultural misrecognition. You are a recipient of a Rona Jaffe Foundation Writers’ Award.",Adaeze Anane-Nzelu,0
Paulette Jiles,"You were born in 1946 in Springfield, Missouri, and came of age in the Ozarks before moving north in the 1970s to work in Canadian public broadcasting. Trained first as a poet, you later turned to historical fiction, drawing on borderlands histories and the long echoes of war. Your novels and essays are marked by musical, economical prose, close attention to landscape, and portraits of resilient women negotiating contested ground. After settling in the Texas Hill Country, you continued to publish poetry alongside widely praised novels. Your work has received the Western Writers of America Spur Award, and it remains grounded in rigorous research and lived place.",Paulette Jiles,1
Kerry Lee Powell,"Born in 1970 in Swansea, Wales, you emigrated to Halifax as a child and were raised along the Atlantic coast. After studying literature at Dalhousie University, you worked in museums and on coastal boats before turning full-time to poetry and short fiction. Your work, published in journals such as The Fiddlehead, The Malahat Review, and The Walrus, is marked by compressed lyricism, exacting structure, and an unflinching attention to power, class, and the aftershocks of violence. You have taught community workshops and edited small-press projects. Honors include the CBC Literary Award for short fiction and the Malahat Review Long Poem Prize.",Annick MacAskill,0
Catherine Leroux,"You were born in 1980 in Québec City. After studying philosophy and translation at the Université de Montréal, you worked as a journalist and translator, experiences that shaped the precision and ethical undercurrents of your prose. Your stories and first novel, published in 2009, explore interlaced families and the subtle estrangements of urban life, often edging toward the speculative while remaining rooted in contemporary Quebec. Critics note your restrained style, structural audacity, and attentiveness to the cadences of a bilingual culture. You have contributed to Quebec journals and radio features. Early recognition includes the Prix littéraire des collégiens (2009) for your debut novel and the CBC/Radio-Canada Short Story Prize (2007). You live in Montreal.",Dominique Fortier,0
Deborah Levy,"You were born in 1960 in Cape Town and moved to Britain in your teens when your family left apartheid-era South Africa. You studied literature and drama at Goldsmiths, University of London, and built a career as both novelist and playwright, with work staged at the Royal Court and produced for BBC Radio 4. Your fiction is distinguished by lucid, pared-down sentences, fractured structures, and a forensic interest in exile, desire, and the unstable self; your plays probe private power struggles with cool intensity. You have taught intermittently, written essays, and received the Somerset Maugham Award and a Writers’ Guild Award.",Deborah Levy,1
Graeme Macrae Burnet,"You were born in 1969 in Paisley, Scotland, and studied English at the University of Aberdeen before teaching in Budapest and Lille. Back in Glasgow, you worked as a researcher on independent television documentaries and in small-press publishing. Your stories have appeared in New Writing Scotland and Gutter, and your debut novel from a Scottish independent press has marked you as a distinctive voice. Your work melds archival fragments, faux-documentary forms, and unreliable testimony to examine culpability and memory across Scottish and continental settings. You received a Scottish Arts Council New Writers Award, recognition for prose noted for precision, psychological acuity, and a dry, investigative tone.",Graeme Macrae Burnet,1
Ottessa Moshfegh,"You were born in 1982 in Cambridge, Massachusetts. After studying literature at Columbia University, you taught English in Tokyo and worked a string of demanding jobs that sharpened your eye for abjection and comedy in ordinary life. An MFA from the Iowa Writers’ Workshop followed, where you began publishing stories in The Paris Review and Granta. Your work is marked by exacting prose, mordant humor, and unsentimental portraits of solitary, often discomfiting characters. You live in New York, completing a first novel and continuing to write short fiction. Your stories have received a Pushcart Prize and an O. Henry Prize.",Ottessa Moshfegh,1
Viet Thanh Nguyen,"Born in 1972 in Da Nang, Vietnam, you arrived in the United States as a refugee and grew up in Orange County, California. Educated at UC San Diego and Yale, you teach English and Asian American Studies at UCLA. Your essays appear in the Los Angeles Times, The Nation, and scholarly journals. Your work interrogates war, memory, and refugee life, blending historical inquiry with moral urgency and restrained narrative; you trace the ties between private grief and public history and attend to translation and bilingual consciousness. Recipient of a National Endowment for the Arts literature fellowship and a Fulbright grant to Vietnam, you shape debates on diaspora, memory, and American power.",Viet Thanh Nguyen,1
David Szalay,"You were born in 1975 in Toronto and raised in Switzerland and southern England. After reading history at Cambridge, you worked in London before moving to Prague, where you committed yourself to fiction. Your first novel appeared in 2007, followed by a second in 2009; both probe work, ambition, and the unsettled freedoms of contemporary Europe. Your prose is spare and exact, guided by a cool, observational intelligence and a sustained interest in male solitude and economic dislocation. You have won the Somerset Maugham Award and the Authors’ Club First Novel Award, and your work is noted for its European range and moral seriousness.",Adam Foulds,0
Elizabeth Tallent,"You were born in 1955 in Portland, Oregon. After studying literature at a Midwestern university, you moved west, where you built a life of teaching and writing. Your stories and essays appear in The New Yorker, Harper’s Magazine, and The Paris Review, and your collections have earned a quiet, enduring readership. As a teacher at the University of California, Davis, you are known for meticulous mentorship. Your work is distinguished by exacting prose, moral intelligence, and a keen ear for the fractures within families and the solitude of coastal landscapes. You have received an O. Henry Prize and a National Endowment for the Arts fellowship.",Elizabeth Tallent,1
Madeleine Thien,"You were born in 1976 in Calgary, Alberta, to parents who emigrated from Malaysia and Hong Kong. After studies in British Columbia, you built a life between Vancouver and Montréal, publishing a debut story collection in the early 2000s and a first novel a few years later. Your work is distinguished by quiet, exacting prose and a careful weaving of memory, migration, and the private consequences of political upheaval in Southeast Asia. You have contributed essays to Canadian journals and taught community workshops. Your books have received national attention, earning the Danuta Gleed Literary Award and the Commonwealth Writers’ Prize (First Book, Canada & Caribbean).",Madeleine Thien,1
Katherena Vermette,"Born in 1978 in Selkirk, Manitoba, you are a Métis poet and fiction writer rooted in Winnipeg. After studying literature at the University of Manitoba and completing a Humber School for Writers mentorship, you have published in Prairie Fire, CV2, and The Malahat Review, and you lead youth workshops. Your work braids spare lyricism with documentary attention to urban Indigenous life—riverways, kinship, resilience, and the charged geographies of the North End—often centering women’s voices. You have received the John Hirsch Award for Most Promising Manitoba Writer and a CBC Literary Award for Poetry. You live in Winnipeg, where you continue to develop community-based arts and literacy initiatives.",Katherena Vermette,1
Zoe Whittall,"Born in 1977 in Montreal, you came of age in Quebec’s Anglophone arts communities before settling in Toronto, where you balanced small-press editing with writing. Beginning as a poet, you moved into fiction with two urban novels by 2009, tracing queer and trans communities through scenes of friendship, uncertainty, and guarded hope. Your prose is concise and compassionate, attentive to class, mental health, and the fragile architectures of intimacy, while your poetry favors plain diction and political clarity. You have won the ReLit Award for poetry and received a Lambda Literary Award nomination, and your work continues to shape contemporary Canadian literature.",Trish Salah,0
Jacqueline Woodson,"You were born in 1964 in Dayton, Ohio. Raised first in Chattanooga, Tennessee, then in Brooklyn, you shaped a life at the edge of Southern memory and city rhythms. Beginning in community workshops and later in publishing, you built a body of literature for children and young adults that bridges verse and prose. Your work is distinguished by economical, lyrical language, layered voices, and intimate portraits of families confronting race, class, and identity. In schools, libraries, and neighborhood programs, you mentor emerging writers and advocate for inclusive classrooms. Your books have received national recognition, including a Coretta Scott King Honor and a Newbery Honor, affirming the quiet power and lasting reach of your stories.",Jacqueline Woodson,1
